No_nota   ,Tip_not      ,Fecha     ,Cve_factu,No_fac    ,Tot_nota            ,Saldo               ,Nom_cte                                                                                                                                                                                                                                                       ,No_cliente,No_estado ,Iva                 ,Ieps                ,Retisrcre           ,Retiva_not          ,Impto1              ,Impto2              ,Timpto1,Timpto2,Otrosimptos,Subtotal            ,Descuento           ,Cve_mon   ,Des_mon                                                                         ,Tip_cam   ,Cve_age,Nom_age                                 ,Cve_ncre    ,Cve_mov   ,Num_cuenta,Afeban,No_ped    ,Suc_ped,No_rem    ,Suc_rem,Cse_prod  ,Cve_prod            ,Desc_prod                               ,New_med,Unidad,Cantidad            ,Valor_prod          ,Dcto1       ,Dcto2       ,Costo_prom          ,Lote                          ,Ref_lote                 ,Desc_med                                ,Lote_ext001                   
N71       ,Dev. Just.   ,13/09/2022,XAN      ,80,4898.448,0,FARMACIA GUADALAJARA                                                                                                                                                                                                                                          ,3,Pagada    ,675.648,0,0,0,0,0,0,0,0,4222.8,0,1,PESOS                                                                           ,19.9027,1,AGENTE SUPERVISOR                       ,            ,0,0,F     ,0,       ,0,       ,MARCA PROP,51PLCR01            ,C-REVITAL CAJA C/11 SOBRES DE 9 g C/U   ,V99    ,PIEZA ,72,58.65,0,0,0,22B041                        ,                         ,                                        ,
N72       ,Dev. Just.   ,13/09/2022,XAN      ,81,8164.08,0,FARMACIA GUADALAJARA                                                                                                                                                                                                                                          ,3,Pagada    ,1126.08,0,0,0,0,0,0,0,0,7038,0,1,PESOS                                                                           ,19.9027,1,AGENTE SUPERVISOR                       ,            ,0,0,F     ,0,       ,0,       ,MARCA PROP,51PLCR01            ,C-REVITAL CAJA C/11 SOBRES DE 9 g C/U   ,V99    ,PIEZA ,120,58.65,0,0,0,22B041                        ,                         ,                                        ,
N72       ,Dev. Just.   ,13/09/2022,XAN      ,81,1728.0288,0,FARMACIA GUADALAJARA                                                                                                                                                                                                                                          ,3,Pagada    ,238.3488,0,0,0,0,0,0,0,0,1489.68,0,1,PESOS                                                                           ,19.9027,1,AGENTE SUPERVISOR                       ,            ,0,0,F     ,0,       ,0,       ,MARCA PROP,51PLCR02            ,C-REVITAL SIN AZUCAR C/11 SOBRES 9 g    ,V99    ,PIEZA ,24,62.07,0,0,0,22B043                        ,                         ,                                        ,
N73       ,Dev. Just.   ,13/09/2022,XAN      ,82,31023.504,0,FARMACIA GUADALAJARA                                                                                                                                                                                                                                          ,3,Pagada    ,4279.104,0,0,0,0,0,0,0,0,26744.4,0,1,PESOS                                                                           ,19.9027,1,AGENTE SUPERVISOR                       ,            ,0,0,F     ,0,       ,0,       ,MARCA PROP,51PLCR01            ,C-REVITAL CAJA C/11 SOBRES DE 9 g C/U   ,V99    ,PIEZA ,456,58.65,0,0,0,22B041                        ,                         ,                                        ,
N73       ,Dev. Just.   ,13/09/2022,XAN      ,82,3456.0576,0,FARMACIA GUADALAJARA                                                                                                                                                                                                                                          ,3,Pagada    ,476.6976,0,0,0,0,0,0,0,0,2979.36,0,1,PESOS                                                                           ,19.9027,1,AGENTE SUPERVISOR                       ,            ,0,0,F     ,0,       ,0,       ,MARCA PROP,51PLCR02            ,C-REVITAL SIN AZUCAR C/11 SOBRES 9 g    ,V99    ,PIEZA ,48,62.07,0,0,0,22B043                        ,                         ,                                        ,
N74       ,Dev. Just.   ,13/09/2022,XAN      ,83,19593.792,0,FARMACIA GUADALAJARA                                                                                                                                                                                                                                          ,3,Pagada    ,2702.592,0,0,0,0,0,0,0,0,16891.2,0,1,PESOS                                                                           ,19.9027,1,AGENTE SUPERVISOR                       ,            ,0,0,F     ,0,       ,0,       ,MARCA PROP,51PLCR01            ,C-REVITAL CAJA C/11 SOBRES DE 9 g C/U   ,V99    ,PIEZA ,288,58.65,0,0,0,22B041                        ,                         ,                                        ,
N75       ,Dev. Just.   ,13/09/2022,XAN      ,104,9796.896,0,FARMACIA GUADALAJARA                                                                                                                                                                                                                                          ,3,Pagada    ,1351.296,0,0,0,0,0,0,0,0,8445.6,0,1,PESOS                                                                           ,19.9027,1,AGENTE SUPERVISOR                       ,            ,0,0,F     ,0,       ,0,       ,MARCA PROP,51PLCR01            ,C-REVITAL CAJA C/11 SOBRES DE 9 g C/U   ,V99    ,PIEZA ,144,58.65,0,0,0,22B041                        ,                         ,                                        ,
N75       ,Dev. Just.   ,13/09/2022,XAN      ,104,10368.1728,0,FARMACIA GUADALAJARA                                                                                                                                                                                                                                          ,3,Pagada    ,1430.0928,0,0,0,0,0,0,0,0,8938.08,0,1,PESOS                                                                           ,19.9027,1,AGENTE SUPERVISOR                       ,            ,0,0,F     ,0,       ,0,       ,MARCA PROP,51PLCR02            ,C-REVITAL SIN AZUCAR C/11 SOBRES 9 g    ,V99    ,PIEZA ,144,62.07,0,0,0,2.20E+07,                         ,                                        ,
N87       ,Dev. Just.   ,06/10/2022,XAN      ,114,647.5584,0,FARMACIA GUADALAJARA                                                                                                                                                                                                                                          ,3,Pagada    ,89.3184,0,0,0,0,0,0,0,0,558.24,0,1,PESOS                                                                           ,19.9698,1,AGENTE SUPERVISOR                       ,            ,0,0,F     ,0,       ,0,       ,MARCA PROP,51TBCR01            ,C-REVITAL KIDS FCO 50 TABS DE 800 mg    ,V1     ,PIEZA ,24,23.26,0,0,0,22H020                        ,                         ,                                        ,
N88       ,Dev. Just.   ,06/10/2022,XAN      ,115,2590.2336,0,FARMACIA GUADALAJARA                                                                                                                                                                                                                                          ,3,Pagada    ,357.2736,0,0,0,0,0,0,0,0,2232.96,0,1,PESOS                                                                           ,19.9698,1,AGENTE SUPERVISOR                       ,            ,0,0,F     ,0,       ,0,       ,MARCA PROP,51TBCR01            ,C-REVITAL KIDS FCO 50 TABS DE 800 mg    ,V1     ,PIEZA ,96,23.26,0,0,0,22H020                        ,                         ,                                        ,
N110      ,Dev. Just.   ,06/03/2024,XAN      ,199,8418.2592,8418.26,FARMACIA GUADALAJARA                                                                                                                                                                                                                                          ,3,Emitida   ,1161.1392,0,0,0,0,0,0,0,0,7257.12,0,1,PESOS                                                                           ,16.9828,1,AGENTE SUPERVISOR                       ,            ,0,0,F     ,0,       ,0,       ,MARCA PROP,51TBCR01            ,C-REVITAL KIDS FCO 50 TABS DE 800 mg    ,V1     ,PIEZA ,312,23.26,0,0,0,22L070                        ,                         ,                                        ,
N111      ,Dev. Just.   ,18/10/2024,XAN      ,266,539.632,0,FARMACIA GUADALAJARA                                                                                                                                                                                                                                          ,3,Pagada    ,74.432,0,0,0,0,0,0,0,0,465.2,0,1,PESOS                                                                           ,19.8925,1,AGENTE SUPERVISOR                       ,            ,0,0,F     ,0,       ,0,       ,MARCA PROP,51TBCR01            ,C-REVITAL KIDS FCO 50 TABS DE 800 mg    ,V99    ,PIEZA ,20,23.26,0,0,0,24D0083                       ,                         ,                                        ,
N111      ,Dev. Just.   ,18/10/2024,XAN      ,266,107.9264,0,FARMACIA GUADALAJARA                                                                                                                                                                                                                                          ,3,Pagada    ,14.8864,0,0,0,0,0,0,0,0,93.04,0,1,PESOS                                                                           ,19.8925,1,AGENTE SUPERVISOR                       ,            ,0,0,F     ,0,       ,0,       ,MARCA PROP,51TBCR01            ,C-REVITAL KIDS FCO 50 TABS DE 800 mg    ,V99    ,PIEZA ,4,23.26,0,0,0,24A0018                       ,                         ,                                        ,
N111      ,Dev. Just.   ,18/10/2024,XAN      ,266,4082.04,0,FARMACIA GUADALAJARA                                                                                                                                                                                                                                          ,3,Pagada    ,563.04,0,0,0,0,0,0,0,0,3519,0,1,PESOS                                                                           ,19.8925,1,AGENTE SUPERVISOR                       ,            ,0,0,F     ,0,       ,0,       ,MARCA PROP,51PLCR01            ,C-REVITAL CAJA C/11 SOBRES DE 9 g C/U   ,V99    ,PIEZA ,60,58.65,0,0,0,24G027                        ,                         ,                                        ,
N115      ,Dev. Just.   ,13/11/2024,XAN      ,303,249.9075,0,LA MILPA CENTRAL NATURISTA S.A. DE C.V.                                                                                                                                                                                                                       ,187,Pagada    ,34.47,0,0,0,0,0,0,0,0,215.4375,0,1,PESOS                                                                           ,20.4502,99999,POR CLASIFICAR                          ,            ,0,0,F     ,0,       ,0,       ,LINEA     ,51PLCV01            ,C-VYM NARANJA-MANDARINA C/11 SOBRES     ,       ,PIEZA ,3,71.8125,0,0,67.028061,24J023                        ,                         ,                                        ,
N121      ,Dev. Just.   ,11/12/2024,XAN      ,368,5268.3372,0,"LEVIC, S.A. DE C.V.                                                                                                                                                                                                                                           ",281,Pagada    ,726.6672,0,0,0,0,0,0,0,0,4541.67,0,1,PESOS                                                                           ,20.1547,99999,POR CLASIFICAR                          ,            ,0,0,F     ,0,       ,0,       ,LINEA     ,51CPDG05            ,D-GELAC+FS C/30 CAPS.                   ,       ,PIEZA ,100,45.4167,0,0,1288.3332,24J0270                       ,                         ,                                        ,
N123      ,Dev. Just.   ,10/01/2025,XAN      ,410,1376.688,0,OPERADORA SUPER SOYA SA DE CV                                                                                                                                                                                                                                 ,427,Pagada    ,189.888,0,0,0,0,0,0,0,0,1186.8,0,1,PESOS                                                                           ,20.3823,2,NANCY MURILLO                           ,            ,0,0,F     ,0,       ,0,       ,LINEA     ,51TBTM01            ,TAMARIN-LX /30 CAPS.                    ,       ,PIEZA ,30,39.56,0,0,368.29308,24K0278                       ,                         ,                                        ,
N139      ,Dev. Just.   ,24/03/2025,XAN      ,593,6142.4204,0,"LEVIC, S.A. DE C.V.                                                                                                                                                                                                                                           ",281,Pagada    ,847.2304,0,0,0,0,0,0,0,0,5295.19,0,1,PESOS                                                                           ,20.1345,99999,POR CLASIFICAR                          ,            ,0,0,F     ,0,       ,0,       ,LINEA     ,51CPVT03            ,VITEM 3RA /30 CAPS.                     ,       ,PIEZA ,100,52.9519,0,0,1224.6065,25A0026                       ,                         ,                                        ,
N139      ,Dev. Just.   ,24/03/2025,XAN      ,593,2185.0398,0,"LEVIC, S.A. DE C.V.                                                                                                                                                                                                                                           ",281,Pagada    ,301.3848,0,0,0,0,0,0,0,0,1883.655,0,1,PESOS                                                                           ,20.1345,99999,POR CLASIFICAR                          ,            ,0,0,F     ,0,       ,0,       ,LINEA     ,51TBTM01            ,TAMARIN-LX /30 CAPS.                    ,       ,PIEZA ,50,37.6731,0,0,613.8218,25B0055                       ,                         ,                                        ,
N139      ,Dev. Just.   ,24/03/2025,XAN      ,593,10796.6768,0,"LEVIC, S.A. DE C.V.                                                                                                                                                                                                                                           ",281,Pagada    ,1489.1968,0,0,0,0,0,0,0,0,9307.48,0,1,PESOS                                                                           ,20.1345,99999,POR CLASIFICAR                          ,            ,0,0,F     ,0,       ,0,       ,LINEA     ,51JBNC01            ,NATUBRON CERO JARABE 240 ML             ,       ,PIEZA ,200,46.5374,0,0,2462.9136,25B0048                       ,                         ,                                        ,
N145      ,Dev. Just.   ,31/03/2025,XAN      ,639,1202.4096,0,REINVEX INTEGRA SA DE CV                                                                                                                                                                                                                                      ,372,Pagada    ,165.8496,0,0,0,0,0,0,0,0,1036.56,0,1,PESOS                                                                           ,20.4003,1,AGENTE SUPERVISOR                       ,            ,0,0,F     ,0,       ,0,       ,LINEA     ,51PLEF01            ,ELECTROLITOS FRESA 10 SOBRES            ,       ,PIEZA ,28,37.02,0,0,289.828,24F016                        ,                         ,                                        ,
N160      ,Dev. Just.   ,30/04/2025,XAN      ,639,42.9432,0,REINVEX INTEGRA SA DE CV                                                                                                                                                                                                                                      ,372,Pagada    ,5.9232,0,0,0,0,0,0,0,0,37.02,0,1,PESOS                                                                           ,19.586,1,AGENTE SUPERVISOR                       ,            ,0,0,F     ,0,       ,0,       ,LINEA     ,51PLEL01            ,ELECTROLITOS LIMON 10 SOBRES            ,       ,PIEZA ,1,37.02,0,0,10.384,24F015                        ,                         ,                                        ,
N160      ,Dev. Just.   ,30/04/2025,XAN      ,639,2404.8192,0,REINVEX INTEGRA SA DE CV                                                                                                                                                                                                                                      ,372,Pagada    ,331.6992,0,0,0,0,0,0,0,0,2073.12,0,1,PESOS                                                                           ,19.586,1,AGENTE SUPERVISOR                       ,            ,0,0,F     ,0,       ,0,       ,LINEA     ,51PLEF01            ,ELECTROLITOS FRESA 10 SOBRES            ,       ,PIEZA ,56,37.02,0,0,579.656,24F016                        ,                         ,                                        ,
N161      ,Dev. Just.   ,06/05/2025,XAN      ,671,17561.18664,0,"LEVIC, S.A. DE C.V.                                                                                                                                                                                                                                           ",281,Pagada    ,2422.23264,0,0,0,0,0,0,0,0,15138.954,0,1,PESOS                                                                           ,19.6365,99999,POR CLASIFICAR                          ,            ,0,0,F     ,0,       ,0,       ,LINEA     ,51TBPF01            ,PLENIFORM 40 /30 TABS.                  ,       ,PIEZA ,270,56.0702,0,0,2465.1,25C0092                       ,                         ,                                        ,
N165      ,Dev. Just.   ,12/05/2025,XAN      ,857,67.219448,0,SERVICIOS EN PUERTOS Y TERMINALES                                                                                                                                                                                                                             ,454,Pagada    ,9.271648,0,0,0,0,0,0,0,0,57.9478,1.7922,1,PESOS                                                                           ,19.4912,1,AGENTE SUPERVISOR                       ,            ,0,0,F     ,0,       ,0,       ,LINEA     ,51PLFX01            ,FIBOTAX 10g C/10 SOBRES                 ,       ,PIEZA ,1,59.74,0,0,21.130171,25D008                        ,                         ,                                        ,
N166      ,Dev. Just.   ,12/05/2025,XAN      ,858,67.219448,0,SERVICIOS EN PUERTOS Y TERMINALES                                                                                                                                                                                                                             ,454,Pagada    ,9.271648,0,0,0,0,0,0,0,0,57.9478,1.7922,1,PESOS                                                                           ,19.4912,1,AGENTE SUPERVISOR                       ,            ,0,0,F     ,0,       ,0,       ,LINEA     ,51PLFX01            ,FIBOTAX 10g C/10 SOBRES                 ,       ,PIEZA ,1,59.74,0,0,21.130171,25D008                        ,                         ,                                        ,
N172      ,Dev. Just.   ,16/05/2025,XAN      ,908,243600,0,KPS COMERCIALIZADORA SA DE CV                                                                                                                                                                                                                                 ,439,Pagada    ,33600,0,0,0,0,0,0,0,0,210000,0,1,PESOS                                                                           ,19.478,2,NANCY MURILLO                           ,            ,0,0,F     ,0,       ,0,       ,ANT       ,CCB-0884            ,ANTICIPO                                ,       ,ACT   ,1,210000,0,0,0,                              ,                         ,                                        ,
N175      ,Dev. Just.   ,22/05/2025,XAN      ,935,133400,0,KPS COMERCIALIZADORA SA DE CV                                                                                                                                                                                                                                 ,439,Pagada    ,18400,0,0,0,0,0,0,0,0,115000,0,1,PESOS                                                                           ,19.3198,2,NANCY MURILLO                           ,            ,0,0,F     ,0,       ,0,       ,ANT       ,CCB-0884            ,ANTICIPO                                ,       ,ACT   ,1,115000,0,0,0,                              ,                         ,                                        ,
N190      ,Dev. Just.   ,02/06/2025,XAN      ,949,3827.9304,0,SERVICIOS EN PUERTOS Y TERMINALES                                                                                                                                                                                                                             ,454,Pagada    ,527.9904,0,0,0,0,0,0,0,0,3299.94,102.06,1,PESOS                                                                           ,19.3858,1,AGENTE SUPERVISOR                       ,            ,0,0,F     ,0,       ,0,       ,MARCA PROP,51CPGMFA01          ,GLICINATO DE MAGNESIO C/30 CAPS F.A.    ,       ,PIEZA ,50,68.04,0,0,619.4605,25C039                        ,                         ,                                        ,
N197      ,Dev. Just.   ,09/06/2025,XAN      ,977,8579.505,8579.51,"LEVIC, S.A. DE C.V.                                                                                                                                                                                                                                           ",281,Emitida   ,1183.38,0,0,0,0,0,0,0,0,7396.125,0,1,PESOS                                                                           ,19.1317,99999,POR CLASIFICAR                          ,            ,0,0,F     ,0,       ,0,       ,LINEA     ,51CPVB02            ,VITABIOM Q10 /30 CAPS.                  ,       ,PIEZA ,150,49.3075,0,0,1751.700308,25D0115                       ,                         ,                                        ,
N204      ,Dev. Just.   ,20/06/2025,XAN      ,784,2609.1996,0,FARMACEUTICOS TENORIO S.A. DE C.V.                                                                                                                                                                                                                            ,69,Pagada    ,359.8896,0,0,0,0,0,0,0,0,2249.31,0,1,PESOS                                                                           ,19.0898,1,AGENTE SUPERVISOR                       ,            ,0,0,F     ,0,       ,0,       ,LINEA     ,51TBCV01            ,C-VYM CON 30 TABLETAS MASTICABLES       ,       ,PIEZA ,50,44.9862,0,0,821.075,25A0022                       ,                         ,                                        ,
N204      ,Dev. Just.   ,20/06/2025,XAN      ,784,1349.5846,0,FARMACEUTICOS TENORIO S.A. DE C.V.                                                                                                                                                                                                                            ,69,Pagada    ,186.1496,0,0,0,0,0,0,0,0,1163.435,0,1,PESOS                                                                           ,19.0898,1,AGENTE SUPERVISOR                       ,            ,0,0,F     ,0,       ,0,       ,LINEA     ,51JBNC01            ,NATUBRON CERO JARABE 240 ML             ,       ,PIEZA ,25,46.5374,0,0,307.8642,25B0053                       ,                         ,                                        ,
N206      ,Dev. Just.   ,23/06/2025,XAN      ,1031,135.125268,0,SERVICIOS EN PUERTOS Y TERMINALES                                                                                                                                                                                                                             ,454,Pagada    ,18.637968,0,0,0,0,0,0,0,0,116.4873,3.6027,1,PESOS                                                                           ,19.1458,1,AGENTE SUPERVISOR                       ,            ,0,0,F     ,0,       ,0,       ,LINEA     ,51CPKM01            ,KAMINA CAPS FCO/60 CON CAJA             ,       ,PIEZA ,1,120.09,0,0,46.76422042,25C0096                       ,                         ,                                        ,
N213      ,Dev. Just.   ,30/06/2025,XAN      ,1126,2020.14,0,"BRUDIFARMA, S.A. DE C.V.                                                                                                                                                                                                                                      ",260,Pagada    ,278.64,0,0,0,0,0,0,0,0,1741.5,0,1,PESOS                                                                           ,18.8483,99999,POR CLASIFICAR                          ,            ,0,0,F     ,0,       ,0,       ,LINEA     ,51PLKL01            ,KIDDYLAC 6 SOBRES DE 5GR C/U            ,       ,PIEZA ,50,34.83,0,0,345.7605545,2.50E+42,                         ,                                        ,
N213      ,Dev. Just.   ,30/06/2025,XAN      ,1126,2824.368,0,"BRUDIFARMA, S.A. DE C.V.                                                                                                                                                                                                                                      ",260,Pagada    ,389.568,0,0,0,0,0,0,0,0,2434.8,0,1,PESOS                                                                           ,18.8483,99999,POR CLASIFICAR                          ,            ,0,0,F     ,0,       ,0,       ,LINEA     ,51TBEX01            ,EXZON C/90 TABS.                        ,       ,PIEZA ,40,60.87,0,0,337.1630364,2.50E+72,                         ,                                        ,
N233      ,Dev. Just.   ,14/07/2025,XAN      ,1265,1823.056,0,DIFARMER                                                                                                                                                                                                                                                      ,4,Pagada    ,251.456,0,0,0,0,0,0,0,0,1571.6,0,1,PESOS                                                                           ,18.6595,1,AGENTE SUPERVISOR                       ,            ,0,0,F     ,0,       ,0,       ,LINEA     ,51CPKM02            ,KAMINA CAPS FCO/30 CON CAJA             ,       ,PIEZA ,40,39.29,0,0,530.1607108,25F0162                       ,                         ,                                        ,
N234      ,Dev. Just.   ,14/07/2025,XAN      ,1265,4137.14,0,DIFARMER                                                                                                                                                                                                                                                      ,4,Pagada    ,570.64,0,0,0,0,0,0,0,0,3566.5,0,1,PESOS                                                                           ,18.6595,1,AGENTE SUPERVISOR                       ,            ,0,0,F     ,0,       ,0,       ,LINEA     ,51CPBD01            ,BIODIOLA FCO C/30 CAPS PT               ,       ,PIEZA ,50,71.33,0,0,935.3400265,25F0154                       ,                         ,                                        ,
N235      ,Dev. Just.   ,14/07/2025,XAN      ,1076,14610.432,0,"FARMIRAL, S.A. DE C.V.                                                                                                                                                                                                                                        ",1,Pagada    ,2015.232,0,0,0,0,0,0,0,0,12595.2,0,1,PESOS                                                                           ,18.6595,1,AGENTE SUPERVISOR                       ,            ,0,0,F     ,0,       ,0,       ,LINEA     ,51CPDG05            ,D-GELAC+FS C/30 CAPS.                   ,       ,PIEZA ,984,12.8,0,0,25893.98534,25C0082                       ,                         ,                                        ,
N241      ,Dev. Just.   ,17/07/2025,XAN      ,1060,713.6784,0,"FARMIRAL, S.A. DE C.V.                                                                                                                                                                                                                                        ",1,Pagada    ,98.4384,0,0,0,0,0,0,0,0,615.24,0,1,PESOS                                                                           ,18.8397,1,AGENTE SUPERVISOR                       ,            ,0,0,F     ,0,       ,0,       ,LINEA     ,51PLFX04            ,FIBOTAX 10g C/30 SOBRES                 ,       ,PIEZA ,12,51.27,0,0,559.1413544,2.50E+68,                         ,                                        ,
N255      ,Dev. Just.   ,22/07/2025,XAN      ,1254,8033,0,"LEVIC, S.A. DE C.V.                                                                                                                                                                                                                                           ",281,Pagada    ,1108,0,0,0,0,0,0,0,0,6925,0,1,PESOS                                                                           ,18.6455,99999,POR CLASIFICAR                          ,            ,0,0,F     ,0,       ,0,       ,LINEA     ,51CPBD01            ,BIODIOLA FCO C/30 CAPS PT               ,       ,PIEZA ,100,69.25,0,0,1870.680053,25F0154                       ,                         ,                                        ,
N256      ,Dev. Just.   ,22/07/2025,XAN      ,1268,14161.28,0,"LEVIC, S.A. DE C.V.                                                                                                                                                                                                                                           ",281,Pagada    ,1953.28,0,0,0,0,0,0,0,0,12208,0,1,PESOS                                                                           ,18.6455,99999,POR CLASIFICAR                          ,            ,0,0,F     ,0,       ,0,       ,LINEA     ,51CPKM02            ,KAMINA CAPS FCO/30 CON CAJA             ,       ,PIEZA ,320,38.15,0,0,4241.285686,25F0162                       ,                         ,                                        ,
N257      ,Dev. Just.   ,22/07/2025,XAN      ,1258,7080.64,0,"LEVIC, S.A. DE C.V.                                                                                                                                                                                                                                           ",281,Pagada    ,976.64,0,0,0,0,0,0,0,0,6104,0,1,PESOS                                                                           ,18.6455,99999,POR CLASIFICAR                          ,            ,0,0,F     ,0,       ,0,       ,LINEA     ,51CPKM02            ,KAMINA CAPS FCO/30 CON CAJA             ,       ,PIEZA ,160,38.15,0,0,2120.642843,25F0162                       ,                         ,                                        ,
N257      ,Dev. Just.   ,22/07/2025,XAN      ,1258,4016.5,0,"LEVIC, S.A. DE C.V.                                                                                                                                                                                                                                           ",281,Pagada    ,554,0,0,0,0,0,0,0,0,3462.5,0,1,PESOS                                                                           ,18.6455,99999,POR CLASIFICAR                          ,            ,0,0,F     ,0,       ,0,       ,LINEA     ,51CPBD01            ,BIODIOLA FCO C/30 CAPS PT               ,       ,PIEZA ,50,69.25,0,0,935.3400265,25F0154                       ,                         ,                                        ,
N258      ,Dev. Just.   ,22/07/2025,XAN      ,1257,4016.5,0,"LEVIC, S.A. DE C.V.                                                                                                                                                                                                                                           ",281,Pagada    ,554,0,0,0,0,0,0,0,0,3462.5,0,1,PESOS                                                                           ,18.6455,99999,POR CLASIFICAR                          ,            ,0,0,F     ,0,       ,0,       ,LINEA     ,51CPBD01            ,BIODIOLA FCO C/30 CAPS PT               ,       ,PIEZA ,50,69.25,0,0,935.3400265,25F0154                       ,                         ,                                        ,
N266      ,Dev. Just.   ,24/07/2025,XAN      ,1262,4137.14,0,DIFARMER                                                                                                                                                                                                                                                      ,4,Pagada    ,570.64,0,0,0,0,0,0,0,0,3566.5,0,1,PESOS                                                                           ,18.5735,1,AGENTE SUPERVISOR                       ,            ,0,0,F     ,0,       ,0,       ,LINEA     ,51CPBD01            ,BIODIOLA FCO C/30 CAPS PT               ,       ,PIEZA ,50,71.33,0,0,935.3400265,25F0154                       ,                         ,                                        ,
N273      ,Dev. Just.   ,31/07/2025,XAN      ,1411,1443.504,0,"FARMIRAL, S.A. DE C.V.                                                                                                                                                                                                                                        ",1,Pagada    ,199.104,0,0,0,0,0,0,0,0,1244.4,0,1,PESOS                                                                           ,18.796,1,AGENTE SUPERVISOR                       ,            ,0,0,F     ,0,       ,0,       ,LINEA     ,51PLFX04            ,FIBOTAX 10g C/30 SOBRES                 ,       ,PIEZA ,24,51.85,0,0,1226.90637,25F109                        ,                         ,                                        ,
N276      ,Dev. Just.   ,31/07/2025,XAN      ,1456,827.67856,0,REINVEX INTEGRA SA DE CV                                                                                                                                                                                                                                      ,372,Pagada    ,114.16256,0,0,0,0,0,0,0,0,713.516,0,1,PESOS                                                                           ,18.796,1,AGENTE SUPERVISOR                       ,            ,0,0,F     ,0,       ,0,       ,LINEA     ,51PLCL01            ,COLAGENER 3 PEPINO-LIMON 150 G PT       ,       ,PIEZA ,8,89.1895,0,0,72.03924,2.50E+65,                         ,                                        ,
N276      ,Dev. Just.   ,31/07/2025,XAN      ,1456,12284.4,0,REINVEX INTEGRA SA DE CV                                                                                                                                                                                                                                      ,372,Pagada    ,1694.4,0,0,0,0,0,0,0,0,10590,0,1,PESOS                                                                           ,18.796,1,AGENTE SUPERVISOR                       ,            ,0,0,F     ,0,       ,0,       ,LINEA     ,51CPVT03            ,VITEM 3RA /30 CAPS.                     ,       ,PIEZA ,200,52.95,0,0,869.522774,25D0108                       ,                         ,                                        ,
N286      ,Dev. Just.   ,11/08/2025,XAN      ,1555,17159.01,0,REINVEX INTEGRA SA DE CV                                                                                                                                                                                                                                      ,372,Pagada    ,2366.76,0,0,0,0,0,0,0,0,14792.25,0,1,PESOS                                                                           ,18.5518,1,AGENTE SUPERVISOR                       ,            ,0,0,F     ,0,       ,0,       ,LINEA     ,51CPVB02            ,VITABIOM Q10 /30 CAPS.                  ,       ,PIEZA ,300,49.3075,0,0,1326.68319,25F0174                       ,                         ,                                        ,
N315      ,Dev. Just.   ,20/08/2025,XAN      ,1705,490.000008,0,CEGRAPRINT                                                                                                                                                                                                                                                    ,460,Pagada    ,67.586208,0,0,0,0,0,0,0,0,422.4138,0,1,PESOS                                                                           ,18.7982,1,AGENTE SUPERVISOR                       ,            ,0,0,F     ,0,       ,0,       ,LINEA     ,51CPDL01            ,DIALAVIT CAJA C/30 CAPS                 ,       ,PIEZA ,2,211.2069,0,0,87.28825952,25B0044                       ,                         ,                                        ,
N315      ,Dev. Just.   ,20/08/2025,XAN      ,1705,98.9944,0,CEGRAPRINT                                                                                                                                                                                                                                                    ,460,Pagada    ,13.6544,0,0,0,0,0,0,0,0,85.34,0,1,PESOS                                                                           ,18.7982,1,AGENTE SUPERVISOR                       ,            ,0,0,F     ,0,       ,0,       ,LINEA     ,51CPDG05            ,D-GELAC+FS C/30 CAPS.                   ,       ,PIEZA ,1,85.34,0,0,28.3664697,25D0107                       ,                         ,                                        ,
N328      ,Dev. Just.   ,25/08/2025,XAN      ,1703,5405.01072,0,SERVICIOS EN PUERTOS Y TERMINALES                                                                                                                                                                                                                             ,454,Pagada    ,745.51872,0,0,0,0,0,0,0,0,4659.492,144.108,1,PESOS                                                                           ,18.595,1,AGENTE SUPERVISOR                       ,            ,0,0,F     ,0,       ,0,       ,LINEA     ,51CPKM01            ,KAMINA CAPS FCO/60 CON CAJA             ,       ,PIEZA ,40,120.09,0,0,897.1437136,25F0163                       ,                         ,                                        ,
N371      ,Dev. Just.   ,22/09/2025,XAN      ,1827,6209.4162,0,PHARMA AMIGO SA DE CV                                                                                                                                                                                                                                         ,373,Pagada    ,856.4712,0,0,0,0,0,0,0,0,5352.945,165.555,1,PESOS                                                                           ,18.3892,99999,POR CLASIFICAR                          ,            ,0,0,F     ,0,       ,0,       ,LINEA     ,51TBBF02            ,BIOFOLIC 400 / 60 TABS.                 ,       ,PIEZA ,150,36.79,0,0,894.7968555,25G0182                       ,                         ,                                        ,
N371      ,Dev. Just.   ,22/09/2025,XAN      ,1827,7895.5284,0,PHARMA AMIGO SA DE CV                                                                                                                                                                                                                                         ,373,Pagada    ,1089.0384,0,0,0,0,0,0,0,0,6806.49,210.51,1,PESOS                                                                           ,18.3892,99999,POR CLASIFICAR                          ,            ,0,0,F     ,0,       ,0,       ,LINEA     ,51CPDG05            ,D-GELAC+FS C/30 CAPS.                   ,       ,PIEZA ,150,46.78,0,0,1894.866723,25H0195                       ,                         ,                                        ,
N371      ,Dev. Just.   ,22/09/2025,XAN      ,1827,19177.45872,0,PHARMA AMIGO SA DE CV                                                                                                                                                                                                                                         ,373,Pagada    ,2645.16672,0,0,0,0,0,0,0,0,16532.292,511.308,1,PESOS                                                                           ,18.3892,99999,POR CLASIFICAR                          ,            ,0,0,F     ,0,       ,0,       ,LINEA     ,51TBEX01            ,EXZON C/90 TABS.                        ,       ,PIEZA ,280,60.87,0,0,6894.160417,25G044                        ,                         ,                                        ,
N371      ,Dev. Just.   ,22/09/2025,XAN      ,1827,14425.6266,0,PHARMA AMIGO SA DE CV                                                                                                                                                                                                                                         ,373,Pagada    ,1989.7416,0,0,0,0,0,0,0,0,12435.885,384.615,1,PESOS                                                                           ,18.3892,99999,POR CLASIFICAR                          ,            ,0,0,F     ,0,       ,0,       ,LINEA     ,51TBPF01            ,PLENIFORM 40 /30 TABS.                  ,       ,PIEZA ,222,57.75,0,0,1925.085048,25H0193                       ,                         ,                                        ,
N371      ,Dev. Just.   ,22/09/2025,XAN      ,1827,18875.7926,0,PHARMA AMIGO SA DE CV                                                                                                                                                                                                                                         ,373,Pagada    ,2603.5576,0,0,0,0,0,0,0,0,16272.235,503.265,1,PESOS                                                                           ,18.3892,99999,POR CLASIFICAR                          ,            ,0,0,F     ,0,       ,0,       ,LINEA     ,51JBNC01            ,NATUBRON CERO JARABE 240 ML             ,       ,PIEZA ,350,47.93,0,0,4717.797336,25F0172                       ,                         ,                                        ,
N371      ,Dev. Just.   ,22/09/2025,XAN      ,1827,6548.664,0,PHARMA AMIGO SA DE CV                                                                                                                                                                                                                                         ,373,Pagada    ,903.264,0,0,0,0,0,0,0,0,5645.4,174.6,1,PESOS                                                                           ,18.3892,99999,POR CLASIFICAR                          ,            ,0,0,F     ,0,       ,0,       ,LINEA     ,51TBTM01            ,TAMARIN-LX /30 CAPS.                    ,       ,PIEZA ,150,38.8,0,0,1571.004387,25H0194                       ,                         ,                                        ,
N394      ,Dev. Just.   ,01/10/2025,XAN      ,1899,1443.504,0,"FARMIRAL, S.A. DE C.V.                                                                                                                                                                                                                                        ",1,Pagada    ,199.104,0,0,0,0,0,0,0,0,1244.4,0,1,PESOS                                                                           ,18.3342,1,AGENTE SUPERVISOR                       ,            ,0,0,F     ,0,       ,0,       ,LINEA     ,51PLFX04            ,FIBOTAX 10g C/30 SOBRES                 ,       ,PIEZA ,24,51.85,0,0,1253.446871,25H016                        ,                         ,                                        ,
N398      ,Dev. Just.   ,02/10/2025,XAN      ,2235,4949.72,0,SERVICIOS COMERCIALES AMAZON MEXICO                                                                                                                                                                                                                           ,459,Pagada    ,682.72,0,0,0,0,0,0,0,0,4267,0,1,PESOS                                                                           ,18.3477,1,AGENTE SUPERVISOR                       ,            ,0,0,F     ,0,       ,0,       ,LINEA     ,51CPDG05            ,D-GELAC+FS C/30 CAPS.                   ,       ,PIEZA ,50,85.34,0,0,482.794064,25H0203                       ,                         ,                                        ,
N398      ,Dev. Just.   ,02/10/2025,XAN      ,2235,14450.12,0,SERVICIOS COMERCIALES AMAZON MEXICO                                                                                                                                                                                                                           ,459,Pagada    ,1993.12,0,0,0,0,0,0,0,0,12457,0,1,PESOS                                                                           ,18.3477,1,AGENTE SUPERVISOR                       ,            ,0,0,F     ,0,       ,0,       ,LINEA     ,51CPBD02            ,BIODIOLA FCO C/60 CAPS PT               ,       ,PIEZA ,50,249.14,0,0,1015.192835,25D0116                       ,                         ,                                        ,
N398      ,Dev. Just.   ,02/10/2025,XAN      ,2235,3225.09,0,SERVICIOS COMERCIALES AMAZON MEXICO                                                                                                                                                                                                                           ,459,Pagada    ,444.84,0,0,0,0,0,0,0,0,2780.25,0,1,PESOS                                                                           ,18.3477,1,AGENTE SUPERVISOR                       ,            ,0,0,F     ,0,       ,0,       ,LINEA     ,51JBNC01            ,NATUBRON CERO JARABE 240 ML             ,       ,PIEZA ,25,111.21,0,0,360.6979953,25F0171                       ,                         ,                                        ,
N398      ,Dev. Just.   ,02/10/2025,XAN      ,2235,6316.2,0,SERVICIOS COMERCIALES AMAZON MEXICO                                                                                                                                                                                                                           ,459,Pagada    ,871.2,0,0,0,0,0,0,0,0,5445,0,1,PESOS                                                                           ,18.3477,1,AGENTE SUPERVISOR                       ,            ,0,0,F     ,0,       ,0,       ,LINEA     ,51TBCV01            ,C-VYM CON 30 TABLETAS MASTICABLES       ,       ,PIEZA ,50,108.9,0,0,644.754718,25H0198                       ,                         ,                                        ,
N398      ,Dev. Just.   ,02/10/2025,XAN      ,2235,8249.92,0,SERVICIOS COMERCIALES AMAZON MEXICO                                                                                                                                                                                                                           ,459,Pagada    ,1137.92,0,0,0,0,0,0,0,0,7112,0,1,PESOS                                                                           ,18.3477,1,AGENTE SUPERVISOR                       ,            ,0,0,F     ,0,       ,0,       ,LINEA     ,51PLCV03            ,C-VYM CERO AZUCAR C/11 SOBRES           ,       ,PIEZA ,50,142.24,0,0,885.719083,25F121                        ,                         ,                                        ,
N398      ,Dev. Just.   ,02/10/2025,XAN      ,2235,8900.1,0,SERVICIOS COMERCIALES AMAZON MEXICO                                                                                                                                                                                                                           ,459,Pagada    ,1227.6,0,0,0,0,0,0,0,0,7672.5,0,1,PESOS                                                                           ,18.3477,1,AGENTE SUPERVISOR                       ,            ,0,0,F     ,0,       ,0,       ,LINEA     ,51CPDG06            ,D-GELAC+FS C/60 CAPS.                   ,       ,PIEZA ,50,153.45,0,0,1049.518505,25H0195                       ,                         ,                                        ,
N398      ,Dev. Just.   ,02/10/2025,XAN      ,2235,7950.06,0,SERVICIOS COMERCIALES AMAZON MEXICO                                                                                                                                                                                                                           ,459,Pagada    ,1096.56,0,0,0,0,0,0,0,0,6853.5,0,1,PESOS                                                                           ,18.3477,1,AGENTE SUPERVISOR                       ,            ,0,0,F     ,0,       ,0,       ,LINEA     ,51CPBD01            ,BIODIOLA FCO C/30 CAPS PT               ,       ,PIEZA ,50,137.07,0,0,924.8981625,25F0154                       ,                         ,                                        ,
N398      ,Dev. Just.   ,02/10/2025,XAN      ,2235,7499.98,0,SERVICIOS COMERCIALES AMAZON MEXICO                                                                                                                                                                                                                           ,459,Pagada    ,1034.48,0,0,0,0,0,0,0,0,6465.5,0,1,PESOS                                                                           ,18.3477,1,AGENTE SUPERVISOR                       ,            ,0,0,F     ,0,       ,0,       ,LINEA     ,51TBTM05            ,TAMARIN-LX /45 CAPS.                    ,       ,PIEZA ,50,129.31,0,0,696.5026845,25H0209                       ,                         ,                                        ,
N398      ,Dev. Just.   ,02/10/2025,XAN      ,2235,4000.26,0,SERVICIOS COMERCIALES AMAZON MEXICO                                                                                                                                                                                                                           ,459,Pagada    ,551.76,0,0,0,0,0,0,0,0,3448.5,0,1,PESOS                                                                           ,18.3477,1,AGENTE SUPERVISOR                       ,            ,0,0,F     ,0,       ,0,       ,LINEA     ,51TBBF02            ,BIOFOLIC 400 / 60 TABS.                 ,       ,PIEZA ,50,68.97,0,0,295.189465,25I0236                       ,                         ,                                        ,
N398      ,Dev. Just.   ,02/10/2025,XAN      ,2235,5750.12,0,SERVICIOS COMERCIALES AMAZON MEXICO                                                                                                                                                                                                                           ,459,Pagada    ,793.12,0,0,0,0,0,0,0,0,4957,0,1,PESOS                                                                           ,18.3477,1,AGENTE SUPERVISOR                       ,            ,0,0,F     ,0,       ,0,       ,LINEA     ,51TBCG01            ,COLAGENER C/60 TABS.                    ,       ,PIEZA ,50,99.14,0,0,549.91995,25B0042                       ,                         ,                                        ,
N398      ,Dev. Just.   ,02/10/2025,XAN      ,2235,5960.08,0,SERVICIOS COMERCIALES AMAZON MEXICO                                                                                                                                                                                                                           ,459,Pagada    ,822.08,0,0,0,0,0,0,0,0,5138,0,1,PESOS                                                                           ,18.3477,1,AGENTE SUPERVISOR                       ,            ,0,0,F     ,0,       ,0,       ,LINEA     ,51TBEX01            ,EXZON C/90 TABS.                        ,       ,PIEZA ,40,128.45,0,0,826.2915,25H097                        ,                         ,                                        ,
N398      ,Dev. Just.   ,02/10/2025,XAN      ,2235,12000.2,0,SERVICIOS COMERCIALES AMAZON MEXICO                                                                                                                                                                                                                           ,459,Pagada    ,1655.2,0,0,0,0,0,0,0,0,10345,0,1,PESOS                                                                           ,18.3477,1,AGENTE SUPERVISOR                       ,            ,0,0,F     ,0,       ,0,       ,LINEA     ,51TBME01            ,MEM-EH C/30 TABS                        ,       ,PIEZA ,100,103.45,0,0,812.569318,25H0202                       ,                         ,                                        ,
N398      ,Dev. Just.   ,02/10/2025,XAN      ,2235,5679.824,0,SERVICIOS COMERCIALES AMAZON MEXICO                                                                                                                                                                                                                           ,459,Pagada    ,783.424,0,0,0,0,0,0,0,0,4896.4,0,1,PESOS                                                                           ,18.3477,1,AGENTE SUPERVISOR                       ,            ,0,0,F     ,0,       ,0,       ,LINEA     ,51PLCV01            ,C-VYM NARANJA-MANDARINA C/11 SOBRES     ,       ,PIEZA ,40,122.41,0,0,887.1788944,25F122                        ,                         ,                                        ,
N424      ,Dev. Just.   ,13/10/2025,XAN      ,1899,12991.536,0,"FARMIRAL, S.A. DE C.V.                                                                                                                                                                                                                                        ",1,Pagada    ,1791.936,0,0,0,0,0,0,0,0,11199.6,0,1,PESOS                                                                           ,18.5567,1,AGENTE SUPERVISOR                       ,            ,0,0,F     ,0,       ,0,       ,LINEA     ,51PLFX04            ,FIBOTAX 10g C/30 SOBRES                 ,       ,PIEZA ,216,51.85,0,0,11281.02184,25H016                        ,                         ,                                        ,
N431      ,Dev. Just.   ,16/10/2025,XAN      ,2390,11297.472,0,"BRUDIFARMA, S.A. DE C.V.                                                                                                                                                                                                                                      ",260,Pagada    ,1558.272,0,0,0,0,0,0,0,0,9739.2,0,1,PESOS                                                                           ,18.4808,4,CRISTINA                                ,            ,0,0,F     ,0,       ,0,       ,LINEA     ,51TBEX01            ,EXZON C/90 TABS.                        ,       ,PIEZA ,160,60.87,0,0,3258.683434,25H098                        ,                         ,                                        ,
N468      ,Dev. Just.   ,11/11/2025,XAN      ,2667,26091.996,0,ROSARIO MENDOZA MACEDO                                                                                                                                                                                                                                        ,8,Pagada    ,3598.896,0,0,0,0,0,0,0,0,22493.1,0,1,PESOS                                                                           ,18.3922,41,TANIA CASTELLANOS                       ,            ,0,0,F     ,0,       ,0,       ,LINEA     ,51TBMCV01           ,C-VYM NF C/30 TABLETAS MASTICABLES PT   ,       ,PIEZA ,500,44.9862,0,0,3219.21135,25J042                        ,                         ,                                        ,
N475      ,Dev. Just.   ,14/11/2025,XAN      ,2670,2958,0,KPS COMERCIALIZADORA SA DE CV                                                                                                                                                                                                                                 ,439,Pagada    ,408,0,0,0,0,0,0,0,0,2550,0,1,PESOS                                                                           ,18.2805,2,NANCY MURILLO                           ,            ,0,0,F     ,0,       ,0,       ,MAQUILA   ,51PLBC01            ,BLOOM CALOSTRO S/SABOR 25 PORCIONES     ,       ,PIEZA ,25,102,0,0,1730.860276,25J075                        ,                         ,                                        ,
N476      ,Dev. Just.   ,14/11/2025,XAN      ,2756,696,0,KPS COMERCIALIZADORA SA DE CV                                                                                                                                                                                                                                 ,439,Pagada    ,96,0,0,0,0,0,0,0,0,600,0,1,PESOS                                                                           ,18.2805,2,NANCY MURILLO                           ,            ,0,0,F     ,0,       ,0,       ,MAQUILA   ,51PLBMY01           ,BLOOM GREENS PACK MARACUYA/MANGO C/20 S ,       ,PIEZA ,8,75,0,0,313.9330352,25I096                        ,                         ,                                        ,
N563      ,Dev. Just.   ,19/12/2025,XAN      ,2984,2634.1686,0,"LEVIC, S.A. DE C.V.                                                                                                                                                                                                                                           ",281,Pagada    ,363.3336,0,0,0,0,0,0,0,0,2270.835,0,1,PESOS                                                                           ,17.9792,4,CRISTINA                                ,            ,0,0,F     ,0,       ,0,       ,LINEA     ,51CPDG05            ,D-GELAC+FS C/30 CAPS.                   ,       ,PIEZA ,50,45.4167,0,0,923.69858,25J080                        ,                         ,                                        ,
N568      ,Dev. Just.   ,22/12/2025,XAN      ,2480,403.316688,0,SERVICIOS EN PUERTOS Y TERMINALES                                                                                                                                                                                                                             ,454,Pagada    ,55.629888,0,0,0,0,0,0,0,0,347.6868,10.7532,1,PESOS                                                                           ,18.0065,2,NANCY MURILLO                           ,            ,0,0,F     ,0,       ,0,       ,LINEA     ,51PLFX01            ,FIBOTAX 10g C/10 SOBRES                 ,       ,PIEZA ,6,59.74,0,0,110.8261093,25G038                        ,                         ,                                        ,
N569      ,Dev. Just.   ,22/12/2025,XAN      ,2515,6042.8866,0,SERVICIOS EN PUERTOS Y TERMINALES                                                                                                                                                                                                                             ,454,Pagada    ,833.5016,0,0,0,0,0,0,0,0,5209.385,161.115,1,PESOS                                                                           ,18.0065,2,NANCY MURILLO                           ,            ,0,0,F     ,0,       ,0,       ,LINEA     ,51CPDG06            ,D-GELAC+FS C/60 CAPS.                   ,       ,PIEZA ,50,107.41,0,0,1021.651655,25J031                        ,                         ,                                        ,
N570      ,Dev. Just.   ,22/12/2025,XAN      ,2599,36257.3196,0,SERVICIOS EN PUERTOS Y TERMINALES                                                                                                                                                                                                                             ,454,Pagada    ,5001.0096,0,0,0,0,0,0,0,0,31256.31,966.69,1,PESOS                                                                           ,18.0065,2,NANCY MURILLO                           ,            ,0,0,F     ,0,       ,0,       ,LINEA     ,51CPDG06            ,D-GELAC+FS C/60 CAPS.                   ,       ,PIEZA ,300,107.41,0,0,9174.12753,25I0218                       ,                         ,                                        ,
N571      ,Dev. Just.   ,22/12/2025,XAN      ,2893,16215.03216,0,SERVICIOS EN PUERTOS Y TERMINALES                                                                                                                                                                                                                             ,454,Pagada    ,2236.55616,0,0,0,0,0,0,0,0,13978.476,432.324,1,PESOS                                                                           ,18.0065,2,NANCY MURILLO                           ,            ,0,0,F     ,0,       ,0,       ,LINEA     ,51CPKM01            ,KAMINA CAPS FCO/60 CON CAJA             ,       ,PIEZA ,120,120.09,0,0,3019.0987,25J032                        ,                         ,                                        ,
N572      ,Dev. Just.   ,22/12/2025,XAN      ,2955,27025.0536,0,SERVICIOS EN PUERTOS Y TERMINALES                                                                                                                                                                                                                             ,454,Pagada    ,3727.5936,0,0,0,0,0,0,0,0,23297.46,720.54,1,PESOS                                                                           ,18.0065,2,NANCY MURILLO                           ,            ,0,0,F     ,0,       ,0,       ,LINEA     ,51CPKM01            ,KAMINA CAPS FCO/60 CON CAJA             ,       ,PIEZA ,200,120.09,0,0,7591.331356,25J032                        ,                         ,                                        ,
N626      ,Dev. Just.   ,20/02/2026,XAN      ,3569,16215.03216,0,SERVICIOS EN PUERTOS Y TERMINALES                                                                                                                                                                                                                             ,454,Pagada    ,2236.55616,0,0,0,0,0,0,0,0,13978.476,432.324,1,PESOS                                                                           ,17.27,2,NANCY MURILLO                           ,            ,0,0,F     ,0,       ,0,       ,LINEA     ,51CPKM01            ,KAMINA CAPS FCO/60 CON CAJA             ,       ,PIEZA ,120,120.09,0,0,3881.165285,25K111                        ,                         ,                                        ,
N635      ,Dev. Just.   ,27/02/2026,XAN      ,3703,870,0,OPERADORA SUPER SOYA SA DE CV                                                                                                                                                                                                                                 ,427,Pagada    ,120,0,0,0,0,0,0,0,0,750,0,1,PESOS                                                                           ,17.2563,2,NANCY MURILLO                           ,            ,0,0,F     ,0,       ,0,       ,LINEA     ,51TBBF02            ,BIOFOLIC 400 / 60 TABS.                 ,       ,PIEZA ,20,37.5,0,0,356.69408,25F0139                       ,                         ,                                        ,
N635      ,Dev. Just.   ,27/02/2026,XAN      ,3703,290.812,0,OPERADORA SUPER SOYA SA DE CV                                                                                                                                                                                                                                 ,427,Pagada    ,40.112,0,0,0,0,0,0,0,0,250.7,0,1,PESOS                                                                           ,17.2563,2,NANCY MURILLO                           ,            ,0,0,F     ,0,       ,0,       ,LINEA     ,51TBME01            ,MEM-EH C/30 TABS                        ,       ,PIEZA ,5,50.14,0,0,46.01208535,25K029                        ,                         ,                                        ,
N635      ,Dev. Just.   ,27/02/2026,XAN      ,3703,566.776,0,OPERADORA SUPER SOYA SA DE CV                                                                                                                                                                                                                                 ,427,Pagada    ,78.176,0,0,0,0,0,0,0,0,488.6,0,1,PESOS                                                                           ,17.2563,2,NANCY MURILLO                           ,            ,0,0,F     ,0,       ,0,       ,LINEA     ,51JBNC01            ,NATUBRON CERO JARABE 240 ML             ,       ,PIEZA ,10,48.86,0,0,884.2,25A0006                       ,                         ,                                        ,
N654      ,Dev. Just.   ,19/03/2026,XAN      ,3915,190825.8,209200.2,KPS COMERCIALIZADORA SA DE CV                                                                                                                                                                                                                                 ,439,Emitida   ,26320.8,0,0,0,0,0,0,0,0,164505,0,1,PESOS                                                                           ,17.669,2,NANCY MURILLO                           ,            ,0,0,F     ,0,       ,0,       ,INMAQUILA ,51PLBUER01          ,BOTANICAL DR DAILY REDS VITALITY C/255 G,       ,PIEZA ,997,165,0,0,63936.43882,26B081                        ,                         ,                                        ,
N654      ,Dev. Just.   ,19/03/2026,XAN      ,3915,18374.4,209200.2,KPS COMERCIALIZADORA SA DE CV                                                                                                                                                                                                                                 ,439,Emitida   ,2534.4,0,0,0,0,0,0,0,0,15840,0,1,PESOS                                                                           ,17.669,2,NANCY MURILLO                           ,            ,0,0,F     ,0,       ,0,       ,INMAQUILA ,51PLBUER01          ,BOTANICAL DR DAILY REDS VITALITY C/255 G,       ,PIEZA ,96,165,0,0,6064.21661,26B080                        ,                         ,                                        ,
N656      ,Dev. Just.   ,19/03/2026,XAN      ,1700,5405.01072,0,SERVICIOS EN PUERTOS Y TERMINALES                                                                                                                                                                                                                             ,454,Pagada    ,745.51872,0,0,0,0,0,0,0,0,4659.492,144.108,1,PESOS                                                                           ,17.669,1,AGENTE SUPERVISOR                       ,            ,0,0,F     ,0,       ,0,       ,LINEA     ,51CPKM01            ,KAMINA CAPS FCO/60 CON CAJA             ,       ,PIEZA ,40,120.09,0,0,897.1437136,25F0163                       ,                         ,                                        ,
N657      ,Dev. Just.   ,19/03/2026,XAN      ,1881,5405.01072,0,SERVICIOS EN PUERTOS Y TERMINALES                                                                                                                                                                                                                             ,454,Pagada    ,745.51872,0,0,0,0,0,0,0,0,4659.492,144.108,1,PESOS                                                                           ,17.669,1,AGENTE SUPERVISOR                       ,            ,0,0,F     ,0,       ,0,       ,LINEA     ,51CPKM01            ,KAMINA CAPS FCO/60 CON CAJA             ,       ,PIEZA ,40,120.09,0,0,897.1437136,25F0163                       ,                         ,                                        ,
N658      ,Dev. Just.   ,19/03/2026,XAN      ,1867,5405.01072,0,SERVICIOS EN PUERTOS Y TERMINALES                                                                                                                                                                                                                             ,454,Pagada    ,745.51872,0,0,0,0,0,0,0,0,4659.492,144.108,1,PESOS                                                                           ,17.669,1,AGENTE SUPERVISOR                       ,            ,0,0,F     ,0,       ,0,       ,LINEA     ,51CPKM01            ,KAMINA CAPS FCO/60 CON CAJA             ,       ,PIEZA ,40,120.09,0,0,897.1437136,25F0163                       ,                         ,                                        ,
N2232     ,Dev. Just.   ,07/01/2021,FAR      ,10986,189.254,0,ROSARIO MENDOZA MACEDO                                                                                                                                                                                                                                        ,8,Pagada    ,26.104,0,0,0,0,0,0,0,0,163.15,0,1,PESOS                                                                           ,19.9437,29,GUADALAJARA                             ,            ,0,0,F     ,0,       ,0,       ,VI        ,51TBBP01            ,B-PLEX C/30 TABS. (Obsoleto)            ,       ,PZA   ,5,32.63,0,0,44.11309805,20J0305                       ,                         ,                                        ,20J0305                       
N2247     ,Dev. Just.   ,12/01/2021,FAR      ,10921,600.648,0,RAMA FARMACEUTICA                                                                                                                                                                                                                                             ,364,Pagada    ,82.848,0,0,0,0,0,0,0,0,517.8,0,1,PESOS                                                                           ,20.113,27,MEXICO                                  ,            ,0,0,F     ,0,       ,0,       ,LINEA     ,51PLCV03            ,C-VYM CERO AZUCAR C/11 SOBRES           ,       ,PIEZA ,6,86.3,0,0,135.1280561,20K2149                       ,                         ,                                        ,20J0299                       
N2247     ,Dev. Just.   ,12/01/2021,FAR      ,10921,229.90968,0,RAMA FARMACEUTICA                                                                                                                                                                                                                                             ,364,Pagada    ,31.71168,0,0,0,0,0,0,0,0,198.198,0,1,PESOS                                                                           ,20.113,27,MEXICO                                  ,            ,0,0,F     ,0,       ,0,       ,LINEA     ,51TBCV01            ,C-VYM CON 30 TABLETAS MASTICABLES       ,       ,PIEZA ,3,66.066,0,0,48.49943862,20L2164                       ,                         ,                                        ,20J0299                       
N2247     ,Dev. Just.   ,12/01/2021,FAR      ,10921,56.202,0,RAMA FARMACEUTICA                                                                                                                                                                                                                                             ,364,Pagada    ,7.752,0,0,0,0,0,0,0,0,48.45,0,1,PESOS                                                                           ,20.113,27,MEXICO                                  ,            ,0,0,F     ,0,       ,0,       ,LINEA     ,51CPVF01            ,BIOMIVIT 400 30 / CAPS                  ,       ,PZA   ,1,48.45,0,0,9.26446218,20J0299                       ,                         ,                                        ,20J0299                       
N2248     ,Dev. Just.   ,12/01/2021,FAR      ,10854,98.9016,0,DIFARMER                                                                                                                                                                                                                                                      ,4,Pagada    ,13.6416,0,0,0,0,0,0,0,0,85.26,0,1,PESOS                                                                           ,20.113,29,GUADALAJARA                             ,            ,0,0,F     ,0,       ,0,       ,LINEA     ,51JBNC01            ,NATUBRON CERO JARABE 240 ML             ,       ,PZA   ,2,42.63,0,0,22.70354272,20K0333                       ,                         ,                                        ,20K0333                       
N2249     ,Dev. Just.   ,12/01/2021,FAR      ,10978,274.746,0,PHARMA AMIGO SA DE CV                                                                                                                                                                                                                                         ,373,Pagada    ,37.896,0,0,0,0,0,0,0,0,236.85,0,1,PESOS                                                                           ,20.113,27,MEXICO                                  ,            ,0,0,F     ,0,       ,0,       ,LINEA     ,51TBPF01            ,PLENIFORM 40 /30 TABS.                  ,       ,PZA   ,5,47.37,0,0,43.28861805,20K0321                       ,                         ,                                        ,20K0321                       
N2250     ,Dev. Just.   ,12/01/2021,FAR      ,10970,7476.432,0,REINVEX INTEGRA SA DE CV                                                                                                                                                                                                                                      ,372,Pagada    ,1031.232,0,0,0,0,0,0,0,0,6445.2,0,1,PESOS                                                                           ,20.113,27,MEXICO                                  ,            ,0,0,F     ,0,       ,0,       ,LINEA     ,51TBEX01            ,EXZON C/90 TABS.                        ,       ,PZA   ,120,53.71,0,0,2937.751864,20K0061                       ,                         ,                                        ,20K0061                       
N2253     ,Dev. Just.   ,15/01/2021,FAR      ,11069,197999.9999,0,BOREAL FARMACEUTICA                                                                                                                                                                                                                                           ,350,Pagada    ,27310.34482,0,0,0,0,0,0,0,0,170689.6551,0,1,PESOS                                                                           ,19.7793,29,GUADALAJARA                             ,            ,0,0,F     ,0,       ,0,       ,ANT       ,CCB-0884            ,ANTICIPO                                ,       ,SER   ,1,170689.6551,0,0,0,                              ,                         ,                                        ,                              
N2263     ,Dev. Just.   ,19/01/2021,FAR      ,11007,459.81936,0,RAMA FARMACEUTICA                                                                                                                                                                                                                                             ,364,Pagada    ,63.42336,0,0,0,0,0,0,0,0,396.396,0,1,PESOS                                                                           ,17.757,27,MEXICO                                  ,            ,0,0,F     ,0,       ,0,       ,LINEA     ,51TBCV01            ,C-VYM CON 30 TABLETAS MASTICABLES       ,       ,PIEZA ,6,66.066,0,0,97.04137938,20L2186                       ,                         ,                                        ,20L2186                       
N2273     ,Dev. Just.   ,22/01/2021,FAR      ,11021,370.8984,0,REMEDIO S.A. DE C.V.                                                                                                                                                                                                                                          ,110,Pagada    ,51.1584,0,0,0,0,0,0,0,0,319.74,0,1,PESOS                                                                           ,19.5793,29,GUADALAJARA                             ,            ,0,0,F     ,0,       ,0,       ,LINEA     ,51JBNC01            ,NATUBRON CERO JARABE 240 ML             ,       ,PZA   ,6,53.29,0,0,68.0760252,20L0344                       ,                         ,                                        ,20L0344                       
N2274     ,Dev. Just.   ,25/01/2021,FAR      ,10992,682.1728,0,RAMA FARMACEUTICA                                                                                                                                                                                                                                             ,364,Pagada    ,94.0928,0,0,0,0,0,0,0,0,588.08,0,1,PESOS                                                                           ,19.7393,27,MEXICO                                  ,            ,0,0,F     ,0,       ,0,       ,LINEA     ,51PLCV01            ,C-VYM NARANJA-MANDARINA C/11 SOBRES     ,       ,PIEZA ,8,73.51,0,0,197.7725454,20L2184                       ,                         ,                                        ,20L2184                       
N2275     ,Dev. Just.   ,25/01/2021,FAR      ,10994,596.6112,0,RAMA FARMACEUTICA                                                                                                                                                                                                                                             ,364,Pagada    ,82.2912,0,0,0,0,0,0,0,0,514.32,0,1,PESOS                                                                           ,19.7393,27,MEXICO                                  ,            ,0,0,F     ,0,       ,0,       ,LINEA     ,51TBVA01            ,VANESIR /45 TABS.                       ,       ,PZA   ,8,64.29,0,0,74.93898672,20J0281                       ,                         ,                                        ,20J0281                       
N2276     ,Dev. Just.   ,25/01/2021,FAR      ,11100,1366.1552,0,RAMA FARMACEUTICA                                                                                                                                                                                                                                             ,364,Pagada    ,188.4352,0,0,0,0,0,0,0,0,1177.72,0,1,PESOS                                                                           ,19.7393,27,MEXICO                                  ,            ,0,0,F     ,0,       ,0,       ,CP        ,51PLCC01            ,COLAGENER CERO AZUCAR 450GR             ,       ,PZA   ,4,294.43,0,0,390.7020052,20L0367                       ,                         ,                                        ,20L0367                       
N2284     ,Dev. Just.   ,29/01/2021,FAR      ,11030,4615.002,0,"BRUDIFARMA, S.A. DE C.V.                                                                                                                                                                                                                                      ",260,Pagada    ,636.552,0,0,0,0,0,0,0,0,3978.45,0,1,PESOS                                                                           ,20.2697,27,MEXICO                                  ,            ,0,0,F     ,0,       ,0,       ,LINEA     ,51TBBF02            ,BIOFOLIC 400 / 60 TABS.                 ,       ,PZA   ,135,29.47,0,0,696.2283545,20K0325                       ,                         ,                                        ,20K0325                       
N2285     ,Dev. Just.   ,02/02/2021,FAR      ,11201,46121.6,0,LABORATORIO ELMOR MEXICO                                                                                                                                                                                                                                      ,368,Pagada    ,6361.6,0,0,0,0,0,0,0,0,39760,0,1,PESOS                                                                           ,20.2697,27,MEXICO                                  ,            ,0,0,F     ,0,       ,0,       ,ANT       ,CCB-0884            ,ANTICIPO                                ,       ,SER   ,1,39760,0,0,0,                              ,                         ,                                        ,                              
N2287     ,Dev. Just.   ,02/02/2021,FAR      ,11203,209322,0,LABORATORIO ELMOR MEXICO                                                                                                                                                                                                                                      ,368,Pagada    ,28872,0,0,0,0,0,0,0,0,180450,0,1,PESOS                                                                           ,20.2697,27,MEXICO                                  ,            ,0,0,F     ,0,       ,0,       ,ANT       ,CCB-0884            ,ANTICIPO                                ,       ,SER   ,1,180450,0,0,0,                              ,                         ,                                        ,                              
N2297     ,Dev. Just.   ,17/02/2021,FAR      ,11030,5687.712,0,"BRUDIFARMA, S.A. DE C.V.                                                                                                                                                                                                                                      ",260,Pagada    ,784.512,0,0,0,0,0,0,0,0,4903.2,0,1,PESOS                                                                           ,20.2023,27,MEXICO                                  ,            ,0,0,F     ,0,       ,0,       ,LINEA     ,51CPVF01            ,BIOMIVIT 400 30 / CAPS                  ,       ,PZA   ,135,36.32,0,0,1112.573362,20L0352                       ,                         ,                                        ,20L0352                       
N2298     ,Dev. Just.   ,17/02/2021,FAR      ,11230,852.6,0,NUTRIMANIA                                                                                                                                                                                                                                                    ,292,Pagada    ,117.6,0,0,0,0,0,0,0,0,735,0,1,PESOS                                                                           ,20.2023,27,MEXICO                                  ,            ,0,0,F     ,0,       ,0,       ,LINEA     ,51JBNC01            ,NATUBRON CERO JARABE 240 ML             ,       ,PZA   ,15,49,0,0,170.1811524,20K0339                       ,                         ,                                        ,20K0339                       
N2301     ,Dev. Just.   ,19/02/2021,FAR      ,11262,10904,0,"BRUDIFARMA, S.A. DE C.V.                                                                                                                                                                                                                                      ",260,Pagada    ,1504,0,0,0,0,0,0,0,0,9400,0,1,PESOS                                                                           ,20.4165,27,MEXICO                                  ,            ,0,0,F     ,0,       ,0,       ,LINEA     ,51TBEX01            ,EXZON C/90 TABS.                        ,       ,PZA   ,200,47,0,0,3210.656782,20K0063                       ,                         ,                                        ,20K0063                       
N2310     ,Dev. Just.   ,19/02/2021,FAR      ,11158,9009.72,0,RAMA FARMACEUTICA                                                                                                                                                                                                                                             ,364,Pagada    ,1242.72,0,0,0,0,0,0,0,0,7767,0,1,PESOS                                                                           ,20.4165,27,MEXICO                                  ,            ,0,0,F     ,0,       ,0,       ,LINEA     ,51PLCV03            ,C-VYM CERO AZUCAR C/11 SOBRES           ,       ,PIEZA ,90,86.3,0,0,2411.77526,21A2017                       ,                         ,                                        ,20L2209                       
N2310     ,Dev. Just.   ,19/02/2021,FAR      ,11158,8100.802,0,RAMA FARMACEUTICA                                                                                                                                                                                                                                             ,364,Pagada    ,1117.352,0,0,0,0,0,0,0,0,6983.45,0,1,PESOS                                                                           ,20.4165,27,MEXICO                                  ,            ,0,0,F     ,0,       ,0,       ,LINEA     ,51PLCV01            ,C-VYM NARANJA-MANDARINA C/11 SOBRES     ,       ,PIEZA ,95,73.51,0,0,2373.48929,20L2209                       ,                         ,                                        ,20L2209                       
N2311     ,Dev. Just.   ,19/02/2021,FAR      ,11234,459.81936,0,RAMA FARMACEUTICA                                                                                                                                                                                                                                             ,364,Pagada    ,63.42336,0,0,0,0,0,0,0,0,396.396,0,1,PESOS                                                                           ,20.4165,27,MEXICO                                  ,            ,0,0,F     ,0,       ,0,       ,LINEA     ,51TBCV01            ,C-VYM CON 30 TABLETAS MASTICABLES       ,       ,PIEZA ,6,66.066,0,0,96.15751944,21A2033                       ,                         ,                                        ,21A2018                       
N2311     ,Dev. Just.   ,19/02/2021,FAR      ,11234,1301.404,0,RAMA FARMACEUTICA                                                                                                                                                                                                                                             ,364,Pagada    ,179.504,0,0,0,0,0,0,0,0,1121.9,0,1,PESOS                                                                           ,20.4165,27,MEXICO                                  ,            ,0,0,F     ,0,       ,0,       ,LINEA     ,51PLCV03            ,C-VYM CERO AZUCAR C/11 SOBRES           ,       ,PIEZA ,13,86.3,0,0,304.913125,21A2018                       ,                         ,                                        ,21A2018                       
N2313     ,Dev. Just.   ,22/02/2021,FAR      ,11095,163.56,0,DIFARMER                                                                                                                                                                                                                                                      ,4,Pagada    ,22.56,0,0,0,0,0,0,0,0,141,0,1,PESOS                                                                           ,20.4222,29,GUADALAJARA                             ,            ,0,0,F     ,0,       ,0,       ,LINEA     ,51TBEX01            ,EXZON C/90 TABS.                        ,       ,PZA   ,3,47,0,0,68.9115171,20L0066                       ,                         ,                                        ,20L0066                       
N2314     ,Dev. Just.   ,22/02/2021,FAR      ,11184,49.4508,0,DIFARMER                                                                                                                                                                                                                                                      ,4,Pagada    ,6.8208,0,0,0,0,0,0,0,0,42.63,0,1,PESOS                                                                           ,20.4222,29,GUADALAJARA                             ,            ,0,0,F     ,0,       ,0,       ,LINEA     ,51JBNC01            ,NATUBRON CERO JARABE 240 ML             ,       ,PZA   ,1,42.63,0,0,11.34541016,20K0339                       ,                         ,                                        ,20K0339                       
N2319     ,Dev. Just.   ,24/02/2021,FAR      ,11148,33.9416,0,RAMA FARMACEUTICA                                                                                                                                                                                                                                             ,364,Pagada    ,4.6816,0,0,0,0,0,0,0,0,29.26,0,1,PESOS                                                                           ,20.5833,27,MEXICO                                  ,            ,0,0,F     ,0,       ,0,       ,LINEA     ,51GLVA02            ,VANESIR GEL 50 G                        ,       ,PZA   ,2,14.63,0,0,11.3498,G200257                       ,                         ,                                        ,G200257                       
N2320     ,Dev. Just.   ,25/02/2021,FAR      ,11446,34298.88,0,LABORATORIO ELMOR MEXICO                                                                                                                                                                                                                                      ,368,Pagada    ,4730.88,0,0,0,0,0,0,0,0,29568,0,1,PESOS                                                                           ,20.4752,27,MEXICO                                  ,            ,0,0,F     ,0,       ,0,       ,ANT       ,CCB-0884            ,ANTICIPO                                ,       ,SER   ,1,29568,0,0,0,                              ,                         ,                                        ,                              
N2321     ,Dev. Just.   ,25/02/2021,FAR      ,11447,38363.52,0,LABORATORIO ELMOR MEXICO                                                                                                                                                                                                                                      ,368,Pagada    ,5291.52,0,0,0,0,0,0,0,0,33072,0,1,PESOS                                                                           ,20.4752,27,MEXICO                                  ,            ,0,0,F     ,0,       ,0,       ,ANT       ,CCB-0884            ,ANTICIPO                                ,       ,SER   ,1,33072,0,0,0,                              ,                         ,                                        ,                              
N2322     ,Dev. Just.   ,25/02/2021,FAR      ,11448,35217.6,0,LABORATORIO ELMOR MEXICO                                                                                                                                                                                                                                      ,368,Pagada    ,4857.6,0,0,0,0,0,0,0,0,30360,0,1,PESOS                                                                           ,20.4752,27,MEXICO                                  ,            ,0,0,F     ,0,       ,0,       ,ANT       ,CCB-0884            ,ANTICIPO                                ,       ,SER   ,1,30360,0,0,0,                              ,                         ,                                        ,                              
N2323     ,Dev. Just.   ,25/02/2021,FAR      ,11449,41760,0,LABORATORIO ELMOR MEXICO                                                                                                                                                                                                                                      ,368,Pagada    ,5760,0,0,0,0,0,0,0,0,36000,0,1,PESOS                                                                           ,20.4752,27,MEXICO                                  ,            ,0,0,F     ,0,       ,0,       ,ANT       ,CCB-0884            ,ANTICIPO                                ,       ,SER   ,1,36000,0,0,0,                              ,                         ,                                        ,                              
N2324     ,Dev. Just.   ,25/02/2021,FAR      ,11450,59276,0,LABORATORIO ELMOR MEXICO                                                                                                                                                                                                                                      ,368,Pagada    ,8176,0,0,0,0,0,0,0,0,51100,0,1,PESOS                                                                           ,20.4752,27,MEXICO                                  ,            ,0,0,F     ,0,       ,0,       ,ANT       ,CCB-0884            ,ANTICIPO                                ,       ,SER   ,1,51100,0,0,0,                              ,                         ,                                        ,                              
N2325     ,Dev. Just.   ,25/02/2021,FAR      ,11234,1301.404,0,RAMA FARMACEUTICA                                                                                                                                                                                                                                             ,364,Pagada    ,179.504,0,0,0,0,0,0,0,0,1121.9,0,1,PESOS                                                                           ,20.4752,27,MEXICO                                  ,            ,0,0,F     ,0,       ,0,       ,LINEA     ,51PLCV03            ,C-VYM CERO AZUCAR C/11 SOBRES           ,       ,PIEZA ,13,86.3,0,0,304.913125,21A2018                       ,                         ,                                        ,21A2040                       
N2325     ,Dev. Just.   ,25/02/2021,FAR      ,11234,511.6296,0,RAMA FARMACEUTICA                                                                                                                                                                                                                                             ,364,Pagada    ,70.5696,0,0,0,0,0,0,0,0,441.06,0,1,PESOS                                                                           ,20.4752,27,MEXICO                                  ,            ,0,0,F     ,0,       ,0,       ,LINEA     ,51PLCV01            ,C-VYM NARANJA-MANDARINA C/11 SOBRES     ,       ,PIEZA ,6,73.51,0,0,139.0507859,21A2040                       ,                         ,                                        ,21A2040                       
N2326     ,Dev. Just.   ,25/02/2021,FAR      ,11451,36470.4,0,LABORATORIO ELMOR MEXICO                                                                                                                                                                                                                                      ,368,Pagada    ,5030.4,0,0,0,0,0,0,0,0,31440,0,1,PESOS                                                                           ,20.4752,27,MEXICO                                  ,            ,0,0,F     ,0,       ,0,       ,ANT       ,CCB-0884            ,ANTICIPO                                ,       ,SER   ,1,31440,0,0,0,                              ,                         ,                                        ,                              
N2327     ,Dev. Just.   ,25/02/2021,FAR      ,11452,24116.4,0,LABORATORIO ELMOR MEXICO                                                                                                                                                                                                                                      ,368,Pagada    ,3326.4,0,0,0,0,0,0,0,0,20790,0,1,PESOS                                                                           ,20.4752,27,MEXICO                                  ,            ,0,0,F     ,0,       ,0,       ,ANT       ,CCB-0884            ,ANTICIPO                                ,       ,SER   ,1,20790,0,0,0,                              ,                         ,                                        ,                              
N2328     ,Dev. Just.   ,25/02/2021,FAR      ,11453,18374.4,0,LABORATORIO ELMOR MEXICO                                                                                                                                                                                                                                      ,368,Pagada    ,2534.4,0,0,0,0,0,0,0,0,15840,0,1,PESOS                                                                           ,20.4752,27,MEXICO                                  ,            ,0,0,F     ,0,       ,0,       ,ANT       ,CCB-0884            ,ANTICIPO                                ,       ,SER   ,1,15840,0,0,0,                              ,                         ,                                        ,                              
N2332     ,Dev. Just.   ,26/02/2021,FAR      ,11180,148.7352,0,DIFARMER                                                                                                                                                                                                                                                      ,4,Pagada    ,20.5152,0,0,0,0,0,0,0,0,128.22,0,1,PESOS                                                                           ,20.8523,29,GUADALAJARA                             ,            ,0,0,F     ,0,       ,0,       ,LINEA     ,51TBCV01            ,C-VYM CON 30 TABLETAS MASTICABLES       ,       ,PIEZA ,3,42.74,0,0,49.73310093,21A2027                       ,                         ,                                        ,21A2027                       
N2336     ,Dev. Just.   ,03/03/2021,FAR      ,11389,61.9672,0,REMEDIO S.A. DE C.V.                                                                                                                                                                                                                                          ,110,Pagada    ,8.5472,0,0,0,0,0,0,0,0,53.42,0,1,PESOS                                                                           ,20.6903,29,GUADALAJARA                             ,            ,0,0,F     ,0,       ,0,       ,LINEA     ,51TBCV01            ,C-VYM CON 30 TABLETAS MASTICABLES       ,       ,PIEZA ,1,53.42,0,0,16.7590052,21A2034                       ,                         ,                                        ,21A0029                       
N2336     ,Dev. Just.   ,03/03/2021,FAR      ,11389,131.2656,0,REMEDIO S.A. DE C.V.                                                                                                                                                                                                                                          ,110,Pagada    ,18.1056,0,0,0,0,0,0,0,0,113.16,0,1,PESOS                                                                           ,20.6903,29,GUADALAJARA                             ,            ,0,0,F     ,0,       ,0,       ,LINEA     ,51CPVB02            ,VITABIOM Q10 /30 CAPS.                  ,       ,PZA   ,2,56.58,0,0,23.9966579,21A0029                       ,                         ,                                        ,21A0029                       
N2339     ,Dev. Just.   ,03/03/2021,FAR      ,11472,1941.84,0,PHARMA AMIGO SA DE CV                                                                                                                                                                                                                                         ,373,Pagada    ,267.84,0,0,0,0,0,0,0,0,1674,0,1,PESOS                                                                           ,20.6903,27,MEXICO                                  ,            ,0,0,F     ,0,       ,0,       ,LINEA     ,51PLCV01            ,C-VYM NARANJA-MANDARINA C/11 SOBRES     ,       ,PIEZA ,36,46.5,0,0,917.3803334,21B2053                       ,                         ,                                        ,21B2053                       
N2342     ,Dev. Just.   ,04/03/2021,FAR      ,11459,8274.744,0,RAMA FARMACEUTICA                                                                                                                                                                                                                                             ,364,Pagada    ,1141.344,0,0,0,0,0,0,0,0,7133.4,0,1,PESOS                                                                           ,20.8957,27,MEXICO                                  ,            ,0,0,F     ,0,       ,0,       ,LINEA     ,51TBME01            ,MEM-EH C/30 TABS                        ,       ,PZA   ,135,52.84,0,0,1164.630851,21A0015                       ,                         ,                                        ,21A0015                       
N2343     ,Dev. Just.   ,05/03/2021,FAR      ,11412,182.004,0,DIFARMER                                                                                                                                                                                                                                                      ,4,Pagada    ,25.104,0,0,0,0,0,0,0,0,156.9,0,1,PESOS                                                                           ,20.8957,29,GUADALAJARA                             ,            ,0,0,F     ,0,       ,0,       ,LINEA     ,51PLCV03            ,C-VYM CERO AZUCAR C/11 SOBRES           ,       ,PIEZA ,3,52.3,0,0,76.2628833,21B2064                       ,                         ,                                        ,21B2064                       
N2344     ,Dev. Just.   ,08/03/2021,FAR      ,11543,87475.1592,0,MTEX MEXICO                                                                                                                                                                                                                                                   ,410,Pagada    ,12065.5392,0,0,0,0,0,0,0,0,75409.62,0,1,PESOS                                                                           ,21.2635,29,GUADALAJARA                             ,            ,0,0,F     ,0,       ,0,       ,ANT       ,CCB-0884            ,ANTICIPO                                ,       ,SER   ,1,75409.62,0,0,0,                              ,                         ,                                        ,                              
N2345     ,Dev. Just.   ,08/03/2021,FAR      ,11544,115965.432,0,MTEX MEXICO                                                                                                                                                                                                                                                   ,410,Pagada    ,15995.232,0,0,0,0,0,0,0,0,99970.2,0,1,PESOS                                                                           ,21.2635,29,GUADALAJARA                             ,            ,0,0,F     ,0,       ,0,       ,ANT       ,CCB-0884            ,ANTICIPO                                ,       ,SER   ,1,99970.2,0,0,0,                              ,                         ,                                        ,                              
N2348     ,Dev. Just.   ,10/03/2021,FAR      ,11345,3770,0,ROSARIO MENDOZA MACEDO                                                                                                                                                                                                                                        ,8,Pagada    ,520,0,0,0,0,0,0,0,0,3250,0,1,PESOS                                                                           ,21.4177,29,GUADALAJARA                             ,            ,0,0,F     ,0,       ,0,       ,LINEA     ,51GLVA02            ,VANESIR GEL 50 G                        ,       ,PZA   ,260,12.5,0,0,1328.344789,G200257                       ,                         ,                                        ,G200257                       
N2349     ,Dev. Just.   ,10/03/2021,FAR      ,11481,84.2624,0,DISTRIBUIDORA SEVI S.A. DE C.V.                                                                                                                                                                                                                               ,16,Pagada    ,11.6224,0,0,0,0,0,0,0,0,72.64,0,1,PESOS                                                                           ,21.2575,29,GUADALAJARA                             ,            ,0,0,F     ,0,       ,0,       ,LINEA     ,51CPVF01            ,BIOMIVIT 400 30 / CAPS                  ,       ,PZA   ,2,36.32,0,0,15.86165168,21B0046                       ,                         ,                                        ,21B0046                       
N2350     ,Dev. Just.   ,11/03/2021,FAR      ,11565,1544.714,0,RAMA FARMACEUTICA                                                                                                                                                                                                                                             ,364,Pagada    ,213.064,0,0,0,0,0,0,0,0,1331.65,0,1,PESOS                                                                           ,20.9853,27,MEXICO                                  ,            ,0,0,F     ,0,       ,0,       ,POLVO     ,51PLSK01            ,SKIN 30 SOBRES 12G                      ,       ,PZA   ,5,266.33,0,0,567.1736907,20H0213                       ,                         ,                                        ,20H0213                       
N2364     ,Dev. Just.   ,23/03/2021,FAR      ,11649,18374.4,0,LABORATORIO ELMOR MEXICO                                                                                                                                                                                                                                      ,368,Pagada    ,2534.4,0,0,0,0,0,0,0,0,15840,0,1,PESOS                                                                           ,20.4823,27,MEXICO                                  ,            ,0,0,F     ,0,       ,0,       ,ANT       ,CCB-0884            ,ANTICIPO                                ,       ,SER   ,1,15840,0,0,0,                              ,                         ,                                        ,                              
N2372     ,Dev. Just.   ,24/03/2021,FAR      ,11401,52.7336,0,SURTIDORA MEDICA DEL CARMEN                                                                                                                                                                                                                                   ,245,Pagada    ,7.2736,0,0,0,0,0,0,0,0,45.46,0,1,PESOS                                                                           ,20.6408,27,MEXICO                                  ,            ,0,0,F     ,0,       ,0,       ,LINEA     ,51TBCV01            ,C-VYM CON 30 TABLETAS MASTICABLES       ,       ,PIEZA ,1,45.46,0,0,16.16351593,21B2067                       ,                         ,                                        ,21B2067                       
N2373     ,Dev. Just.   ,24/03/2021,FAR      ,11504,516.4668,0,SURTIDORA MEDICA DEL CARMEN                                                                                                                                                                                                                                   ,245,Pagada    ,71.2368,0,0,0,0,0,0,0,0,445.23,0,1,PESOS                                                                           ,20.6408,27,MEXICO                                  ,            ,0,0,F     ,0,       ,0,       ,LINEA     ,51PLCV01            ,C-VYM NARANJA-MANDARINA C/11 SOBRES     ,       ,PIEZA ,9,49.47,0,0,229.3450834,21B2053                       ,                         ,                                        ,21B2053                       
N2386     ,Dev. Just.   ,30/03/2021,FAR      ,11725,11310.2088,0,MTEX MEXICO                                                                                                                                                                                                                                                   ,410,Pagada    ,1560.0288,0,0,0,0,0,0,0,0,9750.18,0,1,PESOS                                                                           ,20.6047,29,GUADALAJARA                             ,            ,0,0,F     ,0,       ,0,       ,ANT       ,CCB-0884            ,ANTICIPO                                ,       ,SER   ,1,9750.18,0,0,0,                              ,                         ,                                        ,                              
N2393     ,Dev. Just.   ,09/04/2021,FAR      ,11577,2472.54,0,LETICIA PAZ URIAS                                                                                                                                                                                                                                             ,297,Pagada    ,341.04,0,0,0,0,0,0,0,0,2131.5,0,1,PESOS                                                                           ,20.1765,29,GUADALAJARA                             ,            ,0,0,F     ,0,       ,0,       ,LINEA     ,51JBNC01            ,NATUBRON CERO JARABE 240 ML             ,       ,PZA   ,50,42.63,0,0,589.203424,21B0063                       ,                         ,                                        ,21A0017                       
N2393     ,Dev. Just.   ,09/04/2021,FAR      ,11577,28350.4,0,LETICIA PAZ URIAS                                                                                                                                                                                                                                             ,297,Pagada    ,3910.4,0,0,0,0,0,0,0,0,24440,0,1,PESOS                                                                           ,20.1765,29,GUADALAJARA                             ,            ,0,0,F     ,0,       ,0,       ,LINEA     ,51TBEX01            ,EXZON C/90 TABS.                        ,       ,PZA   ,520,47,0,0,11984.12691,21B0002                       ,                         ,                                        ,21A0017                       
N2393     ,Dev. Just.   ,09/04/2021,FAR      ,11577,2265.48,0,LETICIA PAZ URIAS                                                                                                                                                                                                                                             ,297,Pagada    ,312.48,0,0,0,0,0,0,0,0,1953,0,1,PESOS                                                                           ,20.1765,29,GUADALAJARA                             ,            ,0,0,F     ,0,       ,0,       ,LINEA     ,51PLCV01            ,C-VYM NARANJA-MANDARINA C/11 SOBRES     ,       ,PIEZA ,42,46.5,0,0,1064.408808,21B2060                       ,                         ,                                        ,21A0017                       
N2393     ,Dev. Just.   ,09/04/2021,FAR      ,11577,14836.284,0,LETICIA PAZ URIAS                                                                                                                                                                                                                                             ,297,Pagada    ,2046.384,0,0,0,0,0,0,0,0,12789.9,0,1,PESOS                                                                           ,20.1765,29,GUADALAJARA                             ,            ,0,0,F     ,0,       ,0,       ,LINEA     ,51TBPF01            ,PLENIFORM 40 /30 TABS.                  ,       ,PZA   ,270,47.37,0,0,1954.541958,21A0017                       ,                         ,                                        ,21A0017                       
N2413     ,Dev. Just.   ,26/04/2021,FAR      ,11840,67215.62,0,LABORATORIO ELMOR MEXICO                                                                                                                                                                                                                                      ,368,Pagada    ,9271.12,0,0,0,0,0,0,0,0,57944.5,0,1,PESOS                                                                           ,19.8695,27,MEXICO                                  ,            ,0,0,F     ,0,       ,0,       ,ANT       ,CCB-0884            ,ANTICIPO                                ,       ,SER   ,1,57944.5,0,0,0,                              ,                         ,                                        ,                              
N2415     ,Dev. Just.   ,28/04/2021,FAR      ,11848,4615.002,0,PHARMA AMIGO SA DE CV                                                                                                                                                                                                                                         ,373,Pagada    ,636.552,0,0,0,0,0,0,0,0,3978.45,0,1,PESOS                                                                           ,19.9785,27,MEXICO                                  ,            ,0,0,F     ,0,       ,0,       ,LINEA     ,51TBBF02            ,BIOFOLIC 400 / 60 TABS.                 ,       ,PZA   ,135,29.47,0,0,637.5017209,21D0110                       ,                         ,                                        ,21D0110                       
N2416     ,Dev. Just.   ,29/04/2021,FAR      ,11849,9185.01282,0,SUPER MAYOREO NATURISTA S.A. DE C.V.                                                                                                                                                                                                                          ,61,Pagada    ,1266.89832,0,0,0,0,0,0,0,0,7918.1145,287.1855,1,PESOS                                                                           ,19.9712,27,MEXICO                                  ,            ,0,0,F     ,0,       ,0,       ,LINEA     ,51TBBF02            ,BIOFOLIC 400 / 60 TABS.                 ,       ,PZA   ,270,30.39,0,0,1275.003442,21D0110                       ,                         ,                                        ,21D0110                       
N2418     ,Dev. Just.   ,29/04/2021,FAR      ,11864,80539.78716,0,BOREAL FARMACEUTICA                                                                                                                                                                                                                                           ,350,Pagada    ,11108.93616,0,0,0,0,0,0,0,0,69430.851,0,1,PESOS                                                                           ,19.9712,29,GUADALAJARA                             ,            ,0,0,F     ,0,       ,0,       ,ANT       ,CCB-0884            ,ANTICIPO                                ,       ,SER   ,1,69430.851,0,0,0,                              ,                         ,                                        ,                              
N2420     ,Dev. Just.   ,30/04/2021,FAR      ,11889,146852.8784,0,BOREAL FARMACEUTICA                                                                                                                                                                                                                                           ,350,Pagada    ,20255.56944,0,0,0,0,0,0,0,0,126597.309,0,1,PESOS                                                                           ,20.0978,29,GUADALAJARA                             ,            ,0,0,F     ,0,       ,0,       ,ANT       ,CCB-0884            ,ANTICIPO                                ,       ,SER   ,1,126597.309,0,0,0,                              ,                         ,                                        ,                              
N2421     ,Dev. Just.   ,30/04/2021,FAR      ,10920,11609.28,0,ASPEN LABS                                                                                                                                                                                                                                                    ,411,Pagada    ,1601.28,0,0,0,0,0,0,0,0,10008,0,1,PESOS                                                                           ,20.0978,1,MIRIAM DURAN                            ,            ,0,0,F     ,0,       ,0,       ,SERVICIO  ,SRV-0056            ,SERVICIO                                ,       ,SER   ,1,10008,0,0,0,                              ,                         ,                                        ,                              
N2423     ,Dev. Just.   ,03/05/2021,FAR      ,11904,59276,0,LABORATORIO ELMOR MEXICO                                                                                                                                                                                                                                      ,368,Pagada    ,8176,0,0,0,0,0,0,0,0,51100,0,1,PESOS                                                                           ,20.1822,27,MEXICO                                  ,            ,0,0,F     ,0,       ,0,       ,ANT       ,CCB-0884            ,ANTICIPO                                ,       ,SER   ,1,51100,0,0,0,                              ,                         ,                                        ,                              
N2436     ,Dev. Just.   ,07/05/2021,FAR      ,11862,1544.714,0,RAMA FARMACEUTICA                                                                                                                                                                                                                                             ,364,Pagada    ,213.064,0,0,0,0,0,0,0,0,1331.65,0,1,PESOS                                                                           ,20.2077,27,MEXICO                                  ,            ,0,0,F     ,0,       ,0,       ,POLVO     ,51PLSK01            ,SKIN 30 SOBRES 12G                      ,       ,PZA   ,5,266.33,0,0,559.9487143,20H0235                       ,                         ,                                        ,21D0139                       
N2436     ,Dev. Just.   ,07/05/2021,FAR      ,11862,401.4528,0,RAMA FARMACEUTICA                                                                                                                                                                                                                                             ,364,Pagada    ,55.3728,0,0,0,0,0,0,0,0,346.08,0,1,PESOS                                                                           ,20.2077,27,MEXICO                                  ,            ,0,0,F     ,0,       ,0,       ,CP        ,51PLCD01            ,COLAGENER 10 500GR                      ,       ,PZA   ,1,346.08,0,0,134.0151976,21D0139                       ,                         ,                                        ,21D0139                       
N2437     ,Dev. Just.   ,07/05/2021,FAR      ,11749,5123.082,0,RAMA FARMACEUTICA                                                                                                                                                                                                                                             ,364,Pagada    ,706.632,0,0,0,0,0,0,0,0,4416.45,0,1,PESOS                                                                           ,20.2077,27,MEXICO                                  ,            ,0,0,F     ,0,       ,0,       ,CP        ,51PLCC01            ,COLAGENER CERO AZUCAR 450GR             ,       ,PZA   ,15,294.43,0,0,1447.036419,21C0091                       ,                         ,                                        ,21C0091                       
N2441     ,Dev. Just.   ,11/05/2021,FAR      ,11939,30467.98,0,LABORATORIO ELMOR MEXICO                                                                                                                                                                                                                                      ,368,Pagada    ,4202.48,0,0,0,0,0,0,0,0,26265.5,0,1,PESOS                                                                           ,19.886,27,MEXICO                                  ,            ,0,0,F     ,0,       ,0,       ,ANT       ,CCB-0884            ,ANTICIPO                                ,       ,SER   ,1,26265.5,0,0,0,                              ,                         ,                                        ,                              
N2455     ,Dev. Just.   ,20/05/2021,FAR      ,11988,46121.6,0,LABORATORIO ELMOR MEXICO                                                                                                                                                                                                                                      ,368,Pagada    ,6361.6,0,0,0,0,0,0,0,0,39760,0,1,PESOS                                                                           ,19.8143,27,MEXICO                                  ,            ,0,0,F     ,0,       ,0,       ,ANT       ,CCB-0884            ,ANTICIPO                                ,       ,SER   ,1,39760,0,0,0,                              ,                         ,                                        ,                              
N2460     ,Dev. Just.   ,25/05/2021,FAR      ,12024,34298.88,0,LABORATORIO ELMOR MEXICO                                                                                                                                                                                                                                      ,368,Pagada    ,4730.88,0,0,0,0,0,0,0,0,29568,0,1,PESOS                                                                           ,19.951,27,MEXICO                                  ,            ,0,0,F     ,0,       ,0,       ,ANT       ,CCB-0884            ,ANTICIPO                                ,       ,SER   ,1,29568,0,0,0,                              ,                         ,                                        ,                              
N2461     ,Dev. Just.   ,25/05/2021,FAR      ,12025,97683.6,0,LABORATORIO ELMOR MEXICO                                                                                                                                                                                                                                      ,368,Pagada    ,13473.6,0,0,0,0,0,0,0,0,84210,0,1,PESOS                                                                           ,19.951,27,MEXICO                                  ,            ,0,0,F     ,0,       ,0,       ,ANT       ,CCB-0884            ,ANTICIPO                                ,       ,SER   ,1,84210,0,0,0,                              ,                         ,                                        ,                              
N2472     ,Dev. Just.   ,01/06/2021,FAR      ,12043,1221.016,0,LA MILPA CENTRAL NATURISTA S.A. DE C.V.                                                                                                                                                                                                                       ,187,Pagada    ,168.416,0,0,0,0,0,0,0,0,1052.6,0,1,PESOS                                                                           ,19.9442,29,GUADALAJARA                             ,            ,0,0,F     ,0,       ,0,       ,RJ        ,51CPPZ01            ,PAZYTIL X-3 C/30 CAPS.                  ,       ,PZA   ,20,52.63,0,0,296.3585072,21C0109                       ,                         ,                                        ,21D0117                       
N2472     ,Dev. Just.   ,01/06/2021,FAR      ,12043,1015,0,LA MILPA CENTRAL NATURISTA S.A. DE C.V.                                                                                                                                                                                                                       ,187,Pagada    ,140,0,0,0,0,0,0,0,0,875,0,1,PESOS                                                                           ,19.9442,29,GUADALAJARA                             ,            ,0,0,F     ,0,       ,0,       ,LINEA     ,51TBPK01            ,PROBIO KIDS / 30 TABS.                  ,       ,PZA   ,25,35,0,0,160.3188983,20L0357                       ,                         ,                                        ,21D0117                       
N2472     ,Dev. Just.   ,01/06/2021,FAR      ,12043,125.164,0,LA MILPA CENTRAL NATURISTA S.A. DE C.V.                                                                                                                                                                                                                       ,187,Pagada    ,17.264,0,0,0,0,0,0,0,0,107.9,0,1,PESOS                                                                           ,19.9442,29,GUADALAJARA                             ,            ,0,0,F     ,0,       ,0,       ,LINEA     ,51GLVA04            ,VANESIR GEL 200 G                       ,       ,PZA   ,2,53.95,0,0,25.77421492,G21001                        ,                         ,                                        ,21D0117                       
N2472     ,Dev. Just.   ,01/06/2021,FAR      ,12043,203,0,LA MILPA CENTRAL NATURISTA S.A. DE C.V.                                                                                                                                                                                                                       ,187,Pagada    ,28,0,0,0,0,0,0,0,0,175,0,1,PESOS                                                                           ,19.9442,29,GUADALAJARA                             ,            ,0,0,F     ,0,       ,0,       ,LINEA     ,51TBCK03            ,C-KIDS C/30 TABS.                       ,       ,PZA   ,5,35,0,0,35.7341796,21C0071                       ,                         ,                                        ,21D0117                       
N2472     ,Dev. Just.   ,01/06/2021,FAR      ,12043,5677.968,0,LA MILPA CENTRAL NATURISTA S.A. DE C.V.                                                                                                                                                                                                                       ,187,Pagada    ,783.168,0,0,0,0,0,0,0,0,4894.8,0,1,PESOS                                                                           ,19.9442,29,GUADALAJARA                             ,            ,0,0,F     ,0,       ,0,       ,DI        ,51CPLF01            ,BIO-LACTOFRIZ /30 CAPS.                 ,       ,PZA   ,60,81.58,0,0,928.7202318,2.10E+163,                         ,                                        ,21D0117                       
N2472     ,Dev. Just.   ,01/06/2021,FAR      ,12043,3251.016,0,LA MILPA CENTRAL NATURISTA S.A. DE C.V.                                                                                                                                                                                                                       ,187,Pagada    ,448.416,0,0,0,0,0,0,0,0,2802.6,0,1,PESOS                                                                           ,19.9442,29,GUADALAJARA                             ,            ,0,0,F     ,0,       ,0,       ,LINEA     ,51TBME01            ,MEM-EH C/30 TABS                        ,       ,PZA   ,60,46.71,0,0,479.6360772,2.10E+172,                         ,                                        ,21D0117                       
N2472     ,Dev. Just.   ,01/06/2021,FAR      ,12043,681.5,0,LA MILPA CENTRAL NATURISTA S.A. DE C.V.                                                                                                                                                                                                                       ,187,Pagada    ,94,0,0,0,0,0,0,0,0,587.5,0,1,PESOS                                                                           ,19.9442,29,GUADALAJARA                             ,            ,0,0,F     ,0,       ,0,       ,LINEA     ,51TBEX01            ,EXZON C/90 TABS.                        ,       ,PZA   ,10,58.75,0,0,176.592887,21D0117                       ,                         ,                                        ,21D0117                       
N2492     ,Dev. Just.   ,09/06/2021,FAR      ,12062,4615.002,0,PHARMA AMIGO SA DE CV                                                                                                                                                                                                                                         ,373,Pagada    ,636.552,0,0,0,0,0,0,0,0,3978.45,0,1,PESOS                                                                           ,19.7728,27,MEXICO                                  ,            ,0,0,F     ,0,       ,0,       ,LINEA     ,51TBBF02            ,BIOFOLIC 400 / 60 TABS.                 ,       ,PZA   ,135,29.47,0,0,689.2700279,21D0128                       ,                         ,                                        ,21D0128                       
N2498     ,Dev. Just.   ,14/06/2021,FAR      ,12126,174043.0824,0,ASPEN MEXICO S DE RL DE CV                                                                                                                                                                                                                                    ,388,Pagada    ,24005.9424,0,0,0,0,0,0,0,0,150037.14,0,1,PESOS                                                                           ,19.8823,27,MEXICO                                  ,            ,0,0,F     ,0,       ,0,       ,TOLL MAQUI,51PLAB01            ,ABLAZOR CAJA CON 30 SOBRES 10G MEXICO   ,       ,PZA   ,809,185.46,0,0,95919.31565,2.10E+24,                         ,                                        ,2.10E+26
N2498     ,Dev. Just.   ,14/06/2021,FAR      ,12126,173612.8152,0,ASPEN MEXICO S DE RL DE CV                                                                                                                                                                                                                                    ,388,Pagada    ,23946.5952,0,0,0,0,0,0,0,0,149666.22,0,1,PESOS                                                                           ,19.8823,27,MEXICO                                  ,            ,0,0,F     ,0,       ,0,       ,TOLL MAQUI,51PLAB01            ,ABLAZOR CAJA CON 30 SOBRES 10G MEXICO   ,       ,PZA   ,807,185.46,0,0,95794.34088,2.10E+25,                         ,                                        ,2.10E+26
N2498     ,Dev. Just.   ,14/06/2021,FAR      ,12126,171891.7464,0,ASPEN MEXICO S DE RL DE CV                                                                                                                                                                                                                                    ,388,Pagada    ,23709.2064,0,0,0,0,0,0,0,0,148182.54,0,1,PESOS                                                                           ,19.8823,27,MEXICO                                  ,            ,0,0,F     ,0,       ,0,       ,TOLL MAQUI,51PLAB01            ,ABLAZOR CAJA CON 30 SOBRES 10G MEXICO   ,       ,PZA   ,799,185.46,0,0,96045.31648,2.10E+26,                         ,                                        ,2.10E+26
N2499     ,Dev. Just.   ,14/06/2021,FAR      ,12127,171461.4792,0,ASPEN MEXICO S DE RL DE CV                                                                                                                                                                                                                                    ,388,Pagada    ,23649.8592,0,0,0,0,0,0,0,0,147811.62,0,1,PESOS                                                                           ,19.8823,27,MEXICO                                  ,            ,0,0,F     ,0,       ,0,       ,TOLL MAQUI,51PLAB01            ,ABLAZOR CAJA CON 30 SOBRES 10G MEXICO   ,       ,PZA   ,797,185.46,0,0,95339.43923,2.10E+27,                         ,                                        ,2.10E+29
N2499     ,Dev. Just.   ,14/06/2021,FAR      ,12127,170816.0784,0,ASPEN MEXICO S DE RL DE CV                                                                                                                                                                                                                                    ,388,Pagada    ,23560.8384,0,0,0,0,0,0,0,0,147255.24,0,1,PESOS                                                                           ,19.8823,27,MEXICO                                  ,            ,0,0,F     ,0,       ,0,       ,TOLL MAQUI,51PLAB01            ,ABLAZOR CAJA CON 30 SOBRES 10G MEXICO   ,       ,PZA   ,794,185.46,0,0,95656.55923,2.10E+28,                         ,                                        ,2.10E+29
N2499     ,Dev. Just.   ,14/06/2021,FAR      ,12127,174903.6168,0,ASPEN MEXICO S DE RL DE CV                                                                                                                                                                                                                                    ,388,Pagada    ,24124.6368,0,0,0,0,0,0,0,0,150778.98,0,1,PESOS                                                                           ,19.8823,27,MEXICO                                  ,            ,0,0,F     ,0,       ,0,       ,TOLL MAQUI,51PLAB01            ,ABLAZOR CAJA CON 30 SOBRES 10G MEXICO   ,       ,PZA   ,813,185.46,0,0,95173.363,2.10E+29,                         ,                                        ,2.10E+29
N2506     ,Dev. Just.   ,16/06/2021,FAR      ,12249,59243.52,0,LABORATORIO ELMOR MEXICO                                                                                                                                                                                                                                      ,368,Pagada    ,8171.52,0,0,0,0,0,0,0,0,51072,0,1,PESOS                                                                           ,20.1235,27,MEXICO                                  ,            ,0,0,F     ,0,       ,0,       ,ANT       ,CCB-0884            ,ANTICIPO                                ,       ,SER   ,1,51072,0,0,0,                              ,                         ,                                        ,                              
N2507     ,Dev. Just.   ,16/06/2021,FAR      ,12250,41760,0,LABORATORIO ELMOR MEXICO                                                                                                                                                                                                                                      ,368,Pagada    ,5760,0,0,0,0,0,0,0,0,36000,0,1,PESOS                                                                           ,20.1235,27,MEXICO                                  ,            ,0,0,F     ,0,       ,0,       ,ANT       ,CCB-0884            ,ANTICIPO                                ,       ,SER   ,1,36000,0,0,0,                              ,                         ,                                        ,                              
N2508     ,Dev. Just.   ,16/06/2021,FAR      ,12252,46400,0,LABORATORIO ELMOR MEXICO                                                                                                                                                                                                                                      ,368,Pagada    ,6400,0,0,0,0,0,0,0,0,40000,0,1,PESOS                                                                           ,20.1235,27,MEXICO                                  ,            ,0,0,F     ,0,       ,0,       ,ANT       ,CCB-0884            ,ANTICIPO                                ,       ,SER   ,1,40000,0,0,0,                              ,                         ,                                        ,                              
N2511     ,Dev. Just.   ,16/06/2021,FAR      ,12259,12058.2,0,LABORATORIO ELMOR MEXICO                                                                                                                                                                                                                                      ,368,Pagada    ,1663.2,0,0,0,0,0,0,0,0,10395,0,1,PESOS                                                                           ,20.1235,27,MEXICO                                  ,            ,0,0,F     ,0,       ,0,       ,ANT       ,CCB-0884            ,ANTICIPO                                ,       ,SER   ,1,10395,0,0,0,                              ,                         ,                                        ,                              
N2545     ,Dev. Just.   ,29/06/2021,FAR      ,12333,167457.6,0,LABORATORIO ELMOR MEXICO                                                                                                                                                                                                                                      ,368,Pagada    ,23097.6,0,0,0,0,0,0,0,0,144360,0,1,PESOS                                                                           ,19.8027,27,MEXICO                                  ,            ,0,0,F     ,0,       ,0,       ,ANT       ,CCB-0884            ,ANTICIPO                                ,       ,SER   ,1,144360,0,0,0,                              ,                         ,                                        ,                              
N2546     ,Dev. Just.   ,29/06/2021,FAR      ,12335,118552,0,LABORATORIO ELMOR MEXICO                                                                                                                                                                                                                                      ,368,Pagada    ,16352,0,0,0,0,0,0,0,0,102200,0,1,PESOS                                                                           ,19.8027,27,MEXICO                                  ,            ,0,0,F     ,0,       ,0,       ,ANT       ,CCB-0884            ,ANTICIPO                                ,       ,SER   ,1,102200,0,0,0,                              ,                         ,                                        ,                              
N2547     ,Dev. Just.   ,29/06/2021,FAR      ,12336,52673.28,0,LABORATORIO ELMOR MEXICO                                                                                                                                                                                                                                      ,368,Pagada    ,7265.28,0,0,0,0,0,0,0,0,45408,0,1,PESOS                                                                           ,19.8027,27,MEXICO                                  ,            ,0,0,F     ,0,       ,0,       ,ANT       ,CCB-0884            ,ANTICIPO                                ,       ,SER   ,1,45408,0,0,0,                              ,                         ,                                        ,                              
N2548     ,Dev. Just.   ,29/06/2021,FAR      ,12337,46121.6,0,LABORATORIO ELMOR MEXICO                                                                                                                                                                                                                                      ,368,Pagada    ,6361.6,0,0,0,0,0,0,0,0,39760,0,1,PESOS                                                                           ,19.8027,27,MEXICO                                  ,            ,0,0,F     ,0,       ,0,       ,ANT       ,CCB-0884            ,ANTICIPO                                ,       ,SER   ,1,39760,0,0,0,                              ,                         ,                                        ,                              
N2561     ,Dev. Just.   ,06/07/2021,FAR      ,12370,22254.426,0,"LEVIC, S.A. DE C.V.                                                                                                                                                                                                                                           ",281,Pagada    ,3069.576,0,0,0,0,0,0,0,0,19184.85,0,1,PESOS                                                                           ,19.8532,27,MEXICO                                  ,            ,0,0,F     ,0,       ,0,       ,LINEA     ,51TBPF01            ,PLENIFORM 40 /30 TABS.                  ,       ,PZA   ,405,47.37,0,0,3440.854129,21F0211                       ,                         ,                                        ,21F0208                       
N2561     ,Dev. Just.   ,06/07/2021,FAR      ,12370,5011.2,0,"LEVIC, S.A. DE C.V.                                                                                                                                                                                                                                           ",281,Pagada    ,691.2,0,0,0,0,0,0,0,0,4320,0,1,PESOS                                                                           ,19.8532,27,MEXICO                                  ,            ,0,0,F     ,0,       ,0,       ,LINEA     ,51TBTM01            ,TAMARIN-LX /30 CAPS.                    ,V99    ,PZA   ,135,32,0,0,0,2.10E+195,                         ,                                        ,21F0208                       
N2561     ,Dev. Just.   ,06/07/2021,FAR      ,12370,34892.8,0,"LEVIC, S.A. DE C.V.                                                                                                                                                                                                                                           ",281,Pagada    ,4812.8,0,0,0,0,0,0,0,0,30080,0,1,PESOS                                                                           ,19.8532,27,MEXICO                                  ,            ,0,0,F     ,0,       ,0,       ,LINEA     ,51TBEX01            ,EXZON C/90 TABS.                        ,V1     ,PZA   ,640,47,0,0,0,2.10E+197,                         ,                                        ,21F0208                       
N2561     ,Dev. Just.   ,06/07/2021,FAR      ,12370,5654.826,0,"LEVIC, S.A. DE C.V.                                                                                                                                                                                                                                           ",281,Pagada    ,779.976,0,0,0,0,0,0,0,0,4874.85,0,1,PESOS                                                                           ,19.8532,27,MEXICO                                  ,            ,0,0,F     ,0,       ,0,       ,LINEA     ,51CPDG05            ,D-GELAC+FS C/30 CAPS.                   ,       ,PZA   ,135,36.11,0,0,1438.620512,21F0208                       ,                         ,                                        ,21F0208                       
N2562     ,Dev. Just.   ,06/07/2021,FAR      ,12346,22254.426,0,"LEVIC, S.A. DE C.V.                                                                                                                                                                                                                                           ",281,Pagada    ,3069.576,0,0,0,0,0,0,0,0,19184.85,0,1,PESOS                                                                           ,19.8532,27,MEXICO                                  ,            ,0,0,F     ,0,       ,0,       ,LINEA     ,51TBPF01            ,PLENIFORM 40 /30 TABS.                  ,       ,PZA   ,405,47.37,0,0,3483.072236,21F0210                       ,                         ,                                        ,2.10E+202
N2562     ,Dev. Just.   ,06/07/2021,FAR      ,12346,1624,0,"LEVIC, S.A. DE C.V.                                                                                                                                                                                                                                           ",281,Pagada    ,224,0,0,0,0,0,0,0,0,1400,0,1,PESOS                                                                           ,19.8532,27,MEXICO                                  ,            ,0,0,F     ,0,       ,0,       ,LINEA     ,51TBPK01            ,PROBIO KIDS / 30 TABS.                  ,       ,PZA   ,50,28,0,0,328.5147775,2.10E+196,                         ,                                        ,2.10E+202
N2562     ,Dev. Just.   ,06/07/2021,FAR      ,12346,5654.826,0,"LEVIC, S.A. DE C.V.                                                                                                                                                                                                                                           ",281,Pagada    ,779.976,0,0,0,0,0,0,0,0,4874.85,0,1,PESOS                                                                           ,19.8532,27,MEXICO                                  ,            ,0,0,F     ,0,       ,0,       ,LINEA     ,51CPDG05            ,D-GELAC+FS C/30 CAPS.                   ,       ,PZA   ,135,36.11,0,0,1438.620512,21F0208                       ,                         ,                                        ,2.10E+202
N2562     ,Dev. Just.   ,06/07/2021,FAR      ,12346,4361.6,0,"LEVIC, S.A. DE C.V.                                                                                                                                                                                                                                           ",281,Pagada    ,601.6,0,0,0,0,0,0,0,0,3760,0,1,PESOS                                                                           ,19.8532,27,MEXICO                                  ,            ,0,0,F     ,0,       ,0,       ,LINEA     ,51TBEX01            ,EXZON C/90 TABS.                        ,V99    ,PZA   ,80,47,0,0,0,2.10E+193,                         ,                                        ,2.10E+202
N2562     ,Dev. Just.   ,06/07/2021,FAR      ,12346,22750.848,0,"LEVIC, S.A. DE C.V.                                                                                                                                                                                                                                           ",281,Pagada    ,3138.048,0,0,0,0,0,0,0,0,19612.8,0,1,PESOS                                                                           ,19.8532,27,MEXICO                                  ,            ,0,0,F     ,0,       ,0,       ,LINEA     ,51CPVF01            ,BIOMIVIT 400 30 / CAPS                  ,V99    ,PZA   ,540,36.32,0,0,0,2.10E+202,                         ,                                        ,2.10E+202
N2571     ,Dev. Just.   ,08/07/2021,FAR      ,11964,34765.2,0,PHARMA AMIGO SA DE CV                                                                                                                                                                                                                                         ,373,Pagada    ,4795.2,0,0,0,0,0,0,0,0,29970,0,1,PESOS                                                                           ,19.9915,27,MEXICO                                  ,            ,0,0,F     ,0,       ,0,       ,LINEA     ,51CPDM01            ,DIAMIVYM C/30 CAPS                      ,       ,PZA   ,810,37,0,0,15207.57531,21D0151                       ,                         ,                                        ,21D0151                       
N2584     ,Dev. Just.   ,15/07/2021,FAR      ,12439,12058.2,0,LABORATORIO ELMOR MEXICO                                                                                                                                                                                                                                      ,368,Pagada    ,1663.2,0,0,0,0,0,0,0,0,10395,0,1,PESOS                                                                           ,19.8992,27,MEXICO                                  ,            ,0,0,F     ,0,       ,0,       ,ANT       ,CCB-0884            ,ANTICIPO                                ,       ,SER   ,1,10395,0,0,0,                              ,                         ,                                        ,                              
N2588     ,Dev. Just.   ,19/07/2021,FAR      ,12431,55173.312,0,RAMA FARMACEUTICA                                                                                                                                                                                                                                             ,364,Pagada    ,7610.112,0,0,0,0,0,0,0,0,47563.2,0,1,PESOS                                                                           ,19.8537,27,MEXICO                                  ,            ,0,0,F     ,0,       ,0,       ,LINEA     ,51CPVT03            ,VITEM 3RA /30 CAPS.                     ,       ,PZA   ,810,58.72,0,0,6602.346887,21D0133                       ,                         ,                                        ,21D0133                       
N2604     ,Dev. Just.   ,23/07/2021,FAR      ,12429,8143.2,0,"BRUDIFARMA, S.A. DE C.V.                                                                                                                                                                                                                                      ",260,Pagada    ,1123.2,0,0,0,0,0,0,0,0,7020,0,1,PESOS                                                                           ,20.1812,27,MEXICO                                  ,            ,0,0,F     ,0,       ,0,       ,LINEA     ,51TBCG01            ,COLAGENER C/60 TABS.                    ,       ,PZA   ,180,39,0,0,1511.069758,21F0224                       ,                         ,                                        ,21F0224                       
N2622     ,Dev. Just.   ,28/07/2021,FAR      ,12526,1106640,0,MAXIVA                                                                                                                                                                                                                                                        ,311,Pagada    ,152640,0,0,0,0,0,0,0,0,954000,0,1,PESOS                                                                           ,19.977,29,GUADALAJARA                             ,            ,0,0,F     ,0,       ,0,       ,ANT       ,CCB-0884            ,ANTICIPO                                ,       ,SER   ,1,954000,0,0,0,                              ,                         ,                                        ,                              
N2623     ,Dev. Just.   ,28/07/2021,FAR      ,12527,831720,0,MAXIVA                                                                                                                                                                                                                                                        ,311,Pagada    ,114720,0,0,0,0,0,0,0,0,717000,0,1,PESOS                                                                           ,19.977,29,GUADALAJARA                             ,            ,0,0,F     ,0,       ,0,       ,ANT       ,CCB-0884            ,ANTICIPO                                ,       ,SER   ,1,717000,0,0,0,                              ,                         ,                                        ,                              
N2628     ,Dev. Just.   ,30/07/2021,FAR      ,12291,1596.0208,0,VENTA MENUDEO E-COMMERCE                                                                                                                                                                                                                                      ,390,Pagada    ,220.1408,0,0,0,0,0,0,0,0,1375.88,0,1,PESOS                                                                           ,19.8448,27,MEXICO                                  ,            ,0,0,F     ,0,       ,0,       ,CP        ,51PLMS01            ,MORNING SHAKE 10 SOBRES 50g             ,       ,PZA   ,4,343.97,0,0,508.2080012,20K2157                       ,                         ,                                        ,20K2156                       
N2628     ,Dev. Just.   ,30/07/2021,FAR      ,12291,798.0104,0,VENTA MENUDEO E-COMMERCE                                                                                                                                                                                                                                      ,390,Pagada    ,110.0704,0,0,0,0,0,0,0,0,687.94,0,1,PESOS                                                                           ,19.8448,27,MEXICO                                  ,            ,0,0,F     ,0,       ,0,       ,CP        ,51PLMS01            ,MORNING SHAKE 10 SOBRES 50g             ,       ,PZA   ,2,343.97,0,0,266.0228146,20K2156                       ,                         ,                                        ,20K2156                       
N2629     ,Dev. Just.   ,30/07/2021,FAR      ,12194,997.9944,0,VENTA MENUDEO E-COMMERCE                                                                                                                                                                                                                                      ,390,Pagada    ,137.6544,0,0,0,0,0,0,0,0,860.34,0,1,PESOS                                                                           ,19.8448,27,MEXICO                                  ,            ,0,0,F     ,0,       ,0,       ,POLVO     ,51PLSK01            ,SKIN 30 SOBRES 12G                      ,       ,PZA   ,2,430.17,0,0,223.9794857,20H0235                       ,                         ,                                        ,20H0235                       
N2630     ,Dev. Just.   ,30/07/2021,FAR      ,12233,171246.3456,0,ASPEN MEXICO S DE RL DE CV                                                                                                                                                                                                                                    ,388,Pagada    ,23620.1856,0,0,0,0,0,0,0,0,147626.16,0,1,PESOS                                                                           ,19.8448,27,MEXICO                                  ,            ,0,0,F     ,0,       ,0,       ,TOLL MAQUI,51PLAB01            ,ABLAZOR CAJA CON 30 SOBRES 10G MEXICO   ,       ,PZA   ,796,185.46,0,0,96267.09448,2.10E+26,                         ,                                        ,2.10E+25
N2630     ,Dev. Just.   ,30/07/2021,FAR      ,12233,173612.8152,0,ASPEN MEXICO S DE RL DE CV                                                                                                                                                                                                                                    ,388,Pagada    ,23946.5952,0,0,0,0,0,0,0,0,149666.22,0,1,PESOS                                                                           ,19.8448,27,MEXICO                                  ,            ,0,0,F     ,0,       ,0,       ,TOLL MAQUI,51PLAB01            ,ABLAZOR CAJA CON 30 SOBRES 10G MEXICO   ,       ,PZA   ,807,185.46,0,0,96142.35366,2.10E+24,                         ,                                        ,2.10E+25
N2630     ,Dev. Just.   ,30/07/2021,FAR      ,12233,171031.212,0,ASPEN MEXICO S DE RL DE CV                                                                                                                                                                                                                                    ,388,Pagada    ,23590.512,0,0,0,0,0,0,0,0,147440.7,0,1,PESOS                                                                           ,19.8448,27,MEXICO                                  ,            ,0,0,F     ,0,       ,0,       ,TOLL MAQUI,51PLAB01            ,ABLAZOR CAJA CON 30 SOBRES 10G MEXICO   ,       ,PZA   ,795,185.46,0,0,95998.37088,2.10E+25,                         ,                                        ,2.10E+25
N2631     ,Dev. Just.   ,30/07/2021,FAR      ,12234,174688.4832,0,ASPEN MEXICO S DE RL DE CV                                                                                                                                                                                                                                    ,388,Pagada    ,24094.9632,0,0,0,0,0,0,0,0,150593.52,0,1,PESOS                                                                           ,19.8448,27,MEXICO                                  ,            ,0,0,F     ,0,       ,0,       ,TOLL MAQUI,51PLAB01            ,ABLAZOR CAJA CON 30 SOBRES 10G MEXICO   ,       ,PZA   ,812,185.46,0,0,95432.203,2.10E+29,                         ,                                        ,2.10E+27
N2631     ,Dev. Just.   ,30/07/2021,FAR      ,12234,170600.9448,0,ASPEN MEXICO S DE RL DE CV                                                                                                                                                                                                                                    ,388,Pagada    ,23531.1648,0,0,0,0,0,0,0,0,147069.78,0,1,PESOS                                                                           ,19.8448,27,MEXICO                                  ,            ,0,0,F     ,0,       ,0,       ,TOLL MAQUI,51PLAB01            ,ABLAZOR CAJA CON 30 SOBRES 10G MEXICO   ,       ,PZA   ,793,185.46,0,0,95870.38123,2.10E+28,                         ,                                        ,2.10E+27
N2631     ,Dev. Just.   ,30/07/2021,FAR      ,12234,169955.544,0,ASPEN MEXICO S DE RL DE CV                                                                                                                                                                                                                                    ,388,Pagada    ,23442.144,0,0,0,0,0,0,0,0,146513.4,0,1,PESOS                                                                           ,19.8448,27,MEXICO                                  ,            ,0,0,F     ,0,       ,0,       ,TOLL MAQUI,51PLAB01            ,ABLAZOR CAJA CON 30 SOBRES 10G MEXICO   ,       ,PZA   ,790,185.46,0,0,95521.99524,2.10E+27,                         ,                                        ,2.10E+27
N2633     ,Dev. Just.   ,30/07/2021,FAR      ,12547,145701.8,0,BOREAL FARMACEUTICA                                                                                                                                                                                                                                           ,350,Pagada    ,20096.8,0,0,0,0,0,0,0,0,125605,0,1,PESOS                                                                           ,19.8448,29,GUADALAJARA                             ,            ,0,0,F     ,0,       ,0,       ,ANT       ,CCB-0884            ,ANTICIPO                                ,       ,SER   ,1,125605,0,0,0,                              ,                         ,                                        ,                              
N2644     ,Dev. Just.   ,10/08/2021,FAR      ,12591,204450,0,REMEDIO S.A. DE C.V.                                                                                                                                                                                                                                          ,110,Pagada    ,28200,0,0,0,0,0,0,0,0,176250,0,1,PESOS                                                                           ,20.0648,29,GUADALAJARA                             ,            ,0,0,F     ,0,       ,0,       ,ANT       ,CCB-0884            ,ANTICIPO                                ,       ,SER   ,1,176250,0,0,0,                              ,                         ,                                        ,                              
N2647     ,Dev. Just.   ,11/08/2021,FAR      ,12583,25032.8,0,"BRUDIFARMA, S.A. DE C.V.                                                                                                                                                                                                                                      ",260,Pagada    ,3452.8,0,0,0,0,0,0,0,0,21580,0,1,PESOS                                                                           ,20.1038,27,MEXICO                                  ,            ,0,0,F     ,0,       ,0,       ,LINEA     ,51GLVA04            ,VANESIR GEL 200 G                       ,       ,PZA   ,500,43.16,0,0,7174.771785,G21003                        ,                         ,                                        ,G21003                        
N2653     ,Dev. Just.   ,12/08/2021,FAR      ,12541,800.1216,0,NUTRIMANIA                                                                                                                                                                                                                                                    ,292,Pagada    ,110.3616,0,0,0,0,0,0,0,0,689.76,0,1,PESOS                                                                           ,19.953,27,MEXICO                                  ,            ,0,0,F     ,0,       ,0,       ,LINEA     ,51GLVA02            ,VANESIR GEL 50 G                        ,       ,PZA   ,48,14.37,0,0,245.2328837,G200257                       ,                         ,                                        ,21C2118                       
N2653     ,Dev. Just.   ,12/08/2021,FAR      ,12541,6660.198,0,NUTRIMANIA                                                                                                                                                                                                                                                    ,292,Pagada    ,918.648,0,0,0,0,0,0,0,0,5741.55,0,1,PESOS                                                                           ,19.953,27,MEXICO                                  ,            ,0,0,F     ,0,       ,0,       ,LINEA     ,51CPDM01            ,DIAMIVYM C/30 CAPS                      ,       ,PZA   ,135,42.53,0,0,2534.595885,21D0151                       ,                         ,                                        ,21C2118                       
N2653     ,Dev. Just.   ,12/08/2021,FAR      ,12541,1421,0,NUTRIMANIA                                                                                                                                                                                                                                                    ,292,Pagada    ,196,0,0,0,0,0,0,0,0,1225,0,1,PESOS                                                                           ,19.953,27,MEXICO                                  ,            ,0,0,F     ,0,       ,0,       ,LINEA     ,51JBNC01            ,NATUBRON CERO JARABE 240 ML             ,       ,PZA   ,25,49,0,0,294.7929785,21D0122                       ,                         ,                                        ,21C2118                       
N2653     ,Dev. Just.   ,12/08/2021,FAR      ,12541,1965.04,0,NUTRIMANIA                                                                                                                                                                                                                                                    ,292,Pagada    ,271.04,0,0,0,0,0,0,0,0,1694,0,1,PESOS                                                                           ,19.953,27,MEXICO                                  ,            ,0,0,F     ,0,       ,0,       ,LINEA     ,51TBBF02            ,BIOFOLIC 400 / 60 TABS.                 ,V1     ,PZA   ,50,33.88,0,0,298.95133,21F0204                       ,                         ,                                        ,21C2118                       
N2653     ,Dev. Just.   ,12/08/2021,FAR      ,12541,3120.168,0,NUTRIMANIA                                                                                                                                                                                                                                                    ,292,Pagada    ,430.368,0,0,0,0,0,0,0,0,2689.8,0,1,PESOS                                                                           ,19.953,27,MEXICO                                  ,            ,0,0,F     ,0,       ,0,       ,LINEA     ,51TBCG01            ,COLAGENER C/60 TABS.                    ,       ,PZA   ,60,44.83,0,0,503.6899194,21F0224                       ,                         ,                                        ,21C2118                       
N2653     ,Dev. Just.   ,12/08/2021,FAR      ,12541,2848.96,0,NUTRIMANIA                                                                                                                                                                                                                                                    ,292,Pagada    ,392.96,0,0,0,0,0,0,0,0,2456,0,1,PESOS                                                                           ,19.953,27,MEXICO                                  ,            ,0,0,F     ,0,       ,0,       ,LINEA     ,51TBCV01            ,C-VYM CON 30 TABLETAS MASTICABLES       ,       ,PIEZA ,50,49.12,0,0,828.1404095,21C2118                       ,                         ,                                        ,21C2118                       
N2654     ,Dev. Just.   ,13/08/2021,FAR      ,11545,24.2208,0,"GRISI HNOS., S.A. DE C.V                                                                                                                                                                                                                                      ",405,Pagada    ,3.3408,0,0,0,0,0,0,0,0,20.88,0,1,PESOS                                                                           ,19.8907,29,GUADALAJARA                             ,            ,0,0,F     ,0,       ,0,       ,MAQUILA   ,51PLCB01            ,C-BOOST CAJA CON 10 SOBRES DE 8G        ,       ,PIEZA ,1,20.88,0,0,8.494901,21B2097                       ,                         ,                                        ,21B2097                       
N2662     ,Dev. Just.   ,17/08/2021,FAR      ,12647,52673.28,0,LABORATORIO ELMOR MEXICO                                                                                                                                                                                                                                      ,368,Pagada    ,7265.28,0,0,0,0,0,0,0,0,45408,0,1,PESOS                                                                           ,19.8863,27,MEXICO                                  ,            ,0,0,F     ,0,       ,0,       ,ANT       ,CCB-0884            ,ANTICIPO                                ,       ,SER   ,1,45408,0,0,0,                              ,                         ,                                        ,                              
N2667     ,Dev. Just.   ,19/08/2021,FAR      ,12680,59276,0,LABORATORIO ELMOR MEXICO                                                                                                                                                                                                                                      ,368,Pagada    ,8176,0,0,0,0,0,0,0,0,51100,0,1,PESOS                                                                           ,20.0107,27,MEXICO                                  ,            ,0,0,F     ,0,       ,0,       ,ANT       ,CCB-0884            ,ANTICIPO                                ,       ,SER   ,1,51100,0,0,0,                              ,                         ,                                        ,                              
N2679     ,Dev. Just.   ,26/08/2021,FAR      ,12730,209322,0,LABORATORIO ELMOR MEXICO                                                                                                                                                                                                                                      ,368,Pagada    ,28872,0,0,0,0,0,0,0,0,180450,0,1,PESOS                                                                           ,20.2933,27,MEXICO                                  ,            ,0,0,F     ,0,       ,0,       ,ANT       ,CCB-0884            ,ANTICIPO                                ,       ,SER   ,1,180450,0,0,0,                              ,                         ,                                        ,                              
N2685     ,Dev. Just.   ,31/08/2021,FAR      ,12575,4603.808,0,GRUPO COMERCIALIZADORA LA ESPIGA S.A. DE C.V.                                                                                                                                                                                                                 ,57,Pagada    ,635.008,0,0,0,0,0,0,0,0,3968.8,0,1,PESOS                                                                           ,20.1403,29,GUADALAJARA                             ,            ,0,0,F     ,0,       ,0,       ,LINEA     ,51GLVA04            ,VANESIR GEL 200 G                       ,       ,PZA   ,80,49.61,0,0,1147.963486,G21003                        ,                         ,                                        ,21C0071                       
N2685     ,Dev. Just.   ,31/08/2021,FAR      ,12575,3438.82,0,GRUPO COMERCIALIZADORA LA ESPIGA S.A. DE C.V.                                                                                                                                                                                                                 ,57,Pagada    ,474.32,0,0,0,0,0,0,0,0,2964.5,0,1,PESOS                                                                           ,20.1403,29,GUADALAJARA                             ,            ,0,0,F     ,0,       ,0,       ,LINEA     ,51CPDG05            ,D-GELAC+FS C/30 CAPS.                   ,       ,PZA   ,70,42.35,0,0,816.2396459,21F0209                       ,                         ,                                        ,21C0071                       
N2685     ,Dev. Just.   ,31/08/2021,FAR      ,12575,2080.112,0,GRUPO COMERCIALIZADORA LA ESPIGA S.A. DE C.V.                                                                                                                                                                                                                 ,57,Pagada    ,286.912,0,0,0,0,0,0,0,0,1793.2,0,1,PESOS                                                                           ,20.1403,29,GUADALAJARA                             ,            ,0,0,F     ,0,       ,0,       ,LINEA     ,51TBCG01            ,COLAGENER C/60 TABS.                    ,       ,PZA   ,40,44.83,0,0,315.3191996,21F0223                       ,                         ,                                        ,21C0071                       
N2685     ,Dev. Just.   ,31/08/2021,FAR      ,12575,4982.2,0,GRUPO COMERCIALIZADORA LA ESPIGA S.A. DE C.V.                                                                                                                                                                                                                 ,57,Pagada    ,687.2,0,0,0,0,0,0,0,0,4295,0,1,PESOS                                                                           ,20.1403,29,GUADALAJARA                             ,            ,0,0,F     ,0,       ,0,       ,LINEA     ,51TBME01            ,MEM-EH C/30 TABS                        ,V1     ,PZA   ,100,42.95,0,0,0,21F0215                       ,                         ,                                        ,21C0071                       
N2685     ,Dev. Just.   ,31/08/2021,FAR      ,12575,4266.48,0,GRUPO COMERCIALIZADORA LA ESPIGA S.A. DE C.V.                                                                                                                                                                                                                 ,57,Pagada    ,588.48,0,0,0,0,0,0,0,0,3678,0,1,PESOS                                                                           ,20.1403,29,GUADALAJARA                             ,            ,0,0,F     ,0,       ,0,       ,LINEA     ,51TBTM01            ,TAMARIN-LX /30 CAPS.                    ,V99    ,PZA   ,100,36.78,0,0,0,2.10E+195,                         ,                                        ,21C0071                       
N2685     ,Dev. Just.   ,31/08/2021,FAR      ,12575,746.576,0,GRUPO COMERCIALIZADORA LA ESPIGA S.A. DE C.V.                                                                                                                                                                                                                 ,57,Pagada    ,102.976,0,0,0,0,0,0,0,0,643.6,0,1,PESOS                                                                           ,20.1403,29,GUADALAJARA                             ,            ,0,0,F     ,0,       ,0,       ,LINEA     ,51TBCK03            ,C-KIDS C/30 TABS.                       ,V99    ,PZA   ,20,32.18,0,0,0,21C0071                       ,                         ,                                        ,21C0071                       
N2687     ,Dev. Just.   ,01/09/2021,FAR      ,11452,24719.31,0,LABORATORIO ELMOR MEXICO                                                                                                                                                                                                                                      ,368,Pagada    ,3409.56,0,0,0,0,0,0,0,0,21309.75,0,1,PESOS                                                                           ,20.0605,27,MEXICO                                  ,            ,0,0,F     ,0,       ,0,       ,MAQUILA   ,51PLFP01            ,FLOS-PRO C/10 SOBRES 1g                 ,       ,PZA   ,615,34.65,0,0,7597.01505,21B0053                       ,                         ,                                        ,21B0053                       
N2688     ,Dev. Just.   ,01/09/2021,FAR      ,12439,58200.912,0,LABORATORIO ELMOR MEXICO                                                                                                                                                                                                                                      ,368,Pagada    ,8027.712,0,0,0,0,0,0,0,0,50173.2,0,1,PESOS                                                                           ,20.0605,27,MEXICO                                  ,            ,0,0,F     ,0,       ,0,       ,MAQUILA   ,51PLFP01            ,FLOS-PRO C/10 SOBRES 1g                 ,       ,PZA   ,1448,34.65,0,0,19737.3593,21G0244                       ,                         ,                                        ,21G0244                       
N2689     ,Dev. Just.   ,01/09/2021,FAR      ,12259,56753.928,0,LABORATORIO ELMOR MEXICO                                                                                                                                                                                                                                      ,368,Pagada    ,7828.128,0,0,0,0,0,0,0,0,48925.8,0,1,PESOS                                                                           ,20.0605,27,MEXICO                                  ,            ,0,0,F     ,0,       ,0,       ,MAQUILA   ,51PLFP01            ,FLOS-PRO C/10 SOBRES 1g                 ,       ,PZA   ,1412,34.65,0,0,19305.38033,2.10E+192,                         ,                                        ,2.10E+192
N2691     ,Dev. Just.   ,01/09/2021,FAR      ,12714,61556.20406,0,"GRISI HNOS., S.A. DE C.V                                                                                                                                                                                                                                      ",405,Pagada    ,8490.510904,0,0,0,0,0,0,0,0,53065.69315,26528.86685,1,PESOS                                                                           ,20.0605,29,GUADALAJARA                             ,            ,0,0,F     ,0,       ,0,       ,MAQUILA   ,51PLCB01            ,C-BOOST CAJA CON 10 SOBRES DE 8G        ,       ,PIEZA ,3812,20.88,0,0,34005.47316,21H007                        ,                         ,                                        ,21H007                        
N2692     ,Dev. Just.   ,01/09/2021,FAR      ,12715,95200.272,0,"GRISI HNOS., S.A. DE C.V                                                                                                                                                                                                                                      ",405,Pagada    ,13131.072,0,0,0,0,0,0,0,0,82069.2,0,1,PESOS                                                                           ,20.0605,29,GUADALAJARA                             ,            ,0,0,F     ,0,       ,0,       ,MAQUILA   ,51SBCB01            ,C-BOOST duopack con dos cajas de 30     ,V99    ,PIEZA ,918,89.4,0,0,0,2.10E+06,                         ,                                        ,2.10E+06
N2693     ,Dev. Just.   ,01/09/2021,FAR      ,12731,86592.84,0,"GRISI HNOS., S.A. DE C.V                                                                                                                                                                                                                                      ",405,Pagada    ,11943.84,0,0,0,0,0,0,0,0,74649,0,1,PESOS                                                                           ,20.0605,29,GUADALAJARA                             ,            ,0,0,F     ,0,       ,0,       ,MAQUILA   ,51SBCB01            ,C-BOOST duopack con dos cajas de 30     ,V99    ,PIEZA ,835,89.4,0,0,0,2.10E+18,                         ,                                        ,2.10E+18
N2694     ,Dev. Just.   ,01/09/2021,FAR      ,12732,93333.6,0,"GRISI HNOS., S.A. DE C.V                                                                                                                                                                                                                                      ",405,Pagada    ,12873.6,0,0,0,0,0,0,0,0,80460,0,1,PESOS                                                                           ,20.0605,29,GUADALAJARA                             ,            ,0,0,F     ,0,       ,0,       ,MAQUILA   ,51SBCB01            ,C-BOOST duopack con dos cajas de 30     ,V99    ,PIEZA ,900,89.4,0,0,0,2.10E+20,                         ,                                        ,2.10E+20
N2703     ,Dev. Just.   ,09/09/2021,FAR      ,12749,38363.52,0,LABORATORIO ELMOR MEXICO                                                                                                                                                                                                                                      ,368,Pagada    ,5291.52,0,0,0,0,0,0,0,0,33072,0,1,PESOS                                                                           ,19.944,27,MEXICO                                  ,            ,0,0,F     ,0,       ,0,       ,ANT       ,CCB-0884            ,ANTICIPO                                ,       ,SER   ,1,33072,0,0,0,                              ,                         ,                                        ,                              
N2710     ,Dev. Just.   ,14/09/2021,FAR      ,12336,153916.224,0,LABORATORIO ELMOR MEXICO                                                                                                                                                                                                                                      ,368,Pagada    ,21229.824,0,0,0,0,0,0,0,0,132686.4,0,1,PESOS                                                                           ,19.8677,27,MEXICO                                  ,            ,0,0,F     ,0,       ,0,       ,MAQUILA   ,51CPFP01            ,FLOS-PRO C/14 CAPS.                     ,       ,PZA   ,3590,36.96,0,0,57553.17665,21F0219                       ,                         ,                                        ,21F0219                       
N2712     ,Dev. Just.   ,14/09/2021,FAR      ,12860,48528.6,0,LABORATORIO ELMOR MEXICO                                                                                                                                                                                                                                      ,368,Pagada    ,6693.6,0,0,0,0,0,0,0,0,41835,0,1,PESOS                                                                           ,19.8677,27,MEXICO                                  ,            ,0,0,F     ,0,       ,0,       ,ANT       ,CCB-0884            ,ANTICIPO                                ,       ,SER   ,1,41835,0,0,0,                              ,                         ,                                        ,                              
N2735     ,Dev. Just.   ,22/09/2021,FAR      ,11728,56367.3,0,DIFARMER                                                                                                                                                                                                                                                      ,4,Pagada    ,7774.8,0,0,0,0,0,0,0,0,48592.5,0,1,PESOS                                                                           ,20.1735,29,GUADALAJARA                             ,            ,0,0,F     ,0,       ,0,       ,LINEA     ,51PLCV01            ,C-VYM NARANJA-MANDARINA C/11 SOBRES     ,       ,PIEZA ,1045,46.5,0,0,29202.81016,mar-04,                         ,                                        ,mar-04
N2743     ,Dev. Just.   ,30/09/2021,FAR      ,12945,81708.91724,0,"GRISI HNOS., S.A. DE C.V                                                                                                                                                                                                                                      ",405,Pagada    ,11270.19548,0,0,0,0,0,0,0,0,70438.72176,35214.07824,1,PESOS                                                                           ,20.4977,29,GUADALAJARA                             ,            ,0,0,F     ,0,       ,0,       ,MAQUILA   ,51PLCB01            ,C-BOOST CAJA CON 10 SOBRES DE 8G        ,       ,PIEZA ,5060,20.88,0,0,49066.87338,21I005                        ,                         ,                                        ,21I005                        
N2744     ,Dev. Just.   ,30/09/2021,FAR      ,12970,344520,0,MAXIVA                                                                                                                                                                                                                                                        ,311,Pagada    ,47520,0,0,0,0,0,0,0,0,297000,0,1,PESOS                                                                           ,20.4977,29,GUADALAJARA                             ,            ,0,0,F     ,0,       ,0,       ,ANT       ,CCB-0884            ,ANTICIPO                                ,       ,SER   ,1,297000,0,0,0,                              ,                         ,                                        ,                              
N2745     ,Dev. Just.   ,30/09/2021,FAR      ,12971,344520,0,MAXIVA                                                                                                                                                                                                                                                        ,311,Pagada    ,47520,0,0,0,0,0,0,0,0,297000,0,1,PESOS                                                                           ,20.4977,29,GUADALAJARA                             ,            ,0,0,F     ,0,       ,0,       ,ANT       ,CCB-0884            ,ANTICIPO                                ,       ,SER   ,1,297000,0,0,0,                              ,                         ,                                        ,                              
N2764     ,Dev. Just.   ,13/10/2021,FAR      ,13067,185363.36,0,LABORATORIO ELMOR MEXICO                                                                                                                                                                                                                                      ,368,Pagada    ,25567.36,0,0,0,0,0,0,0,0,159796,0,1,PESOS                                                                           ,20.7767,27,MEXICO                                  ,            ,0,0,F     ,0,       ,0,       ,ANT       ,CCB-0884            ,ANTICIPO                                ,       ,SER   ,1,159796,0,0,0,                              ,                         ,                                        ,                              
N2777     ,Dev. Just.   ,19/10/2021,FAR      ,11724,41533.8,0,DIFARMER                                                                                                                                                                                                                                                      ,4,Pagada    ,5728.8,0,0,0,0,0,0,0,0,35805,0,1,PESOS                                                                           ,20.3587,29,GUADALAJARA                             ,            ,0,0,F     ,0,       ,0,       ,LINEA     ,51PLCV01            ,C-VYM NARANJA-MANDARINA C/11 SOBRES     ,       ,PIEZA ,770,46.5,0,0,19482.04233,mar-03,                         ,                                        ,mar-03
N2781     ,Dev. Just.   ,20/10/2021,FAR      ,13136,23958.64,0,LABORATORIO ELMOR MEXICO                                                                                                                                                                                                                                      ,368,Pagada    ,3304.64,0,0,0,0,0,0,0,0,20654,0,1,PESOS                                                                           ,20.2647,27,MEXICO                                  ,            ,0,0,F     ,0,       ,0,       ,ANT       ,CCB-0884            ,ANTICIPO                                ,       ,SER   ,1,20654,0,0,0,                              ,                         ,                                        ,                              
N2782     ,Dev. Just.   ,20/10/2021,FAR      ,13137,59243.52,0,LABORATORIO ELMOR MEXICO                                                                                                                                                                                                                                      ,368,Pagada    ,8171.52,0,0,0,0,0,0,0,0,51072,0,1,PESOS                                                                           ,20.2647,27,MEXICO                                  ,            ,0,0,F     ,0,       ,0,       ,ANT       ,CCB-0884            ,ANTICIPO                                ,       ,SER   ,1,51072,0,0,0,                              ,                         ,                                        ,                              
N2783     ,Dev. Just.   ,21/10/2021,FAR      ,13142,64904.32,0,LABORATORIO ELMOR MEXICO                                                                                                                                                                                                                                      ,368,Pagada    ,8952.32,0,0,0,0,0,0,0,0,55952,0,1,PESOS                                                                           ,20.185,27,MEXICO                                  ,            ,0,0,F     ,0,       ,0,       ,ANT       ,CCB-0884            ,ANTICIPO                                ,       ,SER   ,1,55952,0,0,0,                              ,                         ,                                        ,                              
N2795     ,Dev. Just.   ,28/10/2021,FAR      ,13189,17400,0,LABORATORIO ELMOR MEXICO                                                                                                                                                                                                                                      ,368,Pagada    ,2400,0,0,0,0,0,0,0,0,15000,0,1,PESOS                                                                           ,20.193,27,MEXICO                                  ,            ,0,0,F     ,0,       ,0,       ,ANT       ,CCB-0884            ,ANTICIPO                                ,       ,SER   ,1,15000,0,0,0,                              ,                         ,                                        ,                              
N2798     ,Dev. Just.   ,29/10/2021,FAR      ,13199,398460,0,MAXIVA                                                                                                                                                                                                                                                        ,311,Pagada    ,54960,0,0,0,0,0,0,0,0,343500,0,1,PESOS                                                                           ,20.3255,29,GUADALAJARA                             ,            ,0,0,F     ,0,       ,0,       ,ANT       ,CCB-0884            ,ANTICIPO                                ,       ,SER   ,1,343500,0,0,0,                              ,                         ,                                        ,                              
N2799     ,Dev. Just.   ,29/10/2021,FAR      ,13200,398460,0,MAXIVA                                                                                                                                                                                                                                                        ,311,Pagada    ,54960,0,0,0,0,0,0,0,0,343500,0,1,PESOS                                                                           ,20.3255,29,GUADALAJARA                             ,            ,0,0,F     ,0,       ,0,       ,ANT       ,CCB-0884            ,ANTICIPO                                ,       ,SER   ,1,343500,0,0,0,                              ,                         ,                                        ,                              
N2804     ,Dev. Just.   ,03/11/2021,FAR      ,13180,6542.4,0,"BRUDIFARMA, S.A. DE C.V.                                                                                                                                                                                                                                      ",260,Pagada    ,902.4,0,0,0,0,0,0,0,0,5640,0,1,PESOS                                                                           ,20.8598,27,MEXICO                                  ,            ,0,0,F     ,0,       ,0,       ,LINEA     ,51TBEX01            ,EXZON C/90 TABS.                        ,V1     ,PZA   ,120,47,0,0,0,21I0349                       ,                         ,                                        ,21I0349                       
N2805     ,Dev. Just.   ,03/11/2021,FAR      ,13181,1236.27,0,"BRUDIFARMA, S.A. DE C.V.                                                                                                                                                                                                                                      ",260,Pagada    ,170.52,0,0,0,0,0,0,0,0,1065.75,0,1,PESOS                                                                           ,20.8598,27,MEXICO                                  ,            ,0,0,F     ,0,       ,0,       ,LINEA     ,51JBNC01            ,NATUBRON CERO JARABE 240 ML             ,       ,PZA   ,25,42.63,0,0,314.1161808,21J0366                       ,                         ,                                        ,21J0366                       
N2807     ,Dev. Just.   ,04/11/2021,FAR      ,13207,2493.826,0,PHARMA AMIGO SA DE CV                                                                                                                                                                                                                                         ,373,Pagada    ,343.976,0,0,0,0,0,0,0,0,2149.85,113.15,1,PESOS                                                                           ,20.8352,27,MEXICO                                  ,            ,0,0,F     ,0,       ,0,       ,LINEA     ,51CPVB02            ,VITABIOM Q10 /30 CAPS.                  ,V1     ,PZA   ,50,45.26,0,0,0,21J0381                       ,                         ,                                        ,21J0381                       
N2838     ,Dev. Just.   ,22/11/2021,FAR      ,13343,761274.36,0,MAXIVA                                                                                                                                                                                                                                                        ,311,Pagada    ,105003.36,0,0,0,0,0,0,0,0,656271,0,1,PESOS                                                                           ,20.8283,29,GUADALAJARA                             ,            ,0,0,F     ,0,       ,0,       ,ANT       ,CCB-0884            ,ANTICIPO                                ,       ,SER   ,1,656271,0,0,0,                              ,                         ,                                        ,                              
N2839     ,Dev. Just.   ,22/11/2021,FAR      ,13344,186418.96,0,LABORATORIO ELMOR MEXICO                                                                                                                                                                                                                                      ,368,Pagada    ,25712.96,0,0,0,0,0,0,0,0,160706,0,1,PESOS                                                                           ,20.8283,27,MEXICO                                  ,            ,0,0,F     ,0,       ,0,       ,ANT       ,CCB-0884            ,ANTICIPO                                ,       ,SER   ,1,160706,0,0,0,                              ,                         ,                                        ,                              
N2840     ,Dev. Just.   ,22/11/2021,FAR      ,13345,84726.4,0,LABORATORIO ELMOR MEXICO                                                                                                                                                                                                                                      ,368,Pagada    ,11686.4,0,0,0,0,0,0,0,0,73040,0,1,PESOS                                                                           ,20.8283,27,MEXICO                                  ,            ,0,0,F     ,0,       ,0,       ,ANT       ,CCB-0884            ,ANTICIPO                                ,       ,SER   ,1,73040,0,0,0,                              ,                         ,                                        ,                              
N2847     ,Dev. Just.   ,24/11/2021,FAR      ,13378,80580.096,0,LABORATORIO ELMOR MEXICO                                                                                                                                                                                                                                      ,368,Pagada    ,11114.496,0,0,0,0,0,0,0,0,69465.6,0,1,PESOS                                                                           ,21.2107,27,MEXICO                                  ,            ,0,0,F     ,0,       ,0,       ,ANT       ,CCB-0884            ,ANTICIPO                                ,       ,SER   ,1,69465.6,0,0,0,                              ,                         ,                                        ,                              
N2851     ,Dev. Just.   ,25/11/2021,FAR      ,13385,20455.904,0,LABORATORIO ELMOR MEXICO                                                                                                                                                                                                                                      ,368,Pagada    ,2821.504,0,0,0,0,0,0,0,0,17634.4,0,1,PESOS                                                                           ,21.4357,27,MEXICO                                  ,            ,0,0,F     ,0,       ,0,       ,ANT       ,CCB-0884            ,ANTICIPO                                ,       ,SER   ,1,17634.4,0,0,0,                              ,                         ,                                        ,                              
N2852     ,Dev. Just.   ,25/11/2021,FAR      ,13386,3589.04,0,LABORATORIO ELMOR MEXICO                                                                                                                                                                                                                                      ,368,Pagada    ,495.04,0,0,0,0,0,0,0,0,3094,0,1,PESOS                                                                           ,21.4357,27,MEXICO                                  ,            ,0,0,F     ,0,       ,0,       ,ANT       ,CCB-0884            ,ANTICIPO                                ,       ,SER   ,1,3094,0,0,0,                              ,                         ,                                        ,                              
N2853     ,Dev. Just.   ,25/11/2021,FAR      ,13389,9753.28,0,LABORATORIO ELMOR MEXICO                                                                                                                                                                                                                                      ,368,Pagada    ,1345.28,0,0,0,0,0,0,0,0,8408,0,1,PESOS                                                                           ,21.4357,27,MEXICO                                  ,            ,0,0,F     ,0,       ,0,       ,ANT       ,CCB-0884            ,ANTICIPO                                ,       ,SER   ,1,8408,0,0,0,                              ,                         ,                                        ,                              
N2856     ,Dev. Just.   ,30/11/2021,FAR      ,13408,142216,0,LABORATORIO ELMOR MEXICO                                                                                                                                                                                                                                      ,368,Pagada    ,19616,0,0,0,0,0,0,0,0,122600,0,1,PESOS                                                                           ,21.7333,27,MEXICO                                  ,            ,0,0,F     ,0,       ,0,       ,ANT       ,CCB-0884            ,ANTICIPO                                ,       ,SER   ,1,122600,0,0,0,                              ,                         ,                                        ,                              
N2857     ,Dev. Just.   ,30/11/2021,FAR      ,13439,1353963.6,0,MAXIVA                                                                                                                                                                                                                                                        ,311,Pagada    ,186753.6,0,0,0,0,0,0,0,0,1167210,0,1,PESOS                                                                           ,21.7333,29,GUADALAJARA                             ,            ,0,0,F     ,0,       ,0,       ,ANT       ,CCB-0884            ,ANTICIPO                                ,       ,SER   ,1,1167210,0,0,0,                              ,                         ,                                        ,                              
N2860     ,Dev. Just.   ,03/12/2021,FAR      ,13376,13119.87144,0,COMERCIALIZADORA NATURISTA DE MEXICO S. DE R.L. DE C.V.                                                                                                                                                                                                       ,369,Pagada    ,1809.63744,0,0,0,0,0,0,0,0,11310.234,290.006,1,PESOS                                                                           ,21.3033,27,MEXICO                                  ,            ,0,0,F     ,0,       ,0,       ,LINEA     ,51TBCA01            ,CASTIN /50 TABS.                        ,       ,PZA   ,296,39.19,0,0,3301.991636,21J0391                       ,                         ,                                        ,21I0334                       
N2860     ,Dev. Just.   ,03/12/2021,FAR      ,13376,7038.7785,0,COMERCIALIZADORA NATURISTA DE MEXICO S. DE R.L. DE C.V.                                                                                                                                                                                                       ,369,Pagada    ,970.866,0,0,0,0,0,0,0,0,6067.9125,155.5875,1,PESOS                                                                           ,21.3033,27,MEXICO                                  ,            ,0,0,F     ,0,       ,0,       ,LINEA     ,51TBCG01            ,COLAGENER C/60 TABS.                    ,V1     ,PZA   ,150,41.49,0,0,1979.664068,21J0372                       ,                         ,                                        ,21I0334                       
N2860     ,Dev. Just.   ,03/12/2021,FAR      ,13376,3695.92704,0,COMERCIALIZADORA NATURISTA DE MEXICO S. DE R.L. DE C.V.                                                                                                                                                                                                       ,369,Pagada    ,509.78304,0,0,0,0,0,0,0,0,3186.144,81.696,1,PESOS                                                                           ,21.3033,27,MEXICO                                  ,            ,0,0,F     ,0,       ,0,       ,LINEA     ,51TBTM01            ,TAMARIN-LX /30 CAPS.                    ,V1     ,PZA   ,96,34.04,0,0,1231.484539,21J0362                       ,                         ,                                        ,21I0334                       
N2860     ,Dev. Just.   ,03/12/2021,FAR      ,13376,7788.6315,0,COMERCIALIZADORA NATURISTA DE MEXICO S. DE R.L. DE C.V.                                                                                                                                                                                                       ,369,Pagada    ,1074.294,0,0,0,0,0,0,0,0,6714.3375,172.1625,1,PESOS                                                                           ,21.3033,27,MEXICO                                  ,            ,0,0,F     ,0,       ,0,       ,LINEA     ,51GLVA04            ,VANESIR GEL 200 G                       ,       ,PZA   ,150,45.91,0,0,2022.276194,G21005                        ,                         ,                                        ,21I0334                       
N2860     ,Dev. Just.   ,03/12/2021,FAR      ,13376,22175.56224,0,COMERCIALIZADORA NATURISTA DE MEXICO S. DE R.L. DE C.V.                                                                                                                                                                                                       ,369,Pagada    ,3058.69824,0,0,0,0,0,0,0,0,19116.864,490.176,1,PESOS                                                                           ,21.3033,27,MEXICO                                  ,            ,0,0,F     ,0,       ,0,       ,LINEA     ,51TBTM01            ,TAMARIN-LX /30 CAPS.                    ,V1     ,PZA   ,576,34.04,0,0,6437.008673,21I0334                       ,                         ,                                        ,21I0334                       
N2874     ,Dev. Just.   ,09/12/2021,FAR      ,13487,61647.04,0,LABORATORIO ELMOR MEXICO                                                                                                                                                                                                                                      ,368,Pagada    ,8503.04,0,0,0,0,0,0,0,0,53144,0,1,PESOS                                                                           ,20.933,27,MEXICO                                  ,            ,0,0,F     ,0,       ,0,       ,ANT       ,CCB-0884            ,ANTICIPO                                ,       ,SER   ,1,53144,0,0,0,                              ,                         ,                                        ,                              
N2875     ,Dev. Just.   ,10/12/2021,FAR      ,13491,640922.04,0,MAXIVA                                                                                                                                                                                                                                                        ,311,Pagada    ,88403.04,0,0,0,0,0,0,0,0,552519,0,1,PESOS                                                                           ,21.0328,29,GUADALAJARA                             ,            ,0,0,F     ,0,       ,0,       ,ANT       ,CCB-0884            ,ANTICIPO                                ,       ,SER   ,1,552519,0,0,0,                              ,                         ,                                        ,                              
N2885     ,Dev. Just.   ,16/12/2021,FAR      ,13537,128360.96,0,LABORATORIO ELMOR MEXICO                                                                                                                                                                                                                                      ,368,Pagada    ,17704.96,0,0,0,0,0,0,0,0,110656,0,1,PESOS                                                                           ,21.2393,27,MEXICO                                  ,            ,0,0,F     ,0,       ,0,       ,ANT       ,CCB-0884            ,ANTICIPO                                ,       ,SER   ,1,110656,0,0,0,                              ,                         ,                                        ,                              
N2887     ,Dev. Just.   ,16/12/2021,FAR      ,13540,38363.52,0,LABORATORIO ELMOR MEXICO                                                                                                                                                                                                                                      ,368,Pagada    ,5291.52,0,0,0,0,0,0,0,0,33072,0,1,PESOS                                                                           ,21.2393,27,MEXICO                                  ,            ,0,0,F     ,0,       ,0,       ,ANT       ,CCB-0884            ,ANTICIPO                                ,       ,SER   ,1,33072,0,0,0,                              ,                         ,                                        ,                              
N2896     ,Dev. Just.   ,28/12/2021,FAR      ,13278,1334.87,0,FARMACON SA DE CV                                                                                                                                                                                                                                             ,384,Pagada    ,184.12,0,0,0,0,0,0,0,0,1150.75,0,1,PESOS                                                                           ,20.6828,27,MEXICO                                  ,            ,0,0,F     ,0,       ,0,       ,LINEA     ,51JBNC01            ,NATUBRON CERO JARABE 240 ML             ,       ,PZA   ,25,46.03,0,0,302.287293,21J0390                       ,                         ,                                        ,21J0390                       
N2902     ,Dev. Just.   ,30/12/2021,FAR      ,13561,237.5216,0,VENTA MENUDEO                                                                                                                                                                                                                                                 ,1,Pagada    ,32.7616,0,0,0,0,0,0,0,0,204.76,0,1,PESOS                                                                           ,20.5835,29,GUADALAJARA                             ,            ,0,0,F     ,0,       ,0,       ,POLVO     ,51PLSK01            ,SKIN 30 SOBRES 12G                      ,       ,PZA   ,1,204.76,0,0,115.9705839,21H0311                       ,                         ,                                        ,21C2159                       
N2902     ,Dev. Just.   ,30/12/2021,FAR      ,13561,54.7404,0,VENTA MENUDEO                                                                                                                                                                                                                                                 ,1,Pagada    ,7.5504,0,0,0,0,0,0,0,0,47.19,0,1,PESOS                                                                           ,20.5835,29,GUADALAJARA                             ,            ,0,0,F     ,0,       ,0,       ,LINEA     ,51PLCV01            ,C-VYM NARANJA-MANDARINA C/11 SOBRES     ,       ,PIEZA ,1,47.19,0,0,25.93282548,21D2190                       ,                         ,                                        ,21C2159                       
N2902     ,Dev. Just.   ,30/12/2021,FAR      ,13561,1308.0624,0,VENTA MENUDEO                                                                                                                                                                                                                                                 ,1,Pagada    ,180.4224,0,0,0,0,0,0,0,0,1127.64,0,1,PESOS                                                                           ,20.5835,29,GUADALAJARA                             ,            ,0,0,F     ,0,       ,0,       ,CP        ,51PLCD01            ,COLAGENER 10 500GR                      ,V99    ,PZA   ,4,281.91,0,0,0,21G015                        ,                         ,                                        ,21C2159                       
N2902     ,Dev. Just.   ,30/12/2021,FAR      ,13561,906.3312,0,VENTA MENUDEO                                                                                                                                                                                                                                                 ,1,Pagada    ,125.0112,0,0,0,0,0,0,0,0,781.32,0,1,PESOS                                                                           ,20.5835,29,GUADALAJARA                             ,            ,0,0,F     ,0,       ,0,       ,VI        ,51TBBP01            ,B-PLEX C/30 TABS. (Obsoleto)            ,V99    ,PZA   ,17,45.96,0,0,0,21D0150                       ,                         ,                                        ,21C2159                       
N2902     ,Dev. Just.   ,30/12/2021,FAR      ,13561,502.6048,0,VENTA MENUDEO                                                                                                                                                                                                                                                 ,1,Pagada    ,69.3248,0,0,0,0,0,0,0,0,433.28,0,1,PESOS                                                                           ,20.5835,29,GUADALAJARA                             ,            ,0,0,F     ,0,       ,0,       ,LINEA     ,51TBBF02            ,BIOFOLIC 400 / 60 TABS.                 ,V1     ,PZA   ,16,27.08,0,0,99.7623656,21G0245                       ,                         ,                                        ,21C2159                       
N2902     ,Dev. Just.   ,30/12/2021,FAR      ,13561,717.808,0,VENTA MENUDEO                                                                                                                                                                                                                                                 ,1,Pagada    ,99.008,0,0,0,0,0,0,0,0,618.8,0,1,PESOS                                                                           ,20.5835,29,GUADALAJARA                             ,            ,0,0,F     ,0,       ,0,       ,LINEA     ,51GLVA04            ,VANESIR GEL 200 G                       ,       ,PZA   ,13,47.6,0,0,175.2639368,G21005                        ,                         ,                                        ,21C2159                       
N2902     ,Dev. Just.   ,30/12/2021,FAR      ,13561,356.9784,0,VENTA MENUDEO                                                                                                                                                                                                                                                 ,1,Pagada    ,49.2384,0,0,0,0,0,0,0,0,307.74,0,1,PESOS                                                                           ,20.5835,29,GUADALAJARA                             ,            ,0,0,F     ,0,       ,0,       ,LINEA     ,51TBVA01            ,VANESIR /45 TABS.                       ,V99    ,PZA   ,6,51.29,0,0,0,21H0301                       ,                         ,                                        ,21C2159                       
N2902     ,Dev. Just.   ,30/12/2021,FAR      ,13561,612.5496,0,VENTA MENUDEO                                                                                                                                                                                                                                                 ,1,Pagada    ,84.4896,0,0,0,0,0,0,0,0,528.06,0,1,PESOS                                                                           ,20.5835,29,GUADALAJARA                             ,            ,0,0,F     ,0,       ,0,       ,LINEA     ,51TBCV01            ,C-VYM CON 30 TABLETAS MASTICABLES       ,V99    ,PIEZA ,13,40.62,0,0,0,21C2127                       ,                         ,                                        ,21C2159                       
N2902     ,Dev. Just.   ,30/12/2021,FAR      ,13561,813.9024,0,VENTA MENUDEO                                                                                                                                                                                                                                                 ,1,Pagada    ,112.2624,0,0,0,0,0,0,0,0,701.64,0,1,PESOS                                                                           ,20.5835,29,GUADALAJARA                             ,            ,0,0,F     ,0,       ,0,       ,LINEA     ,51TBME01            ,MEM-EH C/30 TABS                        ,V1     ,PZA   ,18,38.98,0,0,176.0333006,21H0295                       ,                         ,                                        ,21C2159                       
N2902     ,Dev. Just.   ,30/12/2021,FAR      ,13561,628.314,0,VENTA MENUDEO                                                                                                                                                                                                                                                 ,1,Pagada    ,86.664,0,0,0,0,0,0,0,0,541.65,0,1,PESOS                                                                           ,20.5835,29,GUADALAJARA                             ,            ,0,0,F     ,0,       ,0,       ,LINEA     ,51CPDG05            ,D-GELAC+FS C/30 CAPS.                   ,V1     ,PZA   ,15,36.11,0,0,165.878708,21G0262                       ,                         ,                                        ,21C2159                       
N2902     ,Dev. Just.   ,30/12/2021,FAR      ,13561,282.7152,0,VENTA MENUDEO                                                                                                                                                                                                                                                 ,1,Pagada    ,38.9952,0,0,0,0,0,0,0,0,243.72,0,1,PESOS                                                                           ,20.5835,29,GUADALAJARA                             ,            ,0,0,F     ,0,       ,0,       ,LINEA     ,51TBCV01            ,C-VYM CON 30 TABLETAS MASTICABLES       ,V99    ,PIEZA ,6,40.62,0,0,0,21C2135                       ,                         ,                                        ,21C2159                       
N2902     ,Dev. Just.   ,30/12/2021,FAR      ,13561,1113.832,0,VENTA MENUDEO                                                                                                                                                                                                                                                 ,1,Pagada    ,153.632,0,0,0,0,0,0,0,0,960.2,0,1,PESOS                                                                           ,20.5835,29,GUADALAJARA                             ,            ,0,0,F     ,0,       ,0,       ,CP        ,51PLCC01            ,COLAGENER CERO AZUCAR 450GR             ,V99    ,PZA   ,4,240.05,0,0,0,21F003                        ,                         ,                                        ,21C2159                       
N2902     ,Dev. Just.   ,30/12/2021,FAR      ,13561,59.4964,0,VENTA MENUDEO                                                                                                                                                                                                                                                 ,1,Pagada    ,8.2064,0,0,0,0,0,0,0,0,51.29,0,1,PESOS                                                                           ,20.5835,29,GUADALAJARA                             ,            ,0,0,F     ,0,       ,0,       ,LINEA     ,51PLCV03            ,C-VYM CERO AZUCAR C/11 SOBRES           ,       ,PIEZA ,1,51.29,0,0,24.93268725,21C2159                       ,                         ,                                        ,21C2159                       
N2905     ,Dev. Just.   ,04/01/2022,FAR      ,13605,25716.3648,0,"FARMATOTAL, S.A. DE C.V.                                                                                                                                                                                                                                      ",287,Pagada    ,3547.0848,0,0,0,0,0,0,0,0,22169.28,0,1,PESOS                                                                           ,20.589,29,GUADALAJARA                             ,            ,0,0,F     ,0,       ,0,       ,LINEA     ,51TBTM01            ,TAMARIN-LX /30 CAPS.                    ,V1     ,PZA   ,672,32.99,0,0,0,21K0408                       ,                         ,                                        ,21D2177                       
N2905     ,Dev. Just.   ,04/01/2022,FAR      ,13605,45998.64,0,"FARMATOTAL, S.A. DE C.V.                                                                                                                                                                                                                                      ",287,Pagada    ,6344.64,0,0,0,0,0,0,0,0,39654,0,1,PESOS                                                                           ,20.589,29,GUADALAJARA                             ,            ,0,0,F     ,0,       ,0,       ,LINEA     ,51TBCV01            ,C-VYM CON 30 TABLETAS MASTICABLES       ,V99    ,PIEZA ,1000,39.654,0,0,0,21C2142                       ,                         ,                                        ,21D2177                       
N2905     ,Dev. Just.   ,04/01/2022,FAR      ,13605,11014.2,0,"FARMATOTAL, S.A. DE C.V.                                                                                                                                                                                                                                      ",287,Pagada    ,1519.2,0,0,0,0,0,0,0,0,9495,0,1,PESOS                                                                           ,20.589,29,GUADALAJARA                             ,            ,0,0,F     ,0,       ,0,       ,LINEA     ,51CPDG05            ,D-GELAC+FS C/30 CAPS.                   ,V1     ,PZA   ,250,37.98,0,0,0,21L0464                       ,                         ,                                        ,21D2177                       
N2905     ,Dev. Just.   ,04/01/2022,FAR      ,13605,32532.084,0,"FARMATOTAL, S.A. DE C.V.                                                                                                                                                                                                                                      ",287,Pagada    ,4487.184,0,0,0,0,0,0,0,0,28044.9,0,1,PESOS                                                                           ,20.589,29,GUADALAJARA                             ,            ,0,0,F     ,0,       ,0,       ,LINEA     ,51PLCV01            ,C-VYM NARANJA-MANDARINA C/11 SOBRES     ,       ,PIEZA ,650,43.146,0,0,16916.13529,2.10E+10,                         ,                                        ,21D2177                       
N2905     ,Dev. Just.   ,04/01/2022,FAR      ,13605,33775.488,0,"FARMATOTAL, S.A. DE C.V.                                                                                                                                                                                                                                      ",287,Pagada    ,4658.688,0,0,0,0,0,0,0,0,29116.8,0,1,PESOS                                                                           ,20.589,29,GUADALAJARA                             ,            ,0,0,F     ,0,       ,0,       ,LINEA     ,51PLCV03            ,C-VYM CERO AZUCAR C/11 SOBRES           ,       ,PIEZA ,600,48.528,0,0,15120.31937,21D2177                       ,                         ,                                        ,21D2177                       
N2912     ,Dev. Just.   ,12/01/2022,FAR      ,13682,52673.28,0,LABORATORIO ELMOR MEXICO                                                                                                                                                                                                                                      ,368,Pagada    ,7265.28,0,0,0,0,0,0,0,0,45408,0,1,PESOS                                                                           ,20.3785,27,MEXICO                                  ,            ,0,0,F     ,0,       ,0,       ,ANT       ,CCB-0884            ,ANTICIPO                                ,       ,SER   ,1,45408,0,0,0,                              ,                         ,                                        ,                              
N2913     ,Dev. Just.   ,12/01/2022,FAR      ,13683,34298.88,0,LABORATORIO ELMOR MEXICO                                                                                                                                                                                                                                      ,368,Pagada    ,4730.88,0,0,0,0,0,0,0,0,29568,0,1,PESOS                                                                           ,20.3785,27,MEXICO                                  ,            ,0,0,F     ,0,       ,0,       ,ANT       ,CCB-0884            ,ANTICIPO                                ,       ,SER   ,1,29568,0,0,0,                              ,                         ,                                        ,                              
N2917     ,Dev. Just.   ,13/01/2022,FAR      ,13649,245689.1136,0,RAMA FARMACEUTICA                                                                                                                                                                                                                                             ,364,Pagada    ,33888.1536,0,0,0,0,0,0,0,0,211800.96,0,1,PESOS                                                                           ,20.3785,27,MEXICO                                  ,            ,0,0,F     ,0,       ,0,       ,CP        ,51PLCD01            ,COLAGENER 10 500GR                      ,V99    ,PZA   ,612,346.08,0,0,0,21L037                        ,                         ,                                        ,21L037                        
N2937     ,Dev. Just.   ,31/01/2022,FAR      ,13841,204450,0,REMEDIO S.A. DE C.V.                                                                                                                                                                                                                                          ,110,Pagada    ,28200,0,0,0,0,0,0,0,0,176250,0,1,PESOS                                                                           ,20.8597,29,GUADALAJARA                             ,            ,0,0,F     ,0,       ,0,       ,ANT       ,CCB-0884            ,ANTICIPO                                ,       ,SER   ,1,176250,0,0,0,                              ,                         ,                                        ,                              
N2938     ,Dev. Just.   ,31/01/2022,FAR      ,13842,398460,0,MAXIVA                                                                                                                                                                                                                                                        ,311,Pagada    ,54960,0,0,0,0,0,0,0,0,343500,0,1,PESOS                                                                           ,20.8597,29,GUADALAJARA                             ,            ,0,0,F     ,0,       ,0,       ,ANT       ,CCB-0884            ,ANTICIPO                                ,       ,SER   ,1,343500,0,0,0,                              ,                         ,                                        ,                              
N2956     ,Dev. Just.   ,16/02/2022,FAR      ,13936,123927.44,0,LABORATORIO ELMOR MEXICO                                                                                                                                                                                                                                      ,368,Pagada    ,17093.44,0,0,0,0,0,0,0,0,106834,0,1,PESOS                                                                           ,20.3992,27,MEXICO                                  ,            ,0,0,F     ,0,       ,0,       ,ANT       ,CCB-0884            ,ANTICIPO                                ,       ,SER   ,1,106834,0,0,0,                              ,                         ,                                        ,                              
N2968     ,Dev. Just.   ,28/02/2022,FAR      ,14109,66080.56,0,LABORATORIO ELMOR MEXICO                                                                                                                                                                                                                                      ,368,Pagada    ,9114.56,0,0,0,0,0,0,0,0,56966,0,1,PESOS                                                                           ,20.4465,27,MEXICO                                  ,            ,0,0,F     ,0,       ,0,       ,ANT       ,CCB-0884            ,ANTICIPO                                ,       ,SER   ,1,56966,0,0,0,                              ,                         ,                                        ,                              
N2970     ,Dev. Just.   ,01/03/2022,FAR      ,14127,54404,0,LABORATORIO ELMOR MEXICO                                                                                                                                                                                                                                      ,368,Pagada    ,7504,0,0,0,0,0,0,0,0,46900,0,1,PESOS                                                                           ,20.4257,27,MEXICO                                  ,            ,0,0,F     ,0,       ,0,       ,ANT       ,CCB-0884            ,ANTICIPO                                ,       ,SER   ,1,46900,0,0,0,                              ,                         ,                                        ,                              
N2971     ,Dev. Just.   ,03/03/2022,FAR      ,13977,5632.488576,0,RAMA FARMACEUTICA                                                                                                                                                                                                                                             ,364,Pagada    ,776.894976,0,0,0,0,0,0,0,0,4855.5936,677.8464,1,PESOS                                                                           ,20.7193,27,MEXICO                                  ,            ,0,0,F     ,0,       ,0,       ,CP        ,51PLMS01            ,MORNING SHAKE 10 SOBRES 50g             ,       ,PZA   ,24,230.56,0,0,3303.799185,21J002                        ,                         ,                                        ,21J002                        
N2989     ,Dev. Just.   ,18/03/2022,FAR      ,14225,1320.66,0,"BRUDIFARMA, S.A. DE C.V.                                                                                                                                                                                                                                      ",260,Pagada    ,182.16,0,0,0,0,0,0,0,0,1138.5,0,1,PESOS                                                                           ,20.7035,27,MEXICO                                  ,            ,0,0,F     ,0,       ,0,       ,LINEA     ,51JBNC01            ,NATUBRON CERO JARABE 240 ML             ,       ,PZA   ,25,45.54,0,0,315.3455233,22C0068                       ,                         ,                                        ,22A0034                       
N2989     ,Dev. Just.   ,18/03/2022,FAR      ,14225,1320.66,0,"BRUDIFARMA, S.A. DE C.V.                                                                                                                                                                                                                                      ",260,Pagada    ,182.16,0,0,0,0,0,0,0,0,1138.5,0,1,PESOS                                                                           ,20.7035,27,MEXICO                                  ,            ,0,0,F     ,0,       ,0,       ,LINEA     ,51JBNC01            ,NATUBRON CERO JARABE 240 ML             ,       ,PZA   ,25,45.54,0,0,324.3731938,22B0062                       ,                         ,                                        ,22A0034                       
N2989     ,Dev. Just.   ,18/03/2022,FAR      ,14225,2515.344,0,"BRUDIFARMA, S.A. DE C.V.                                                                                                                                                                                                                                      ",260,Pagada    ,346.944,0,0,0,0,0,0,0,0,2168.4,0,1,PESOS                                                                           ,20.7035,27,MEXICO                                  ,            ,0,0,F     ,0,       ,0,       ,LINEA     ,51TBEX01            ,EXZON C/90 TABS.                        ,V1     ,PZA   ,40,54.21,0,0,874.6078644,22A0034                       ,                         ,                                        ,22A0034                       
N2990     ,Dev. Just.   ,18/03/2022,FAR      ,14224,5438.718,0,"BRUDIFARMA, S.A. DE C.V.                                                                                                                                                                                                                                      ",260,Pagada    ,750.168,0,0,0,0,0,0,0,0,4688.55,0,1,PESOS                                                                           ,20.7035,27,MEXICO                                  ,            ,0,0,F     ,0,       ,0,       ,SUPLEMENTO,51CPDG04            ,D-GELAC C/30 CAPS.                      ,       ,PZA   ,135,34.73,0,0,1421.557432,21L0474                       ,                         ,                                        ,21L0474                       
N2992     ,Dev. Just.   ,22/03/2022,FAR      ,14261,61248,0,LABORATORIO ELMOR MEXICO                                                                                                                                                                                                                                      ,368,Pagada    ,8448,0,0,0,0,0,0,0,0,52800,0,1,PESOS                                                                           ,20.4145,27,MEXICO                                  ,            ,0,0,F     ,0,       ,0,       ,ANT       ,CCB-0884            ,ANTICIPO                                ,       ,SER   ,1,52800,0,0,0,                              ,                         ,                                        ,                              
N2993     ,Dev. Just.   ,22/03/2022,FAR      ,14264,59324.72,0,LABORATORIO ELMOR MEXICO                                                                                                                                                                                                                                      ,368,Pagada    ,8182.72,0,0,0,0,0,0,0,0,51142,0,1,PESOS                                                                           ,20.4145,27,MEXICO                                  ,            ,0,0,F     ,0,       ,0,       ,ANT       ,CCB-0884            ,ANTICIPO                                ,       ,SER   ,1,51142,0,0,0,                              ,                         ,                                        ,                              
N3004     ,Dev. Just.   ,31/03/2022,FAR      ,14404,168684.88,0,LABORATORIO ELMOR MEXICO                                                                                                                                                                                                                                      ,368,Pagada    ,23266.88,0,0,0,0,0,0,0,0,145418,0,1,PESOS                                                                           ,19.8632,27,MEXICO                                  ,            ,0,0,F     ,0,       ,0,       ,ANT       ,CCB-0884            ,ANTICIPO                                ,       ,SER   ,1,145418,0,0,0,                              ,                         ,                                        ,                              
N3030     ,Dev. Just.   ,29/04/2022,FAR      ,14616,146078.8,0,BOREAL FARMACEUTICA                                                                                                                                                                                                                                           ,350,Pagada    ,20148.8,0,0,0,0,0,0,0,0,125930,0,1,PESOS                                                                           ,20.567,29,GUADALAJARA                             ,            ,0,0,F     ,0,       ,0,       ,ANT       ,CCB-0884            ,ANTICIPO                                ,       ,SER   ,1,125930,0,0,0,                              ,                         ,                                        ,                              
N3034     ,Dev. Just.   ,09/05/2022,FAR      ,14516,48476.7596,0,MAXIVA                                                                                                                                                                                                                                                        ,311,Pagada    ,6686.4496,0,0,0,0,0,0,0,0,41790.31,0,1,PESOS                                                                           ,20.1085,29,GUADALAJARA                             ,            ,0,0,F     ,0,       ,0,       ,MAQUILA   ,51TBVH01            ,M-VIT+ FOR HIM FRASCO CON 60 TABLETAS   ,V2     ,PZA   ,437,95.63,0,0,0,22C052                        ,                         ,                                        ,22C070                        
N3034     ,Dev. Just.   ,09/05/2022,FAR      ,14516,38160.1952,0,MAXIVA                                                                                                                                                                                                                                                        ,311,Pagada    ,5263.4752,0,0,0,0,0,0,0,0,32896.72,0,1,PESOS                                                                           ,20.1085,29,GUADALAJARA                             ,            ,0,0,F     ,0,       ,0,       ,MAQUILA   ,51TBVH01            ,M-VIT+ FOR HIM FRASCO CON 60 TABLETAS   ,V2     ,PZA   ,344,95.63,0,0,0,22C069                        ,                         ,                                        ,22C070                        
N3034     ,Dev. Just.   ,09/05/2022,FAR      ,14516,40933.4652,0,MAXIVA                                                                                                                                                                                                                                                        ,311,Pagada    ,5645.9952,0,0,0,0,0,0,0,0,35287.47,0,1,PESOS                                                                           ,20.1085,29,GUADALAJARA                             ,            ,0,0,F     ,0,       ,0,       ,MAQUILA   ,51TBVH01            ,M-VIT+ FOR HIM FRASCO CON 60 TABLETAS   ,V2     ,PZA   ,369,95.63,0,0,0,22C056                        ,                         ,                                        ,22C070                        
N3034     ,Dev. Just.   ,09/05/2022,FAR      ,14516,35165.0636,0,MAXIVA                                                                                                                                                                                                                                                        ,311,Pagada    ,4850.3536,0,0,0,0,0,0,0,0,30314.71,0,1,PESOS                                                                           ,20.1085,29,GUADALAJARA                             ,            ,0,0,F     ,0,       ,0,       ,MAQUILA   ,51TBVH01            ,M-VIT+ FOR HIM FRASCO CON 60 TABLETAS   ,V2     ,PZA   ,317,95.63,0,0,0,22C072                        ,                         ,                                        ,22C070                        
N3034     ,Dev. Just.   ,09/05/2022,FAR      ,14516,181260.9272,0,MAXIVA                                                                                                                                                                                                                                                        ,311,Pagada    ,25001.5072,0,0,0,0,0,0,0,0,156259.42,0,1,PESOS                                                                           ,20.1085,29,GUADALAJARA                             ,            ,0,0,F     ,0,       ,0,       ,MAQUILA   ,51TBVH01            ,M-VIT+ FOR HIM FRASCO CON 60 TABLETAS   ,V2     ,PZA   ,1634,95.63,0,0,0,22C075                        ,                         ,                                        ,22C070                        
N3034     ,Dev. Just.   ,09/05/2022,FAR      ,14516,713617.8364,0,MAXIVA                                                                                                                                                                                                                                                        ,311,Pagada    ,98430.0464,0,0,0,0,0,0,0,0,615187.79,0,1,PESOS                                                                           ,20.1085,29,GUADALAJARA                             ,            ,0,0,F     ,0,       ,0,       ,MAQUILA   ,51TBVH01            ,M-VIT+ FOR HIM FRASCO CON 60 TABLETAS   ,V2     ,PZA   ,6433,95.63,0,0,0,22B030                        ,                         ,                                        ,22C070                        
N3034     ,Dev. Just.   ,09/05/2022,FAR      ,14516,6212.1248,0,MAXIVA                                                                                                                                                                                                                                                        ,311,Pagada    ,856.8448,0,0,0,0,0,0,0,0,5355.28,0,1,PESOS                                                                           ,20.1085,29,GUADALAJARA                             ,            ,0,0,F     ,0,       ,0,       ,MAQUILA   ,51TBVH01            ,M-VIT+ FOR HIM FRASCO CON 60 TABLETAS   ,V2     ,PZA   ,56,95.63,0,0,0,22C051                        ,                         ,                                        ,22C070                        
N3034     ,Dev. Just.   ,09/05/2022,FAR      ,14516,24293.8452,0,MAXIVA                                                                                                                                                                                                                                                        ,311,Pagada    ,3350.8752,0,0,0,0,0,0,0,0,20942.97,0,1,PESOS                                                                           ,20.1085,29,GUADALAJARA                             ,            ,0,0,F     ,0,       ,0,       ,MAQUILA   ,51TBVH01            ,M-VIT+ FOR HIM FRASCO CON 60 TABLETAS   ,V2     ,PZA   ,219,95.63,0,0,0,22C067                        ,                         ,                                        ,22C070                        
N3034     ,Dev. Just.   ,09/05/2022,FAR      ,14516,38049.2644,0,MAXIVA                                                                                                                                                                                                                                                        ,311,Pagada    ,5248.1744,0,0,0,0,0,0,0,0,32801.09,0,1,PESOS                                                                           ,20.1085,29,GUADALAJARA                             ,            ,0,0,F     ,0,       ,0,       ,MAQUILA   ,51TBVH01            ,M-VIT+ FOR HIM FRASCO CON 60 TABLETAS   ,V2     ,PZA   ,343,95.63,0,0,0,22C058                        ,                         ,                                        ,22C070                        
N3034     ,Dev. Just.   ,09/05/2022,FAR      ,14516,28620.1464,0,MAXIVA                                                                                                                                                                                                                                                        ,311,Pagada    ,3947.6064,0,0,0,0,0,0,0,0,24672.54,0,1,PESOS                                                                           ,20.1085,29,GUADALAJARA                             ,            ,0,0,F     ,0,       ,0,       ,MAQUILA   ,51TBVH01            ,M-VIT+ FOR HIM FRASCO CON 60 TABLETAS   ,V2     ,PZA   ,258,95.63,0,0,0,22C059                        ,                         ,                                        ,22C070                        
N3034     ,Dev. Just.   ,09/05/2022,FAR      ,14516,32724.586,0,MAXIVA                                                                                                                                                                                                                                                        ,311,Pagada    ,4513.736,0,0,0,0,0,0,0,0,28210.85,0,1,PESOS                                                                           ,20.1085,29,GUADALAJARA                             ,            ,0,0,F     ,0,       ,0,       ,MAQUILA   ,51TBVH01            ,M-VIT+ FOR HIM FRASCO CON 60 TABLETAS   ,V2     ,PZA   ,295,95.63,0,0,0,22C057                        ,                         ,                                        ,22C070                        
N3034     ,Dev. Just.   ,09/05/2022,FAR      ,14516,349875.7432,0,MAXIVA                                                                                                                                                                                                                                                        ,311,Pagada    ,48258.7232,0,0,0,0,0,0,0,0,301617.02,0,1,PESOS                                                                           ,20.1085,29,GUADALAJARA                             ,            ,0,0,F     ,0,       ,0,       ,MAQUILA   ,51TBVH01            ,M-VIT+ FOR HIM FRASCO CON 60 TABLETAS   ,V2     ,PZA   ,3154,95.63,0,0,0,22C050                        ,                         ,                                        ,22C070                        
N3034     ,Dev. Just.   ,09/05/2022,FAR      ,14516,31726.2088,0,MAXIVA                                                                                                                                                                                                                                                        ,311,Pagada    ,4376.0288,0,0,0,0,0,0,0,0,27350.18,0,1,PESOS                                                                           ,20.1085,29,GUADALAJARA                             ,            ,0,0,F     ,0,       ,0,       ,MAQUILA   ,51TBVH01            ,M-VIT+ FOR HIM FRASCO CON 60 TABLETAS   ,V2     ,PZA   ,286,95.63,0,0,0,22C055                        ,                         ,                                        ,22C070                        
N3034     ,Dev. Just.   ,09/05/2022,FAR      ,14516,638406.754,0,MAXIVA                                                                                                                                                                                                                                                        ,311,Pagada    ,88056.104,0,0,0,0,0,0,0,0,550350.65,0,1,PESOS                                                                           ,20.1085,29,GUADALAJARA                             ,            ,0,0,F     ,0,       ,0,       ,MAQUILA   ,51TBVH01            ,M-VIT+ FOR HIM FRASCO CON 60 TABLETAS   ,V2     ,PZA   ,5755,95.63,0,0,0,22B029                        ,                         ,                                        ,22C070                        
N3034     ,Dev. Just.   ,09/05/2022,FAR      ,14516,33168.3092,0,MAXIVA                                                                                                                                                                                                                                                        ,311,Pagada    ,4574.9392,0,0,0,0,0,0,0,0,28593.37,0,1,PESOS                                                                           ,20.1085,29,GUADALAJARA                             ,            ,0,0,F     ,0,       ,0,       ,MAQUILA   ,51TBVH01            ,M-VIT+ FOR HIM FRASCO CON 60 TABLETAS   ,V2     ,PZA   ,299,95.63,0,0,0,22C053                        ,                         ,                                        ,22C070                        
N3034     ,Dev. Just.   ,09/05/2022,FAR      ,14516,50806.3064,0,MAXIVA                                                                                                                                                                                                                                                        ,311,Pagada    ,7007.7664,0,0,0,0,0,0,0,0,43798.54,0,1,PESOS                                                                           ,20.1085,29,GUADALAJARA                             ,            ,0,0,F     ,0,       ,0,       ,MAQUILA   ,51TBVH01            ,M-VIT+ FOR HIM FRASCO CON 60 TABLETAS   ,V2     ,PZA   ,458,95.63,0,0,0,22C054                        ,                         ,                                        ,22C070                        
N3034     ,Dev. Just.   ,09/05/2022,FAR      ,14516,76985.9752,0,MAXIVA                                                                                                                                                                                                                                                        ,311,Pagada    ,10618.7552,0,0,0,0,0,0,0,0,66367.22,0,1,PESOS                                                                           ,20.1085,29,GUADALAJARA                             ,            ,0,0,F     ,0,       ,0,       ,MAQUILA   ,51TBVH01            ,M-VIT+ FOR HIM FRASCO CON 60 TABLETAS   ,V2     ,PZA   ,694,95.63,0,0,0,22B028                        ,                         ,                                        ,22C070                        
N3034     ,Dev. Just.   ,09/05/2022,FAR      ,14516,37161.818,0,MAXIVA                                                                                                                                                                                                                                                        ,311,Pagada    ,5125.768,0,0,0,0,0,0,0,0,32036.05,0,1,PESOS                                                                           ,20.1085,29,GUADALAJARA                             ,            ,0,0,F     ,0,       ,0,       ,MAQUILA   ,51TBVH01            ,M-VIT+ FOR HIM FRASCO CON 60 TABLETAS   ,V2     ,PZA   ,335,95.63,0,0,0,22C073                        ,                         ,                                        ,22C070                        
N3034     ,Dev. Just.   ,09/05/2022,FAR      ,14516,24293.8452,0,MAXIVA                                                                                                                                                                                                                                                        ,311,Pagada    ,3350.8752,0,0,0,0,0,0,0,0,20942.97,0,1,PESOS                                                                           ,20.1085,29,GUADALAJARA                             ,            ,0,0,F     ,0,       ,0,       ,MAQUILA   ,51TBVH01            ,M-VIT+ FOR HIM FRASCO CON 60 TABLETAS   ,V2     ,PZA   ,219,95.63,0,0,0,22C068                        ,                         ,                                        ,22C070                        
N3034     ,Dev. Just.   ,09/05/2022,FAR      ,14516,42819.2888,0,MAXIVA                                                                                                                                                                                                                                                        ,311,Pagada    ,5906.1088,0,0,0,0,0,0,0,0,36913.18,0,1,PESOS                                                                           ,20.1085,29,GUADALAJARA                             ,            ,0,0,F     ,0,       ,0,       ,MAQUILA   ,51TBVH01            ,M-VIT+ FOR HIM FRASCO CON 60 TABLETAS   ,V2     ,PZA   ,386,95.63,0,0,0,22C071                        ,                         ,                                        ,22C070                        
N3034     ,Dev. Just.   ,09/05/2022,FAR      ,14516,354756.6984,0,MAXIVA                                                                                                                                                                                                                                                        ,311,Pagada    ,48931.9584,0,0,0,0,0,0,0,0,305824.74,0,1,PESOS                                                                           ,20.1085,29,GUADALAJARA                             ,            ,0,0,F     ,0,       ,0,       ,MAQUILA   ,51TBVH01            ,M-VIT+ FOR HIM FRASCO CON 60 TABLETAS   ,V2     ,PZA   ,3198,95.63,0,0,0,22C076                        ,                         ,                                        ,22C070                        
N3034     ,Dev. Just.   ,09/05/2022,FAR      ,14516,45037.9048,0,MAXIVA                                                                                                                                                                                                                                                        ,311,Pagada    ,6212.1248,0,0,0,0,0,0,0,0,38825.78,0,1,PESOS                                                                           ,20.1085,29,GUADALAJARA                             ,            ,0,0,F     ,0,       ,0,       ,MAQUILA   ,51TBVH01            ,M-VIT+ FOR HIM FRASCO CON 60 TABLETAS   ,V2     ,PZA   ,406,95.63,0,0,0,22C074                        ,                         ,                                        ,22C070                        
N3034     ,Dev. Just.   ,09/05/2022,FAR      ,14516,29951.316,0,MAXIVA                                                                                                                                                                                                                                                        ,311,Pagada    ,4131.216,0,0,0,0,0,0,0,0,25820.1,0,1,PESOS                                                                           ,20.1085,29,GUADALAJARA                             ,            ,0,0,F     ,0,       ,0,       ,MAQUILA   ,51TBVH01            ,M-VIT+ FOR HIM FRASCO CON 60 TABLETAS   ,V2     ,PZA   ,270,95.63,0,0,0,22C070                        ,                         ,                                        ,22C070                        
N3052     ,Dev. Just.   ,26/05/2022,FAR      ,14714,60337.70204,0,RAMA FARMACEUTICA                                                                                                                                                                                                                                             ,364,Pagada    ,8322.44166,0,0,0,0,0,0,0,0,52015.26038,7261.389625,1,PESOS                                                                           ,19.8377,27,MEXICO                                  ,            ,0,0,F     ,0,       ,0,       ,CP        ,51PLCD01            ,COLAGENER 10 500GR                      ,V99    ,PZA   ,167,354.95,0,0,0,22D024                        ,                         ,                                        ,22D024                        
N3056     ,Dev. Just.   ,30/05/2022,FAR      ,14746,2515.344,0,"BRUDIFARMA, S.A. DE C.V.                                                                                                                                                                                                                                      ",260,Pagada    ,346.944,0,0,0,0,0,0,0,0,2168.4,0,1,PESOS                                                                           ,19.7933,27,MEXICO                                  ,            ,0,0,F     ,0,       ,0,       ,LINEA     ,51TBEX01            ,EXZON C/90 TABS.                        ,V99    ,PZA   ,40,54.21,0,0,0,2.20E+184,                         ,                                        ,2.20E+184
N3071     ,Dev. Just.   ,13/06/2022,FAR      ,14942,71108,0,LABORATORIO ELMOR MEXICO                                                                                                                                                                                                                                      ,368,Pagada    ,9808,0,0,0,0,0,0,0,0,61300,0,1,PESOS                                                                           ,19.9297,27,MEXICO                                  ,            ,0,0,F     ,0,       ,0,       ,ANT       ,CCB-0884            ,ANTICIPO                                ,       ,SER   ,1,61300,0,0,0,                              ,                         ,                                        ,                              
N3072     ,Dev. Just.   ,13/06/2022,FAR      ,14943,43430.4,0,LABORATORIO ELMOR MEXICO                                                                                                                                                                                                                                      ,368,Pagada    ,5990.4,0,0,0,0,0,0,0,0,37440,0,1,PESOS                                                                           ,19.9297,27,MEXICO                                  ,            ,0,0,F     ,0,       ,0,       ,ANT       ,CCB-0884            ,ANTICIPO                                ,       ,SER   ,1,37440,0,0,0,                              ,                         ,                                        ,                              
N3083     ,Dev. Just.   ,22/06/2022,FAR      ,14841,5494.92,0,"LEVIC, S.A. DE C.V.                                                                                                                                                                                                                                           ",281,Pagada    ,757.92,0,0,0,0,0,0,0,0,4737,0,1,PESOS                                                                           ,20.1963,27,MEXICO                                  ,            ,0,0,F     ,0,       ,0,       ,LINEA     ,51TBPK01            ,PROBIO KIDS / 30 TABS.                  ,V99    ,PZA   ,150,31.58,0,0,0,2.20E+178,                         ,                                        ,2.20E+178
N3091     ,Dev. Just.   ,27/06/2022,FAR      ,14979,45276.192,0,DIFARMER                                                                                                                                                                                                                                                      ,4,Pagada    ,6244.992,0,0,0,0,0,0,0,0,39031.2,0,1,PESOS                                                                           ,19.8707,29,GUADALAJARA                             ,            ,0,0,F     ,0,       ,0,       ,LINEA     ,51TBEX01            ,EXZON C/90 TABS.                        ,V99    ,PZA   ,720,54.21,0,0,0,2.20E+169,                         ,                                        ,2.20E+178
N3091     ,Dev. Just.   ,27/06/2022,FAR      ,14979,5660.22,0,DIFARMER                                                                                                                                                                                                                                                      ,4,Pagada    ,780.72,0,0,0,0,0,0,0,0,4879.5,0,1,PESOS                                                                           ,19.8707,29,GUADALAJARA                             ,            ,0,0,F     ,0,       ,0,       ,LINEA     ,51TBPK01            ,PROBIO KIDS / 30 TABS.                  ,V99    ,PZA   ,150,32.53,0,0,0,2.20E+178,                         ,                                        ,2.20E+178
N3092     ,Dev. Just.   ,27/06/2022,FAR      ,15030,127600,0,"CEL MEDIKA, SAPI DE CV                                                                                                                                                                                                                                        ",414,Pagada    ,17600,0,0,0,0,0,0,0,0,110000,0,1,PESOS                                                                           ,19.8707,27,MEXICO                                  ,            ,0,0,F     ,0,       ,0,       ,ANT       ,CCB-0884            ,ANTICIPO                                ,       ,SER   ,1,110000,0,0,0,                              ,                         ,                                        ,                              
N3096     ,Dev. Just.   ,30/06/2022,FAR      ,15130,228009.6,0,LABORATORIO ELMOR MEXICO                                                                                                                                                                                                                                      ,368,Pagada    ,31449.6,0,0,0,0,0,0,0,0,196560,0,1,PESOS                                                                           ,20.1443,27,MEXICO                                  ,            ,0,0,F     ,0,       ,0,       ,ANT       ,CCB-0884            ,ANTICIPO                                ,       ,SER   ,1,196560,0,0,0,                              ,                         ,                                        ,                              
N3102     ,Dev. Just.   ,07/07/2022,FAR      ,15068,6438.72645,0,RAMA FARMACEUTICA                                                                                                                                                                                                                                             ,364,Pagada    ,888.1002,0,0,0,0,0,0,0,0,5550.62625,774.87375,1,PESOS                                                                           ,20.5598,27,MEXICO                                  ,            ,0,0,F     ,0,       ,0,       ,LINEA     ,51TBPK01            ,PROBIO KIDS / 30 TABS.                  ,V99    ,PZA   ,150,42.17,0,0,0,2.20E+178,                         ,                                        ,2.20E+178
N3106     ,Dev. Just.   ,11/07/2022,FAR      ,15063,7980.336,0,"BRUDIFARMA, S.A. DE C.V.                                                                                                                                                                                                                                      ",260,Pagada    ,1100.736,0,0,0,0,0,0,0,0,6879.6,0,1,PESOS                                                                           ,20.4423,27,MEXICO                                  ,            ,0,0,F     ,0,       ,0,       ,LINEA     ,51TBPF01            ,PLENIFORM 40 /30 TABS.                  ,V99    ,PZA   ,135,50.96,0,0,0,22F0218                       ,                         ,                                        ,22F0218                       
N3114     ,Dev. Just.   ,14/07/2022,FAR      ,14274,2843.51148,0,MARIA ELENA MORAN SEGOVIA                                                                                                                                                                                                                                     ,239,Pagada    ,392.20848,0,0,0,0,0,0,0,0,2451.303,272.367,1,PESOS                                                                           ,20.7613,29,GUADALAJARA                             ,            ,0,0,F     ,0,       ,0,       ,LINEA     ,51PLCV01            ,C-VYM NARANJA-MANDARINA C/11 SOBRES     ,       ,PIEZA ,53,51.39,0,0,1201.170564,22C013                        ,                         ,                                        ,22C013                        
N3116     ,Dev. Just.   ,14/07/2022,FAR      ,13533,860.778,0,MARIA ELENA MORAN SEGOVIA                                                                                                                                                                                                                                     ,239,Pagada    ,118.728,0,0,0,0,0,0,0,0,742.05,0,1,PESOS                                                                           ,20.7613,29,GUADALAJARA                             ,            ,0,0,F     ,0,       ,0,       ,LINEA     ,51PLCV01            ,C-VYM NARANJA-MANDARINA C/11 SOBRES     ,       ,PIEZA ,15,49.47,0,0,384.9879287,2.10E+08,                         ,                                        ,2.10E+08
N3117     ,Dev. Just.   ,14/07/2022,FAR      ,15138,4024.504,0,"BRUDIFARMA, S.A. DE C.V.                                                                                                                                                                                                                                      ",260,Pagada    ,555.104,0,0,0,0,0,0,0,0,3469.4,0,1,PESOS                                                                           ,20.7613,27,MEXICO                                  ,            ,0,0,F     ,0,       ,0,       ,CP        ,51PLMS01            ,MORNING SHAKE 10 SOBRES 50g             ,       ,PZA   ,20,173.47,0,0,2198.00805,22F021                        ,                         ,                                        ,22F021                        
N3141     ,Dev. Just.   ,29/07/2022,FAR      ,15345,85283.2,0,LABORATORIO ELMOR MEXICO                                                                                                                                                                                                                                      ,368,Pagada    ,11763.2,0,0,0,0,0,0,0,0,73520,0,1,PESOS                                                                           ,20.3778,27,MEXICO                                  ,            ,0,0,F     ,0,       ,0,       ,ANT       ,CCB-0884            ,ANTICIPO                                ,       ,SER   ,1,73520,0,0,0,                              ,                         ,                                        ,                              
N3142     ,Dev. Just.   ,29/07/2022,FAR      ,15356,33234,0,LABORATORIO ELMOR MEXICO                                                                                                                                                                                                                                      ,368,Pagada    ,4584,0,0,0,0,0,0,0,0,28650,0,1,PESOS                                                                           ,20.3778,27,MEXICO                                  ,            ,0,0,F     ,0,       ,0,       ,ANT       ,CCB-0884            ,ANTICIPO                                ,       ,SER   ,1,28650,0,0,0,                              ,                         ,                                        ,                              
N3145     ,Dev. Just.   ,03/08/2022,FAR      ,15373,11015.708,0,PHARMA AMIGO SA DE CV                                                                                                                                                                                                                                         ,373,Pagada    ,1519.408,0,0,0,0,0,0,0,0,9496.3,293.7,1,PESOS                                                                           ,20.5152,27,MEXICO                                  ,            ,0,0,F     ,0,       ,0,       ,LINEA     ,51PLCV01            ,C-VYM NARANJA-MANDARINA C/11 SOBRES     ,       ,PIEZA ,200,48.95,0,0,6130.224682,22F035                        ,                         ,                                        ,22F035                        
N3159     ,Dev. Just.   ,10/08/2022,FAR      ,15433,85.849686,0,RAMA FARMACEUTICA                                                                                                                                                                                                                                             ,364,Pagada    ,11.841336,0,0,0,0,0,0,0,0,74.00835,10.33165,1,PESOS                                                                           ,20.2715,27,MEXICO                                  ,            ,0,0,F     ,0,       ,0,       ,LINEA     ,51TBPK01            ,PROBIO KIDS / 30 TABS.                  ,V99    ,PZA   ,2,42.17,0,0,0,22F0245                       ,                         ,                                        ,2.20E+197
N3159     ,Dev. Just.   ,10/08/2022,FAR      ,15433,3167.7048,0,RAMA FARMACEUTICA                                                                                                                                                                                                                                             ,364,Pagada    ,436.9248,0,0,0,0,0,0,0,0,2730.78,381.22,1,PESOS                                                                           ,20.2715,27,MEXICO                                  ,            ,0,0,F     ,0,       ,0,       ,VI        ,51TBBP01            ,B-PLEX C/30 TABS. (Obsoleto)            ,V99    ,PZA   ,50,62.24,0,0,0,2.20E+197,                         ,                                        ,2.20E+197
N3188     ,Dev. Just.   ,24/08/2022,FAR      ,14971,1748.5028,0,SUPER MAYOREO NATURISTA S.A. DE C.V.                                                                                                                                                                                                                          ,61,Pagada    ,241.1728,0,0,0,0,0,0,0,0,1507.33,54.67,1,PESOS                                                                           ,19.9982,27,MEXICO                                  ,            ,0,0,F     ,0,       ,0,       ,LINEA     ,51TBCK03            ,C-KIDS C/30 TABS.                       ,V99    ,PZA   ,50,31.24,0,0,0,22B0048                       ,                         ,                                        ,22B0048                       
N3210     ,Dev. Just.   ,29/08/2022,FAR      ,15617,190008,0,LABORATORIO ELMOR MEXICO                                                                                                                                                                                                                                      ,368,Pagada    ,26208,0,0,0,0,0,0,0,0,163800,0,1,PESOS                                                                           ,19.9268,27,MEXICO                                  ,            ,0,0,F     ,0,       ,0,       ,ANT       ,CCB-0884            ,ANTICIPO                                ,       ,SER   ,1,163800,0,0,0,                              ,                         ,                                        ,                              
N3218     ,Dev. Just.   ,31/08/2022,FAR      ,15681,131092.29,0,BOREAL FARMACEUTICA                                                                                                                                                                                                                                           ,350,Pagada    ,18081.69517,0,0,0,0,0,0,0,0,113010.5948,0,1,PESOS                                                                           ,20.1465,29,GUADALAJARA                             ,            ,0,0,F     ,0,       ,0,       ,ANT       ,CCB-0884            ,ANTICIPO                                ,       ,SER   ,1,113010.5948,0,0,0,                              ,                         ,                                        ,                              
N3221     ,Dev. Just.   ,06/09/2022,FAR      ,15639,1886.624,0,"BRUDIFARMA, S.A. DE C.V.                                                                                                                                                                                                                                      ",260,Pagada    ,260.224,0,0,0,0,0,0,0,0,1626.4,0,1,PESOS                                                                           ,19.962,27,MEXICO                                  ,            ,0,0,F     ,0,       ,0,       ,LINEA     ,51TGVA01            ,VANESIR DUO PACK                        ,       ,PZA   ,20,81.32,0,0,1043.78138,DUO22004                      ,                         ,                                        ,DUO22004                      
N3222     ,Dev. Just.   ,06/09/2022,FAR      ,15633,1320.66,0,"BRUDIFARMA, S.A. DE C.V.                                                                                                                                                                                                                                      ",260,Pagada    ,182.16,0,0,0,0,0,0,0,0,1138.5,0,1,PESOS                                                                           ,19.962,27,MEXICO                                  ,            ,0,0,F     ,0,       ,0,       ,LINEA     ,51JBNC01            ,NATUBRON CERO JARABE 240 ML             ,       ,PZA   ,25,45.54,0,0,338.5300313,22H0317                       ,                         ,                                        ,22H0317                       
N3256     ,Dev. Just.   ,27/09/2022,FAR      ,15807,2515.344,0,"BRUDIFARMA, S.A. DE C.V.                                                                                                                                                                                                                                      ",260,Pagada    ,346.944,0,0,0,0,0,0,0,0,2168.4,0,1,PESOS                                                                           ,20.3517,27,MEXICO                                  ,            ,0,0,F     ,0,       ,0,       ,LINEA     ,51TBEX01            ,EXZON C/90 TABS.                        ,V99    ,PZA   ,40,54.21,0,0,0,22H0303                       ,                         ,                                        ,22G0263                       
N3256     ,Dev. Just.   ,27/09/2022,FAR      ,15807,22717.44,0,"BRUDIFARMA, S.A. DE C.V.                                                                                                                                                                                                                                      ",260,Pagada    ,3133.44,0,0,0,0,0,0,0,0,19584,0,1,PESOS                                                                           ,20.3517,27,MEXICO                                  ,            ,0,0,F     ,0,       ,0,       ,LINEA     ,51TBBF02            ,BIOFOLIC 400 / 60 TABS.                 ,V99    ,PZA   ,600,32.64,0,0,0,22G0263                       ,                         ,                                        ,22G0263                       
N3300     ,Dev. Just.   ,06/10/2022,FAR      ,15910,1465.37,0,"AGR OUTSOURCING, S.A. DE C.V.                                                                                                                                                                                                                                 ",320,Pagada    ,202.12,0,0,0,0,0,0,0,0,1263.25,0,1,PESOS                                                                           ,20.1267,27,MEXICO                                  ,            ,0,0,F     ,0,       ,0,       ,LINEA     ,51TBCA01            ,CASTIN /50 TABS.                        ,       ,PZA   ,25,50.53,0,0,309.9721548,22H0328                       ,                         ,                                        ,22H0328                       
N3308     ,Dev. Just.   ,13/10/2022,FAR      ,15942,41648.64,0,"BRUDIFARMA, S.A. DE C.V.                                                                                                                                                                                                                                      ",260,Pagada    ,5744.64,0,0,0,0,0,0,0,0,35904,0,1,PESOS                                                                           ,20.0352,27,MEXICO                                  ,            ,0,0,F     ,0,       ,0,       ,LINEA     ,51TBBF02            ,BIOFOLIC 400 / 60 TABS.                 ,V99    ,PZA   ,1100,32.64,0,0,0,22G0263                       ,                         ,                                        ,22G0263                       
N3309     ,Dev. Just.   ,13/10/2022,FAR      ,15942,2515.344,0,"BRUDIFARMA, S.A. DE C.V.                                                                                                                                                                                                                                      ",260,Pagada    ,346.944,0,0,0,0,0,0,0,0,2168.4,0,1,PESOS                                                                           ,20.0352,27,MEXICO                                  ,            ,0,0,F     ,0,       ,0,       ,LINEA     ,51TBEX01            ,EXZON C/90 TABS.                        ,V99    ,PZA   ,40,54.21,0,0,0,22I0350                       ,                         ,                                        ,22I0350                       
N3318     ,Dev. Just.   ,14/10/2022,FAR      ,15888,6376.52,0,DISTRIBUIDORA NATURISTA DE OCCIDENTE S.A. DE C.V.                                                                                                                                                                                                             ,88,Pagada    ,879.52,0,0,0,0,0,0,0,0,5497,0,1,PESOS                                                                           ,20.0352,29,GUADALAJARA                             ,            ,0,0,F     ,0,       ,0,       ,LINEA     ,51TBPF01            ,PLENIFORM 40 /30 TABS.                  ,V99    ,PZA   ,100,54.97,0,0,0,22I0340                       ,                         ,                                        ,22I0340                       
N3319     ,Dev. Just.   ,14/10/2022,FAR      ,15873,1006.648,0,DISTRIBUIDORA NATURISTA DE OCCIDENTE S.A. DE C.V.                                                                                                                                                                                                             ,88,Pagada    ,138.848,0,0,0,0,0,0,0,0,867.8,0,1,PESOS                                                                           ,20.0352,29,GUADALAJARA                             ,            ,0,0,F     ,0,       ,0,       ,LINEA     ,51CPVF01            ,BIOMIVIT 400 30 / CAPS                  ,V99    ,PZA   ,20,43.39,0,0,0,2.20E+162,                         ,                                        ,G22003                        
N3319     ,Dev. Just.   ,14/10/2022,FAR      ,15873,3018.9,0,DISTRIBUIDORA NATURISTA DE OCCIDENTE S.A. DE C.V.                                                                                                                                                                                                             ,88,Pagada    ,416.4,0,0,0,0,0,0,0,0,2602.5,0,1,PESOS                                                                           ,20.0352,29,GUADALAJARA                             ,            ,0,0,F     ,0,       ,0,       ,LINEA     ,51CPVB02            ,VITABIOM Q10 /30 CAPS.                  ,V99    ,PZA   ,50,52.05,0,0,0,22H0311                       ,                         ,                                        ,G22003                        
N3319     ,Dev. Just.   ,14/10/2022,FAR      ,15873,5290.76,0,DISTRIBUIDORA NATURISTA DE OCCIDENTE S.A. DE C.V.                                                                                                                                                                                                             ,88,Pagada    ,729.76,0,0,0,0,0,0,0,0,4561,0,1,PESOS                                                                           ,20.0352,29,GUADALAJARA                             ,            ,0,0,F     ,0,       ,0,       ,LINEA     ,51TBME01            ,MEM-EH C/30 TABS                        ,V99    ,PZA   ,100,45.61,0,0,0,22F0226                       ,                         ,                                        ,G22003                        
N3319     ,Dev. Just.   ,14/10/2022,FAR      ,15873,1261.848,0,DISTRIBUIDORA NATURISTA DE OCCIDENTE S.A. DE C.V.                                                                                                                                                                                                             ,88,Pagada    ,174.048,0,0,0,0,0,0,0,0,1087.8,0,1,PESOS                                                                           ,20.0352,29,GUADALAJARA                             ,            ,0,0,F     ,0,       ,0,       ,LINEA     ,51PLCV01            ,C-VYM NARANJA-MANDARINA C/11 SOBRES     ,       ,PIEZA ,20,54.39,0,0,522.57034,22G019                        ,                         ,                                        ,G22003                        
N3319     ,Dev. Just.   ,14/10/2022,FAR      ,15873,550.884,0,DISTRIBUIDORA NATURISTA DE OCCIDENTE S.A. DE C.V.                                                                                                                                                                                                             ,88,Pagada    ,75.984,0,0,0,0,0,0,0,0,474.9,0,1,PESOS                                                                           ,20.0352,29,GUADALAJARA                             ,            ,0,0,F     ,0,       ,0,       ,LINEA     ,51TBCV01            ,C-VYM CON 30 TABLETAS MASTICABLES       ,V99    ,PIEZA ,10,47.49,0,0,0,22D009                        ,                         ,                                        ,G22003                        
N3319     ,Dev. Just.   ,14/10/2022,FAR      ,15873,2848.96,0,DISTRIBUIDORA NATURISTA DE OCCIDENTE S.A. DE C.V.                                                                                                                                                                                                             ,88,Pagada    ,392.96,0,0,0,0,0,0,0,0,2456,0,1,PESOS                                                                           ,20.0352,29,GUADALAJARA                             ,            ,0,0,F     ,0,       ,0,       ,LINEA     ,51TBCG01            ,COLAGENER C/60 TABS.                    ,V99    ,PZA   ,50,49.12,0,0,0,22H0291                       ,                         ,                                        ,G22003                        
N3319     ,Dev. Just.   ,14/10/2022,FAR      ,15873,5969.36,0,DISTRIBUIDORA NATURISTA DE OCCIDENTE S.A. DE C.V.                                                                                                                                                                                                             ,88,Pagada    ,823.36,0,0,0,0,0,0,0,0,5146,0,1,PESOS                                                                           ,20.0352,29,GUADALAJARA                             ,            ,0,0,F     ,0,       ,0,       ,LINEA     ,51TBVA01            ,VANESIR /45 TABS.                       ,V99    ,PZA   ,100,51.46,0,0,0,22G0283                       ,                         ,                                        ,G22003                        
N3319     ,Dev. Just.   ,14/10/2022,FAR      ,15873,4613.32,0,DISTRIBUIDORA NATURISTA DE OCCIDENTE S.A. DE C.V.                                                                                                                                                                                                             ,88,Pagada    ,636.32,0,0,0,0,0,0,0,0,3977,0,1,PESOS                                                                           ,20.0352,29,GUADALAJARA                             ,            ,0,0,F     ,0,       ,0,       ,LINEA     ,51TBTM01            ,TAMARIN-LX /30 CAPS.                    ,V99    ,PZA   ,100,39.77,0,0,0,22H0295                       ,                         ,                                        ,G22003                        
N3319     ,Dev. Just.   ,14/10/2022,FAR      ,15873,709.572,0,DISTRIBUIDORA NATURISTA DE OCCIDENTE S.A. DE C.V.                                                                                                                                                                                                             ,88,Pagada    ,97.872,0,0,0,0,0,0,0,0,611.7,0,1,PESOS                                                                           ,20.0352,29,GUADALAJARA                             ,            ,0,0,F     ,0,       ,0,       ,LINEA     ,51PLCV03            ,C-VYM CERO AZUCAR C/11 SOBRES           ,       ,PIEZA ,10,61.17,0,0,274.0089481,22D008                        ,                         ,                                        ,G22003                        
N3319     ,Dev. Just.   ,14/10/2022,FAR      ,15873,1790.808,0,DISTRIBUIDORA NATURISTA DE OCCIDENTE S.A. DE C.V.                                                                                                                                                                                                             ,88,Pagada    ,247.008,0,0,0,0,0,0,0,0,1543.8,0,1,PESOS                                                                           ,20.0352,29,GUADALAJARA                             ,            ,0,0,F     ,0,       ,0,       ,LINEA     ,51GLVA04            ,VANESIR GEL 200 G                       ,       ,PZA   ,30,51.46,0,0,388.9811304,G22003                        ,                         ,                                        ,G22003                        
N3328     ,Dev. Just.   ,19/10/2022,FAR      ,16087,11805.6042,0,RAMA FARMACEUTICA                                                                                                                                                                                                                                             ,364,Pagada    ,1628.3592,0,0,0,0,0,0,0,0,10177.245,1420.755,1,PESOS                                                                           ,20.0207,27,MEXICO                                  ,            ,0,0,F     ,0,       ,0,       ,LINEA     ,51TBME01            ,MEM-EH C/30 TABS                        ,V99    ,PZA   ,200,57.99,0,0,0,22I0367                       ,                         ,                                        ,22I0367                       
N3350     ,Dev. Just.   ,27/10/2022,FAR      ,15956,715.836,0,MTEX MEXICO                                                                                                                                                                                                                                                   ,410,Pagada    ,98.736,0,0,0,0,0,0,0,0,617.1,0,1,PESOS                                                                           ,19.8553,29,GUADALAJARA                             ,            ,0,0,F     ,0,       ,0,       ,MAQUILA   ,51PLGY01            ,GLYCOLAGENO 12gr CAJA CON 20 SOBRES     ,       ,PZA   ,5,123.42,0,0,365.2696756,22I0360                       ,                         ,                                        ,22I0358                       
N3350     ,Dev. Just.   ,27/10/2022,FAR      ,15956,859.0032,0,MTEX MEXICO                                                                                                                                                                                                                                                   ,410,Pagada    ,118.4832,0,0,0,0,0,0,0,0,740.52,0,1,PESOS                                                                           ,19.8553,29,GUADALAJARA                             ,            ,0,0,F     ,0,       ,0,       ,MAQUILA   ,51PLGY01            ,GLYCOLAGENO 12gr CAJA CON 20 SOBRES     ,       ,PZA   ,6,123.42,0,0,420.5831569,22I0358                       ,                         ,                                        ,22I0358                       
N3362     ,Dev. Just.   ,31/10/2022,FAR      ,16307,34298.88,0,LABORATORIO ELMOR MEXICO                                                                                                                                                                                                                                      ,368,Pagada    ,4730.88,0,0,0,0,0,0,0,0,29568,0,1,PESOS                                                                           ,19.8303,27,MEXICO                                  ,            ,0,0,F     ,0,       ,0,       ,ANT       ,CCB-0884            ,ANTICIPO                                ,       ,SER   ,1,29568,0,0,0,                              ,                         ,                                        ,                              
N3363     ,Dev. Just.   ,31/10/2022,FAR      ,16308,228009.6,0,LABORATORIO ELMOR MEXICO                                                                                                                                                                                                                                      ,368,Pagada    ,31449.6,0,0,0,0,0,0,0,0,196560,0,1,PESOS                                                                           ,19.8303,27,MEXICO                                  ,            ,0,0,F     ,0,       ,0,       ,ANT       ,CCB-0884            ,ANTICIPO                                ,       ,SER   ,1,196560,0,0,0,                              ,                         ,                                        ,                              
N3364     ,Dev. Just.   ,31/10/2022,FAR      ,16309,228009.6,0,LABORATORIO ELMOR MEXICO                                                                                                                                                                                                                                      ,368,Pagada    ,31449.6,0,0,0,0,0,0,0,0,196560,0,1,PESOS                                                                           ,19.8303,27,MEXICO                                  ,            ,0,0,F     ,0,       ,0,       ,ANT       ,CCB-0884            ,ANTICIPO                                ,       ,SER   ,1,196560,0,0,0,                              ,                         ,                                        ,                              
N3397     ,Dev. Just.   ,25/11/2022,FAR      ,16077,57.1996,0,VENTA MENUDEO                                                                                                                                                                                                                                                 ,1,Pagada    ,7.8896,0,0,0,0,0,0,0,0,49.31,0,1,PESOS                                                                           ,19.3683,29,GUADALAJARA                             ,            ,0,0,F     ,0,       ,0,       ,LINEA     ,51CPVB02            ,VITABIOM Q10 /30 CAPS.                  ,V99    ,PZA   ,1,49.31,0,0,0,2.20E+166,                         ,                                        ,2.20E+166
N3441     ,Dev. Just.   ,06/01/2023,FAR      ,16951,182894.6434,0,RAMA FARMACEUTICA                                                                                                                                                                                                                                             ,364,Pagada    ,25226.84736,0,0,0,0,0,0,0,0,157667.796,17518.644,1,PESOS                                                                           ,19.3672,27,MEXICO                                  ,            ,0,0,F     ,0,       ,0,       ,MARCA PROP,51PLVC01            ,COLÁGENO SABOR VAINILLA BOLSA CON 600 g ,       ,PZA   ,492,356.07,0,0,5963.205002,22L082                        ,                         ,                                        ,22L082                        
N3456     ,Dev. Just.   ,11/01/2023,FAR      ,16968,9157.62,0,REINVEX INTEGRA SA DE CV                                                                                                                                                                                                                                      ,372,Pagada    ,1263.12,0,0,0,0,0,0,0,0,7894.5,0,1,PESOS                                                                           ,19.1108,27,MEXICO                                  ,            ,0,0,F     ,0,       ,0,       ,LINEA     ,51PLCV01            ,C-VYM NARANJA-MANDARINA C/11 SOBRES     ,       ,PIEZA ,150,52.63,0,0,4215.967317,22L085                        ,                         ,                                        ,22L085                        
N3466     ,Dev. Just.   ,23/01/2023,FAR      ,16949,1002.936,0,LABORATORIO ELMOR MEXICO                                                                                                                                                                                                                                      ,368,Pagada    ,138.336,0,0,0,0,0,0,0,0,864.6,0,1,PESOS                                                                           ,18.9257,27,MEXICO                                  ,            ,0,0,F     ,0,       ,0,       ,MAQUILA   ,51PLFP02            ,FLOS-PRO C/1 SOBRE 1g                   ,       ,PZA   ,110,7.86,0,0,288.3671769,22L0490                       ,                         ,                                        ,22L0490                       
N3486     ,Dev. Just.   ,30/01/2023,FAR      ,17193,571.996,0,"LEVIC, S.A. DE C.V.                                                                                                                                                                                                                                           ",281,Pagada    ,78.896,0,0,0,0,0,0,0,0,493.1,0,1,PESOS                                                                           ,18.7872,27,MEXICO                                  ,            ,0,0,F     ,0,       ,0,       ,LINEA     ,51CPVT03            ,VITEM 3RA /30 CAPS.                     ,V99    ,PZA   ,10,49.31,0,0,0,22K0433                       ,                         ,                                        ,22K0433                       
N3490     ,Dev. Just.   ,31/01/2023,FAR      ,17395,251739.9984,0,BOREAL FARMACEUTICA                                                                                                                                                                                                                                           ,350,Pagada    ,34722.7584,0,0,0,0,0,0,0,0,217017.24,0,1,PESOS                                                                           ,18.7793,29,GUADALAJARA                             ,            ,0,0,F     ,0,       ,0,       ,ANT       ,CCB-0884            ,ANTICIPO                                ,       ,SER   ,1,217017.24,0,0,0,                              ,                         ,                                        ,                              
N3507     ,Dev. Just.   ,15/02/2023,FAR      ,16482,2595.21,0,NADRO S A P I DE CV                                                                                                                                                                                                                                           ,432,Pagada    ,357.96,0,0,0,0,0,0,0,0,2237.25,0,1,PESOS                                                                           ,18.5383,27,MEXICO                                  ,            ,0,0,F     ,0,       ,0,       ,LINEA     ,51JBNC01            ,NATUBRON CERO JARABE 240 ML             ,       ,PZA   ,25,89.49,0,0,477.081046,22J0410                       ,                         ,                                        ,22I0349                       
N3507     ,Dev. Just.   ,15/02/2023,FAR      ,16482,10103.832,0,NADRO S A P I DE CV                                                                                                                                                                                                                                           ,432,Pagada    ,1393.632,0,0,0,0,0,0,0,0,8710.2,0,1,PESOS                                                                           ,18.5383,27,MEXICO                                  ,            ,0,0,F     ,0,       ,0,       ,LINEA     ,51TBTM01            ,TAMARIN-LX /30 CAPS.                    ,V99    ,PZA   ,135,64.52,0,0,0,22I0374                       ,                         ,                                        ,22I0349                       
N3507     ,Dev. Just.   ,15/02/2023,FAR      ,16482,3189.2112,0,NADRO S A P I DE CV                                                                                                                                                                                                                                           ,432,Pagada    ,439.8912,0,0,0,0,0,0,0,0,2749.32,0,1,PESOS                                                                           ,18.5383,27,MEXICO                                  ,            ,0,0,F     ,0,       ,0,       ,LINEA     ,51CPVF01            ,BIOMIVIT 400 30 / CAPS                  ,V99    ,PZA   ,42,65.46,0,0,0,22I0349                       ,                         ,                                        ,22I0349                       
N3508     ,Dev. Just.   ,15/02/2023,FAR      ,16484,10103.832,0,NADRO S A P I DE CV                                                                                                                                                                                                                                           ,432,Pagada    ,1393.632,0,0,0,0,0,0,0,0,8710.2,0,1,PESOS                                                                           ,18.5383,27,MEXICO                                  ,            ,0,0,F     ,0,       ,0,       ,LINEA     ,51TBTM01            ,TAMARIN-LX /30 CAPS.                    ,V99    ,PZA   ,135,64.52,0,0,0,22I0374                       ,                         ,                                        ,22J0397                       
N3508     ,Dev. Just.   ,15/02/2023,FAR      ,16484,10565.802,0,NADRO S A P I DE CV                                                                                                                                                                                                                                           ,432,Pagada    ,1457.352,0,0,0,0,0,0,0,0,9108.45,0,1,PESOS                                                                           ,18.5383,27,MEXICO                                  ,            ,0,0,F     ,0,       ,0,       ,LINEA     ,51CPDG05            ,D-GELAC+FS C/30 CAPS.                   ,V99    ,PZA   ,135,67.47,0,0,0,22J0397                       ,                         ,                                        ,22J0397                       
N3509     ,Dev. Just.   ,15/02/2023,FAR      ,16485,10103.832,0,NADRO S A P I DE CV                                                                                                                                                                                                                                           ,432,Pagada    ,1393.632,0,0,0,0,0,0,0,0,8710.2,0,1,PESOS                                                                           ,18.5383,27,MEXICO                                  ,            ,0,0,F     ,0,       ,0,       ,LINEA     ,51TBTM01            ,TAMARIN-LX /30 CAPS.                    ,V99    ,PZA   ,135,64.52,0,0,0,22I0374                       ,                         ,                                        ,22I0349                       
N3509     ,Dev. Just.   ,15/02/2023,FAR      ,16485,10565.802,0,NADRO S A P I DE CV                                                                                                                                                                                                                                           ,432,Pagada    ,1457.352,0,0,0,0,0,0,0,0,9108.45,0,1,PESOS                                                                           ,18.5383,27,MEXICO                                  ,            ,0,0,F     ,0,       ,0,       ,LINEA     ,51CPDG05            ,D-GELAC+FS C/30 CAPS.                   ,V99    ,PZA   ,135,67.47,0,0,0,22J0397                       ,                         ,                                        ,22I0349                       
N3509     ,Dev. Just.   ,15/02/2023,FAR      ,16485,3189.2112,0,NADRO S A P I DE CV                                                                                                                                                                                                                                           ,432,Pagada    ,439.8912,0,0,0,0,0,0,0,0,2749.32,0,1,PESOS                                                                           ,18.5383,27,MEXICO                                  ,            ,0,0,F     ,0,       ,0,       ,LINEA     ,51CPVF01            ,BIOMIVIT 400 30 / CAPS                  ,V99    ,PZA   ,42,65.46,0,0,0,22I0349                       ,                         ,                                        ,22I0349                       
N3510     ,Dev. Just.   ,15/02/2023,FAR      ,16488,10103.832,0,NADRO S A P I DE CV                                                                                                                                                                                                                                           ,432,Pagada    ,1393.632,0,0,0,0,0,0,0,0,8710.2,0,1,PESOS                                                                           ,18.5383,27,MEXICO                                  ,            ,0,0,F     ,0,       ,0,       ,LINEA     ,51TBTM01            ,TAMARIN-LX /30 CAPS.                    ,V99    ,PZA   ,135,64.52,0,0,0,22I0374                       ,                         ,                                        ,22I0374                       
N3511     ,Dev. Just.   ,15/02/2023,FAR      ,16486,3189.2112,0,NADRO S A P I DE CV                                                                                                                                                                                                                                           ,432,Pagada    ,439.8912,0,0,0,0,0,0,0,0,2749.32,0,1,PESOS                                                                           ,18.5383,27,MEXICO                                  ,            ,0,0,F     ,0,       ,0,       ,LINEA     ,51CPVF01            ,BIOMIVIT 400 30 / CAPS                  ,V99    ,PZA   ,42,65.46,0,0,0,22I0349                       ,                         ,                                        ,22I0374                       
N3511     ,Dev. Just.   ,15/02/2023,FAR      ,16486,10103.832,0,NADRO S A P I DE CV                                                                                                                                                                                                                                           ,432,Pagada    ,1393.632,0,0,0,0,0,0,0,0,8710.2,0,1,PESOS                                                                           ,18.5383,27,MEXICO                                  ,            ,0,0,F     ,0,       ,0,       ,LINEA     ,51TBTM01            ,TAMARIN-LX /30 CAPS.                    ,V99    ,PZA   ,135,64.52,0,0,0,22I0374                       ,                         ,                                        ,22I0374                       
N3513     ,Dev. Just.   ,15/02/2023,FAR      ,16489,10103.832,0,NADRO S A P I DE CV                                                                                                                                                                                                                                           ,432,Pagada    ,1393.632,0,0,0,0,0,0,0,0,8710.2,0,1,PESOS                                                                           ,18.5383,27,MEXICO                                  ,            ,0,0,F     ,0,       ,0,       ,LINEA     ,51TBTM01            ,TAMARIN-LX /30 CAPS.                    ,V99    ,PZA   ,135,64.52,0,0,0,22I0374                       ,                         ,                                        ,22I0374                       
N3514     ,Dev. Just.   ,15/02/2023,FAR      ,16490,3189.2112,0,NADRO S A P I DE CV                                                                                                                                                                                                                                           ,432,Pagada    ,439.8912,0,0,0,0,0,0,0,0,2749.32,0,1,PESOS                                                                           ,18.5383,27,MEXICO                                  ,            ,0,0,F     ,0,       ,0,       ,LINEA     ,51CPVF01            ,BIOMIVIT 400 30 / CAPS                  ,V99    ,PZA   ,42,65.46,0,0,0,22I0349                       ,                         ,                                        ,22I0349                       
N3515     ,Dev. Just.   ,15/02/2023,FAR      ,16839,1799.45,0,NADRO S A P I DE CV                                                                                                                                                                                                                                           ,432,Pagada    ,248.2,0,0,0,0,0,0,0,0,1551.25,0,1,PESOS                                                                           ,18.5383,27,MEXICO                                  ,            ,0,0,F     ,0,       ,0,       ,LINEA     ,51JBNC01            ,NATUBRON CERO JARABE 240 ML             ,       ,PZA   ,25,62.05,0,0,341.406819,22J0412                       ,                         ,                                        ,22J0412                       
N3529     ,Dev. Just.   ,22/02/2023,FAR      ,17548,2568.15648,0,PHARMA AMIGO SA DE CV                                                                                                                                                                                                                                         ,373,Pagada    ,354.22848,0,0,0,0,0,0,0,0,2213.928,68.472,1,PESOS                                                                           ,18.3938,27,MEXICO                                  ,            ,0,0,F     ,0,       ,0,       ,LINEA     ,51TBEX01            ,EXZON C/90 TABS.                        ,V99    ,PZA   ,40,57.06,0,0,0,23A0029                       ,                         ,                                        ,23A0029                       
N3530     ,Dev. Just.   ,22/02/2023,FAR      ,17549,2000.21178,0,PHARMA AMIGO SA DE CV                                                                                                                                                                                                                                         ,373,Pagada    ,275.89128,0,0,0,0,0,0,0,0,1724.3205,53.3295,1,PESOS                                                                           ,18.3938,27,MEXICO                                  ,            ,0,0,F     ,0,       ,0,       ,LINEA     ,51CPVT03            ,VITEM 3RA /30 CAPS.                     ,V99    ,PZA   ,35,50.79,0,0,0,23A0001                       ,                         ,                                        ,23A0001                       
N3531     ,Dev. Just.   ,22/02/2023,FAR      ,17550,1926.11736,0,PHARMA AMIGO SA DE CV                                                                                                                                                                                                                                         ,373,Pagada    ,265.67136,0,0,0,0,0,0,0,0,1660.446,51.354,1,PESOS                                                                           ,18.3938,27,MEXICO                                  ,            ,0,0,F     ,0,       ,0,       ,LINEA     ,51TBEX01            ,EXZON C/90 TABS.                        ,V99    ,PZA   ,30,57.06,0,0,0,23A0029                       ,                         ,                                        ,23A0029                       
N3537     ,Dev. Just.   ,01/03/2023,FAR      ,17709,16787.52,0,RAMA FARMACEUTICA                                                                                                                                                                                                                                             ,364,Pagada    ,2315.52,0,0,0,0,0,0,0,0,14472,1608,1,PESOS                                                                           ,18.3448,27,MEXICO                                  ,            ,0,0,F     ,0,       ,0,       ,MARCA PROP,51TBCB01            ,COMPLEJO B C/30 TABS. AL NATURAL        ,       ,PIEZA ,400,40.2,0,0,4272.615944,23B0055                       ,                         ,                                        ,23B0055                       
N3552     ,Dev. Just.   ,09/03/2023,FAR      ,17689,10914.49382,0,RAMA FARMACEUTICA                                                                                                                                                                                                                                             ,364,Pagada    ,1505.447424,0,0,0,0,0,0,0,0,9409.0464,1313.5136,1,PESOS                                                                           ,17.9662,27,MEXICO                                  ,            ,0,0,F     ,0,       ,0,       ,LINEA     ,51GOVA01            ,GOMITAS DE ASHWAGANDHA                  ,V99    ,PZA   ,64,167.54,0,0,0,368-220218                    ,                         ,                                        ,368-220218                    
N3553     ,Dev. Just.   ,09/03/2023,FAR      ,17650,350.921025,0,RAMA FARMACEUTICA                                                                                                                                                                                                                                             ,364,Pagada    ,48.4029,0,0,0,0,0,0,0,0,302.518125,42.231875,1,PESOS                                                                           ,17.9662,27,MEXICO                                  ,            ,0,0,F     ,0,       ,0,       ,LINEA     ,51JBNC01            ,NATUBRON CERO JARABE 240 ML             ,       ,PZA   ,5,68.95,0,0,65.19243335,23B0044                       ,                         ,                                        ,23B0044                       
N3563     ,Dev. Just.   ,17/03/2023,FAR      ,17848,10103.832,0,NADRO S A P I DE CV                                                                                                                                                                                                                                           ,432,Pagada    ,1393.632,0,0,0,0,0,0,0,0,8710.2,0,1,PESOS                                                                           ,18.9095,27,MEXICO                                  ,            ,0,0,F     ,0,       ,0,       ,LINEA     ,51TBTM01            ,TAMARIN-LX /30 CAPS.                    ,V99    ,PZA   ,135,64.52,0,0,0,22K0437                       ,                         ,                                        ,23A0015                       
N3563     ,Dev. Just.   ,17/03/2023,FAR      ,17848,10565.802,0,NADRO S A P I DE CV                                                                                                                                                                                                                                           ,432,Pagada    ,1457.352,0,0,0,0,0,0,0,0,9108.45,0,1,PESOS                                                                           ,18.9095,27,MEXICO                                  ,            ,0,0,F     ,0,       ,0,       ,LINEA     ,51CPDG05            ,D-GELAC+FS C/30 CAPS.                   ,V99    ,PZA   ,135,67.47,0,0,0,23A0015                       ,                         ,                                        ,23A0015                       
N3564     ,Dev. Just.   ,17/03/2023,FAR      ,17620,10103.832,0,NADRO S A P I DE CV                                                                                                                                                                                                                                           ,432,Pagada    ,1393.632,0,0,0,0,0,0,0,0,8710.2,0,1,PESOS                                                                           ,18.9095,27,MEXICO                                  ,            ,0,0,F     ,0,       ,0,       ,LINEA     ,51TBTM01            ,TAMARIN-LX /30 CAPS.                    ,V99    ,PZA   ,135,64.52,0,0,0,22K0458                       ,                         ,                                        ,23A0015                       
N3564     ,Dev. Just.   ,17/03/2023,FAR      ,17620,10565.802,0,NADRO S A P I DE CV                                                                                                                                                                                                                                           ,432,Pagada    ,1457.352,0,0,0,0,0,0,0,0,9108.45,0,1,PESOS                                                                           ,18.9095,27,MEXICO                                  ,            ,0,0,F     ,0,       ,0,       ,LINEA     ,51CPDG05            ,D-GELAC+FS C/30 CAPS.                   ,V99    ,PZA   ,135,67.47,0,0,0,23A0015                       ,                         ,                                        ,23A0015                       
N3566     ,Dev. Just.   ,21/03/2023,FAR      ,17735,8097.96,0,"LEVIC, S.A. DE C.V.                                                                                                                                                                                                                                           ",281,Pagada    ,1116.96,0,0,0,0,0,0,0,0,6981,0,1,PESOS                                                                           ,18.8977,27,MEXICO                                  ,            ,0,0,F     ,0,       ,0,       ,LINEA     ,51JBNC01            ,NATUBRON CERO JARABE 240 ML             ,       ,PZA   ,150,46.54,0,0,1679.2593,23B0053                       ,                         ,                                        ,23B0053                       
N3582     ,Dev. Just.   ,30/03/2023,FAR      ,18029,59535.84,0,LABORATORIO ELMOR MEXICO                                                                                                                                                                                                                                      ,368,Pagada    ,8211.84,0,0,0,0,0,0,0,0,51324,0,1,PESOS                                                                           ,18.2523,27,MEXICO                                  ,            ,0,0,F     ,0,       ,0,       ,ANT       ,CCB-0884            ,ANTICIPO                                ,       ,SER   ,1,51324,0,0,0,                              ,                         ,                                        ,                              
N3583     ,Dev. Just.   ,31/03/2023,FAR      ,18045,71108,0,LABORATORIO ELMOR MEXICO                                                                                                                                                                                                                                      ,368,Pagada    ,9808,0,0,0,0,0,0,0,0,61300,0,1,PESOS                                                                           ,18.1052,27,MEXICO                                  ,            ,0,0,F     ,0,       ,0,       ,ANT       ,CCB-0884            ,ANTICIPO                                ,       ,SER   ,1,61300,0,0,0,                              ,                         ,                                        ,                              
N3584     ,Dev. Just.   ,31/03/2023,FAR      ,17975,9768.128,0,REINVEX INTEGRA SA DE CV                                                                                                                                                                                                                                      ,372,Pagada    ,1347.328,0,0,0,0,0,0,0,0,8420.8,443.2,1,PESOS                                                                           ,18.1052,27,MEXICO                                  ,            ,0,0,F     ,0,       ,0,       ,LINEA     ,51TBEX01            ,EXZON C/90 TABS.                        ,V99    ,PZA   ,160,55.4,0,0,0,23B0047                       ,                         ,                                        ,23B0047                       
N3607     ,Dev. Just.   ,19/04/2023,FAR      ,18065,1831.524,0,REINVEX INTEGRA SA DE CV                                                                                                                                                                                                                                      ,372,Pagada    ,252.624,0,0,0,0,0,0,0,0,1578.9,83.1,1,PESOS                                                                           ,18.0868,27,MEXICO                                  ,            ,0,0,F     ,0,       ,0,       ,LINEA     ,51TBPK01            ,PROBIO KIDS / 30 TABS.                  ,V99    ,PZA   ,50,33.24,0,0,0,22L0482                       ,                         ,                                        ,22L0482                       
N3614     ,Dev. Just.   ,21/04/2023,FAR      ,16840,7986.6,0,NADRO S A P I DE CV                                                                                                                                                                                                                                           ,432,Pagada    ,1101.6,0,0,0,0,0,0,0,0,6885,0,1,PESOS                                                                           ,18.0448,27,MEXICO                                  ,            ,0,0,F     ,0,       ,0,       ,LINEA     ,51TBTM01            ,TAMARIN-LX /30 CAPS.                    ,V99    ,PZA   ,135,51,0,0,0,22J0394                       ,                         ,                                        ,22K0447                       
N3614     ,Dev. Just.   ,21/04/2023,FAR      ,16840,8791.524,0,NADRO S A P I DE CV                                                                                                                                                                                                                                           ,432,Pagada    ,1212.624,0,0,0,0,0,0,0,0,7578.9,0,1,PESOS                                                                           ,18.0448,27,MEXICO                                  ,            ,0,0,F     ,0,       ,0,       ,LINEA     ,51CPDG05            ,D-GELAC+FS C/30 CAPS.                   ,V99    ,PZA   ,135,56.14,0,0,0,22K0447                       ,                         ,                                        ,22K0447                       
N3615     ,Dev. Just.   ,21/04/2023,FAR      ,16841,1799.45,0,NADRO S A P I DE CV                                                                                                                                                                                                                                           ,432,Pagada    ,248.2,0,0,0,0,0,0,0,0,1551.25,0,1,PESOS                                                                           ,18.0448,27,MEXICO                                  ,            ,0,0,F     ,0,       ,0,       ,LINEA     ,51JBNC01            ,NATUBRON CERO JARABE 240 ML             ,       ,PZA   ,25,62.05,0,0,341.406819,22J0412                       ,                         ,                                        ,22J0412                       
N3624     ,Dev. Just.   ,28/04/2023,FAR      ,18297,214075.68,0,LABORATORIO ELMOR MEXICO                                                                                                                                                                                                                                      ,368,Pagada    ,29527.68,0,0,0,0,0,0,0,0,184548,0,1,PESOS                                                                           ,18.103,27,MEXICO                                  ,            ,0,0,F     ,0,       ,0,       ,ANT       ,CCB-0884            ,ANTICIPO                                ,       ,SER   ,1,184548,0,0,0,                              ,                         ,                                        ,                              
N3625     ,Dev. Just.   ,28/04/2023,FAR      ,18298,228009.6,0,LABORATORIO ELMOR MEXICO                                                                                                                                                                                                                                      ,368,Pagada    ,31449.6,0,0,0,0,0,0,0,0,196560,0,1,PESOS                                                                           ,18.103,27,MEXICO                                  ,            ,0,0,F     ,0,       ,0,       ,ANT       ,CCB-0884            ,ANTICIPO                                ,       ,SER   ,1,196560,0,0,0,                              ,                         ,                                        ,                              
N3659     ,Dev. Just.   ,23/05/2023,FAR      ,18369,46437.12,0,"LEVIC, S.A. DE C.V.                                                                                                                                                                                                                                           ",281,Pagada    ,6405.12,0,0,0,0,0,0,0,0,40032,0,1,PESOS                                                                           ,17.693,27,MEXICO                                  ,            ,0,0,F     ,0,       ,0,       ,LINEA     ,51TBBF02            ,BIOFOLIC 400 / 60 TABS.                 ,V99    ,PZA   ,1200,33.36,0,0,0,23C0088                       ,                         ,                                        ,23C0088                       
N3660     ,Dev. Just.   ,23/05/2023,FAR      ,18307,4864.228,0,ROSARIO MENDOZA MACEDO                                                                                                                                                                                                                                        ,8,Pagada    ,670.928,0,0,0,0,0,0,0,0,4193.3,220.7,1,PESOS                                                                           ,17.693,29,GUADALAJARA                             ,            ,0,0,F     ,0,       ,0,       ,LINEA     ,51TBME01            ,MEM-EH C/30 TABS                        ,V99    ,PZA   ,100,44.14,0,0,0,23C0083                       ,                         ,                                        ,23C0083                       
N3677     ,Dev. Just.   ,30/05/2023,FAR      ,18463,1475.883747,0,PHARMA PLUS SA DE CV                                                                                                                                                                                                                                          ,435,Pagada    ,203.570172,0,0,0,0,0,0,0,0,1272.313575,177.616425,1,PESOS                                                                           ,17.6723,4,DIRECTO                                 ,            ,0,0,F     ,0,       ,0,       ,LINEA     ,51PLCV01            ,C-VYM NARANJA-MANDARINA C/11 SOBRES     ,       ,PIEZA ,17,85.29,0,0,526.2187368,23B038                        ,                         ,                                        ,23B038                        
N3678     ,Dev. Just.   ,30/05/2023,FAR      ,18462,272.715768,0,PHARMA PLUS SA DE CV                                                                                                                                                                                                                                          ,435,Pagada    ,37.615968,0,0,0,0,0,0,0,0,235.0998,32.8202,1,PESOS                                                                           ,17.6723,4,DIRECTO                                 ,            ,0,0,F     ,0,       ,0,       ,LINEA     ,51TGVA01            ,VANESIR DUO PACK                        ,       ,PZA   ,2,133.96,0,0,49.43692276,DUO23003                      ,                         ,                                        ,DUO23003                      
N3701     ,Dev. Just.   ,12/06/2023,FAR      ,18525,1799.392,0,"LEVIC, S.A. DE C.V.                                                                                                                                                                                                                                           ",281,Pagada    ,248.192,0,0,0,0,0,0,0,0,1551.2,0,1,PESOS                                                                           ,17.4085,27,MEXICO                                  ,            ,0,0,F     ,0,       ,0,       ,LINEA     ,51TBEX01            ,EXZON C/90 TABS.                        ,V99    ,PZA   ,28,55.4,0,0,0,23D0102                       ,                         ,                                        ,23D0102                       
N3727     ,Dev. Just.   ,26/06/2023,FAR      ,18505,1392,0,FARMACIAS BENAVIDES S A B DE C V                                                                                                                                                                                                                              ,387,Pagada    ,192,0,0,0,0,0,0,0,0,1200,0,1,PESOS                                                                           ,17.1713,27,MEXICO                                  ,            ,0,0,F     ,0,       ,0,       ,MARCA PROP,51TBEX03            ,FIBRA/BIOFLAV/LACTOB/VITAMINAS 90 TABS  ,       ,PZA   ,15,80,0,0,214.0894422,23D0101                       ,                         ,                                        ,23D0101                       
N3744     ,Dev. Just.   ,30/06/2023,FAR      ,18843,28135.8,0,LABORATORIO ELMOR MEXICO                                                                                                                                                                                                                                      ,368,Pagada    ,3880.8,0,0,0,0,0,0,0,0,24255,0,1,PESOS                                                                           ,17.072,27,MEXICO                                  ,            ,0,0,F     ,0,       ,0,       ,ANT       ,CCB-0884            ,ANTICIPO                                ,       ,SER   ,1,24255,0,0,0,                              ,                         ,                                        ,                              
N3745     ,Dev. Just.   ,30/06/2023,FAR      ,18847,59535.84,0,LABORATORIO ELMOR MEXICO                                                                                                                                                                                                                                      ,368,Pagada    ,8211.84,0,0,0,0,0,0,0,0,51324,0,1,PESOS                                                                           ,17.072,27,MEXICO                                  ,            ,0,0,F     ,0,       ,0,       ,ANT       ,CCB-0884            ,ANTICIPO                                ,       ,SER   ,1,51324,0,0,0,                              ,                         ,                                        ,                              
N3746     ,Dev. Just.   ,30/06/2023,FAR      ,18848,59958.08,0,LABORATORIO ELMOR MEXICO                                                                                                                                                                                                                                      ,368,Pagada    ,8270.08,0,0,0,0,0,0,0,0,51688,0,1,PESOS                                                                           ,17.072,27,MEXICO                                  ,            ,0,0,F     ,0,       ,0,       ,ANT       ,CCB-0884            ,ANTICIPO                                ,       ,SER   ,1,51688,0,0,0,                              ,                         ,                                        ,                              
N3747     ,Dev. Just.   ,30/06/2023,FAR      ,18849,60169.2,0,LABORATORIO ELMOR MEXICO                                                                                                                                                                                                                                      ,368,Pagada    ,8299.2,0,0,0,0,0,0,0,0,51870,0,1,PESOS                                                                           ,17.072,27,MEXICO                                  ,            ,0,0,F     ,0,       ,0,       ,ANT       ,CCB-0884            ,ANTICIPO                                ,       ,SER   ,1,51870,0,0,0,                              ,                         ,                                        ,                              
N3748     ,Dev. Just.   ,30/06/2023,FAR      ,18850,48346.48,0,LABORATORIO ELMOR MEXICO                                                                                                                                                                                                                                      ,368,Pagada    ,6668.48,0,0,0,0,0,0,0,0,41678,0,1,PESOS                                                                           ,17.072,27,MEXICO                                  ,            ,0,0,F     ,0,       ,0,       ,ANT       ,CCB-0884            ,ANTICIPO                                ,       ,SER   ,1,41678,0,0,0,                              ,                         ,                                        ,                              
N3749     ,Dev. Just.   ,30/06/2023,FAR      ,18865,68272.96,0,LABORATORIO ELMOR MEXICO                                                                                                                                                                                                                                      ,368,Pagada    ,9416.96,0,0,0,0,0,0,0,0,58856,0,1,PESOS                                                                           ,17.072,27,MEXICO                                  ,            ,0,0,F     ,0,       ,0,       ,ANT       ,CCB-0884            ,ANTICIPO                                ,       ,SER   ,1,58856,0,0,0,                              ,                         ,                                        ,                              
N3750     ,Dev. Just.   ,30/06/2023,FAR      ,18869,50182.3656,0,LIFOODS SA DE CV                                                                                                                                                                                                                                              ,441,Pagada    ,6921.7056,0,0,0,0,0,0,0,0,43260.66,0,1,PESOS                                                                           ,17.072,4,DIRECTO                                 ,            ,0,0,F     ,0,       ,0,       ,ANT       ,CCB-0884            ,ANTICIPO                                ,       ,SER   ,1,43260.66,0,0,0,                              ,                         ,                                        ,                              
N3761     ,Dev. Just.   ,11/07/2023,FAR      ,18915,71108,0,LABORATORIO ELMOR MEXICO                                                                                                                                                                                                                                      ,368,Pagada    ,9808,0,0,0,0,0,0,0,0,61300,0,1,PESOS                                                                           ,17.1012,27,MEXICO                                  ,            ,0,0,F     ,0,       ,0,       ,ANT       ,CCB-0884            ,ANTICIPO                                ,       ,SER   ,1,61300,0,0,0,                              ,                         ,                                        ,                              
N3773     ,Dev. Just.   ,17/07/2023,FAR      ,18998,2240.0064,0,LIFOODS SA DE CV                                                                                                                                                                                                                                              ,441,Pagada    ,308.9664,0,0,0,0,0,0,0,0,1931.04,0,1,PESOS                                                                           ,16.8905,4,DIRECTO                                 ,            ,0,0,F     ,0,       ,0,       ,ANT       ,CCB-0884            ,ANTICIPO                                ,       ,SER   ,1,1931.04,0,0,0,                              ,                         ,                                        ,                              
N3774     ,Dev. Just.   ,17/07/2023,FAR      ,18999,23333.4,0,LIFOODS SA DE CV                                                                                                                                                                                                                                              ,441,Pagada    ,3218.4,0,0,0,0,0,0,0,0,20115,0,1,PESOS                                                                           ,16.8905,4,DIRECTO                                 ,            ,0,0,F     ,0,       ,0,       ,ANT       ,CCB-0884            ,ANTICIPO                                ,       ,SER   ,1,20115,0,0,0,                              ,                         ,                                        ,                              
N3785     ,Dev. Just.   ,20/07/2023,FAR      ,18728,86773.9392,0,PHARMA PLUS SA DE CV                                                                                                                                                                                                                                          ,435,Pagada    ,11968.8192,0,0,0,0,0,0,0,0,74805.12,10442.88,1,PESOS                                                                           ,16.748,4,DIRECTO                                 ,            ,0,0,F     ,0,       ,0,       ,LINEA     ,51CPDL01            ,DIALAVIT CAJA C/30 CAPS                 ,       ,PZA   ,592,144,0,0,16277.58238,22L0491                       ,                         ,                                        ,22L0491                       
N3791     ,Dev. Just.   ,20/07/2023,FAR      ,18196,3742.16,0,NADRO S A P I DE CV                                                                                                                                                                                                                                           ,432,Pagada    ,516.16,0,0,0,0,0,0,0,0,3226,0,1,PESOS                                                                           ,16.748,27,MEXICO                                  ,            ,0,0,F     ,0,       ,0,       ,LINEA     ,51TBTM01            ,TAMARIN-LX /30 CAPS.                    ,V99    ,PZA   ,50,64.52,0,0,0,23B0036                       ,                         ,                                        ,23B0036                       
N3794     ,Dev. Just.   ,21/07/2023,FAR      ,19042,1555.56,0,LIFOODS SA DE CV                                                                                                                                                                                                                                              ,441,Pagada    ,214.56,0,0,0,0,0,0,0,0,1341,0,1,PESOS                                                                           ,16.7667,4,DIRECTO                                 ,            ,0,0,F     ,0,       ,0,       ,ANT       ,CCB-0884            ,ANTICIPO                                ,       ,SER   ,1,1341,0,0,0,                              ,                         ,                                        ,                              
N3795     ,Dev. Just.   ,21/07/2023,FAR      ,19043,43680.1248,0,LIFOODS SA DE CV                                                                                                                                                                                                                                              ,441,Pagada    ,6024.8448,0,0,0,0,0,0,0,0,37655.28,0,1,PESOS                                                                           ,16.7667,4,DIRECTO                                 ,            ,0,0,F     ,0,       ,0,       ,ANT       ,CCB-0884            ,ANTICIPO                                ,       ,SER   ,1,37655.28,0,0,0,                              ,                         ,                                        ,                              
N3796     ,Dev. Just.   ,21/07/2023,FAR      ,19044,5226.6816,0,LIFOODS SA DE CV                                                                                                                                                                                                                                              ,441,Pagada    ,720.9216,0,0,0,0,0,0,0,0,4505.76,0,1,PESOS                                                                           ,16.7667,4,DIRECTO                                 ,            ,0,0,F     ,0,       ,0,       ,ANT       ,CCB-0884            ,ANTICIPO                                ,       ,SER   ,1,4505.76,0,0,0,                              ,                         ,                                        ,                              
N3797     ,Dev. Just.   ,21/07/2023,FAR      ,19045,3795.5664,0,LIFOODS SA DE CV                                                                                                                                                                                                                                              ,441,Pagada    ,523.5264,0,0,0,0,0,0,0,0,3272.04,0,1,PESOS                                                                           ,16.7667,4,DIRECTO                                 ,            ,0,0,F     ,0,       ,0,       ,ANT       ,CCB-0884            ,ANTICIPO                                ,       ,SER   ,1,3272.04,0,0,0,                              ,                         ,                                        ,                              
N3809     ,Dev. Just.   ,31/07/2023,FAR      ,19131,9186.2952,0,LIFOODS SA DE CV                                                                                                                                                                                                                                              ,441,Pagada    ,1267.0752,0,0,0,0,0,0,0,0,7919.22,0,1,PESOS                                                                           ,16.7338,4,DIRECTO                                 ,            ,0,0,F     ,0,       ,0,       ,ANT       ,CCB-0884            ,ANTICIPO                                ,       ,SER   ,1,7919.22,0,0,0,                              ,                         ,                                        ,                              
N3810     ,Dev. Just.   ,31/07/2023,FAR      ,19141,3733.344,0,LIFOODS SA DE CV                                                                                                                                                                                                                                              ,441,Pagada    ,514.944,0,0,0,0,0,0,0,0,3218.4,0,1,PESOS                                                                           ,16.7338,4,DIRECTO                                 ,            ,0,0,F     ,0,       ,0,       ,ANT       ,CCB-0884            ,ANTICIPO                                ,       ,SER   ,1,3218.4,0,0,0,                              ,                         ,                                        ,                              
N3811     ,Dev. Just.   ,31/07/2023,FAR      ,19142,22400.064,0,LIFOODS SA DE CV                                                                                                                                                                                                                                              ,441,Pagada    ,3089.664,0,0,0,0,0,0,0,0,19310.4,0,1,PESOS                                                                           ,16.7338,4,DIRECTO                                 ,            ,0,0,F     ,0,       ,0,       ,ANT       ,CCB-0884            ,ANTICIPO                                ,       ,SER   ,1,19310.4,0,0,0,                              ,                         ,                                        ,                              
N3812     ,Dev. Just.   ,31/07/2023,FAR      ,19168,190008,0,LABORATORIO ELMOR MEXICO                                                                                                                                                                                                                                      ,368,Pagada    ,26208,0,0,0,0,0,0,0,0,163800,0,1,PESOS                                                                           ,16.7338,27,MEXICO                                  ,            ,0,0,F     ,0,       ,0,       ,ANT       ,CCB-0884            ,ANTICIPO                                ,       ,SER   ,1,163800,0,0,0,                              ,                         ,                                        ,                              
N3813     ,Dev. Just.   ,31/07/2023,FAR      ,19171,204450,0,REMEDIO S.A. DE C.V.                                                                                                                                                                                                                                          ,110,Pagada    ,28200,0,0,0,0,0,0,0,0,176250,0,1,PESOS                                                                           ,16.7338,29,GUADALAJARA                             ,            ,0,0,F     ,0,       ,0,       ,ANT       ,CCB-0884            ,ANTICIPO                                ,       ,SER   ,1,176250,0,0,0,                              ,                         ,                                        ,                              
N3814     ,Dev. Just.   ,31/07/2023,FAR      ,19184,50251.8148,0,LIFOODS SA DE CV                                                                                                                                                                                                                                              ,441,Pagada    ,6931.2848,0,0,0,0,0,0,0,0,43320.53,0,1,PESOS                                                                           ,16.7338,4,DIRECTO                                 ,            ,0,0,F     ,0,       ,0,       ,ANT       ,CCB-0884            ,ANTICIPO                                ,       ,SER   ,1,43320.53,0,0,0,                              ,                         ,                                        ,                              
N3836     ,Dev. Just.   ,10/08/2023,FAR      ,17637,3358.1594,0,PHARMA AMIGO SA DE CV                                                                                                                                                                                                                                         ,373,Pagada    ,463.1944,0,0,0,0,0,0,0,0,2894.965,89.535,1,PESOS                                                                           ,17.1122,27,MEXICO                                  ,            ,0,0,F     ,0,       ,0,       ,LINEA     ,51PLCV03            ,C-VYM CERO AZUCAR C/11 SOBRES           ,       ,PIEZA ,50,59.69,0,0,1296.90975,23B055                        ,                         ,                                        ,23B055                        
N3840     ,Dev. Just.   ,14/08/2023,FAR      ,19191,38931.92,0,PHARMA AMIGO SA DE CV                                                                                                                                                                                                                                         ,373,Pagada    ,5369.92,0,0,0,0,0,0,0,0,33562,1038,1,PESOS                                                                           ,16.9548,30,SAMUEL RIVERO                           ,            ,0,0,F     ,0,       ,0,       ,LINEA     ,51CPVF01            ,BIOMIVIT 400 30 / CAPS                  ,V99    ,PZA   ,800,43.25,0,0,0,23F0174                       ,                         ,                                        ,23F0174                       
N3844     ,Dev. Just.   ,16/08/2023,FAR      ,19155,68433.9216,0,MTEX MEXICO                                                                                                                                                                                                                                                   ,410,Pagada    ,9439.1616,0,0,0,0,0,0,0,0,58994.76,0,1,PESOS                                                                           ,17.0672,29,GUADALAJARA                             ,            ,0,0,F     ,0,       ,0,       ,MAQUILA   ,51PLGY01            ,GLYCOLAGENO 12gr CAJA CON 20 SOBRES     ,       ,PZA   ,478,123.42,0,0,24006.20108,23F0182                       ,                         ,                                        ,23F0182                       
N3845     ,Dev. Just.   ,17/08/2023,FAR      ,19320,52673.28,0,LABORATORIO ELMOR MEXICO                                                                                                                                                                                                                                      ,368,Pagada    ,7265.28,0,0,0,0,0,0,0,0,45408,0,1,PESOS                                                                           ,17.1388,27,MEXICO                                  ,            ,0,0,F     ,0,       ,0,       ,ANT       ,CCB-0884            ,ANTICIPO                                ,       ,SER   ,1,45408,0,0,0,                              ,                         ,                                        ,                              
N3866     ,Dev. Just.   ,31/08/2023,FAR      ,19429,74657.6,0,LABORATORIO ELMOR MEXICO                                                                                                                                                                                                                                      ,368,Pagada    ,10297.6,0,0,0,0,0,0,0,0,64360,0,1,PESOS                                                                           ,16.8402,27,MEXICO                                  ,            ,0,0,F     ,0,       ,0,       ,ANT       ,CCB-0884            ,ANTICIPO                                ,       ,SER   ,1,64360,0,0,0,                              ,                         ,                                        ,                              
N3868     ,Dev. Just.   ,31/08/2023,FAR      ,19451,12261.2,0,BOREAL FARMACEUTICA                                                                                                                                                                                                                                           ,350,Pagada    ,1691.2,0,0,0,0,0,0,0,0,10570,0,1,PESOS                                                                           ,16.8402,29,GUADALAJARA                             ,            ,0,0,F     ,0,       ,0,       ,ANT       ,CCB-0884            ,ANTICIPO                                ,       ,SER   ,1,10570,0,0,0,                              ,                         ,                                        ,                              
N3869     ,Dev. Just.   ,31/08/2023,FAR      ,19452,33718.3,0,BOREAL FARMACEUTICA                                                                                                                                                                                                                                           ,350,Pagada    ,4650.8,0,0,0,0,0,0,0,0,29067.5,0,1,PESOS                                                                           ,16.8402,29,GUADALAJARA                             ,            ,0,0,F     ,0,       ,0,       ,ANT       ,CCB-0884            ,ANTICIPO                                ,       ,SER   ,1,29067.5,0,0,0,                              ,                         ,                                        ,                              
N3870     ,Dev. Just.   ,31/08/2023,FAR      ,19453,76826.7536,0,BOREAL FARMACEUTICA                                                                                                                                                                                                                                           ,350,Pagada    ,10596.7936,0,0,0,0,0,0,0,0,66229.96,0,1,PESOS                                                                           ,16.8402,29,GUADALAJARA                             ,            ,0,0,F     ,0,       ,0,       ,ANT       ,CCB-0884            ,ANTICIPO                                ,       ,SER   ,1,66229.96,0,0,0,                              ,                         ,                                        ,                              
N3876     ,Dev. Just.   ,06/09/2023,FAR      ,19000,8979.374313,0,PHARMA PLUS SA DE CV                                                                                                                                                                                                                                          ,435,Pagada    ,1238.534388,0,0,0,0,0,0,0,0,7740.839925,1260.660075,1,PESOS                                                                           ,17.175,4,DIRECTO                                 ,            ,0,0,F     ,0,       ,0,       ,LINEA     ,51CPVF01            ,BIOMIVIT 400 30 / CAPS                  ,V99    ,PZA   ,150,60.01,0,0,0,23F0174                       ,                         ,                                        ,23F0174                       
N3910     ,Dev. Just.   ,14/09/2023,FAR      ,19561,1796.204051,0,PHARMA PLUS SA DE CV                                                                                                                                                                                                                                          ,435,Pagada    ,247.7522829,0,0,0,0,0,0,0,0,1548.451768,252.178232,1,PESOS                                                                           ,17.2553,34,JOSE ANTONIO CRUZ                       ,            ,0,0,F     ,0,       ,0,       ,LINEA     ,51TBME01            ,MEM-EH C/30 TABS                        ,V99    ,PZA   ,27,66.69,0,0,0,23F0184                       ,                         ,                                        ,23F0184                       
N3911     ,Dev. Just.   ,14/09/2023,FAR      ,19563,77.03019324,0,PHARMA PLUS SA DE CV                                                                                                                                                                                                                                          ,435,Pagada    ,10.62485424,0,0,0,0,0,0,0,0,66.405339,10.814661,1,PESOS                                                                           ,17.2553,34,JOSE ANTONIO CRUZ                       ,            ,0,0,F     ,0,       ,0,       ,LINEA     ,51JBNC01            ,NATUBRON CERO JARABE 240 ML             ,       ,PZA   ,1,77.22,0,0,12.55644236,23F0169                       ,                         ,                                        ,DUO23007                      
N3911     ,Dev. Just.   ,14/09/2023,FAR      ,19563,2672.614526,0,PHARMA PLUS SA DE CV                                                                                                                                                                                                                                          ,435,Pagada    ,368.6364864,0,0,0,0,0,0,0,0,2303.97804,375.22196,1,PESOS                                                                           ,17.2553,34,JOSE ANTONIO CRUZ                       ,            ,0,0,F     ,0,       ,0,       ,LINEA     ,51TGVA01            ,VANESIR DUO PACK                        ,       ,PZA   ,20,133.96,0,0,676.821526,DUO23007                      ,                         ,                                        ,DUO23007                      
N3947     ,Dev. Just.   ,02/10/2023,FAR      ,19602,7785.63,0,NADRO S A P I DE CV                                                                                                                                                                                                                                           ,432,Pagada    ,1073.88,0,0,0,0,0,0,0,0,6711.75,0,1,PESOS                                                                           ,17.6195,35,MARIA CRISTINA AGUILAR                  ,            ,0,0,F     ,0,       ,0,       ,LINEA     ,51JBNC01            ,NATUBRON CERO JARABE 240 ML             ,       ,PZA   ,75,89.49,0,0,979.1343518,23F0175                       ,                         ,                                        ,23F0175                       
N3948     ,Dev. Just.   ,02/10/2023,FAR      ,19613,2355.695433,0,PHARMA PLUS SA DE CV                                                                                                                                                                                                                                          ,435,Pagada    ,324.923508,0,0,0,0,0,0,0,0,2030.771925,330.728075,1,PESOS                                                                           ,17.6195,34,JOSE ANTONIO CRUZ                       ,            ,0,0,F     ,0,       ,0,       ,LINEA     ,51TBPK01            ,PROBIO KIDS / 30 TABS.                  ,V99    ,PZA   ,50,47.23,0,0,0,23I0253                       ,                         ,                                        ,23I0253                       
N3949     ,Dev. Just.   ,02/10/2023,FAR      ,19654,212.048928,0,PHARMA PLUS SA DE CV                                                                                                                                                                                                                                          ,435,Pagada    ,29.248128,0,0,0,0,0,0,0,0,182.8008,25.5192,1,PESOS                                                                           ,17.6195,34,JOSE ANTONIO CRUZ                       ,            ,0,0,F     ,0,       ,0,       ,LINEA     ,51TBCK03            ,C-KIDS C/30 TABS.                       ,V99    ,PZA   ,4,52.08,0,0,0,23D0095                       ,                         ,                                        ,2.30E+148
N3949     ,Dev. Just.   ,02/10/2023,FAR      ,19654,2503.402902,0,PHARMA PLUS SA DE CV                                                                                                                                                                                                                                          ,435,Pagada    ,345.296952,0,0,0,0,0,0,0,0,2158.10595,301.27405,1,PESOS                                                                           ,17.6195,34,JOSE ANTONIO CRUZ                       ,            ,0,0,F     ,0,       ,0,       ,LINEA     ,51CPQR01            ,QUERCETINA CAPS 500MG C/60              ,V99    ,PZA   ,11,223.58,0,0,0,22D001                        ,                         ,                                        ,2.30E+148
N3949     ,Dev. Just.   ,02/10/2023,FAR      ,19654,310.093056,0,PHARMA PLUS SA DE CV                                                                                                                                                                                                                                          ,435,Pagada    ,42.771456,0,0,0,0,0,0,0,0,267.3216,37.3184,1,PESOS                                                                           ,17.6195,34,JOSE ANTONIO CRUZ                       ,            ,0,0,F     ,0,       ,0,       ,LINEA     ,51CPVB02            ,VITABIOM Q10 /30 CAPS.                  ,V99    ,PZA   ,4,76.16,0,0,0,2.30E+148,                         ,                                        ,2.30E+148
N3952     ,Dev. Just.   ,03/10/2023,FAR      ,19720,33597.312,0,FARMACIAS DE SIMILARES SA DE CV                                                                                                                                                                                                                               ,443,Pagada    ,4634.112,0,0,0,0,0,0,0,0,28963.2,0,1,PESOS                                                                           ,17.4127,4,DIRECTO                                 ,            ,0,0,F     ,0,       ,0,       ,MAQUILA   ,51PLFX02            ,FIBOTAX SIMILARES 10g C/10 SOBRES       ,       ,PIEZA ,960,30.17,0,0,18150.1367,23I038                        ,                         ,                                        ,23I040                        
N3952     ,Dev. Just.   ,03/10/2023,FAR      ,19720,88192.944,0,FARMACIAS DE SIMILARES SA DE CV                                                                                                                                                                                                                               ,443,Pagada    ,12164.544,0,0,0,0,0,0,0,0,76028.4,0,1,PESOS                                                                           ,17.4127,4,DIRECTO                                 ,            ,0,0,F     ,0,       ,0,       ,MAQUILA   ,51PLFX02            ,FIBOTAX SIMILARES 10g C/10 SOBRES       ,       ,PIEZA ,2520,30.17,0,0,47644.10885,23I041                        ,                         ,                                        ,23I040                        
N3952     ,Dev. Just.   ,03/10/2023,FAR      ,19720,88192.944,0,FARMACIAS DE SIMILARES SA DE CV                                                                                                                                                                                                                               ,443,Pagada    ,12164.544,0,0,0,0,0,0,0,0,76028.4,0,1,PESOS                                                                           ,17.4127,4,DIRECTO                                 ,            ,0,0,F     ,0,       ,0,       ,MAQUILA   ,51PLFX02            ,FIBOTAX SIMILARES 10g C/10 SOBRES       ,       ,PIEZA ,2520,30.17,0,0,47644.10885,23I039                        ,                         ,                                        ,23I040                        
N3952     ,Dev. Just.   ,03/10/2023,FAR      ,19720,54595.632,0,FARMACIAS DE SIMILARES SA DE CV                                                                                                                                                                                                                               ,443,Pagada    ,7530.432,0,0,0,0,0,0,0,0,47065.2,0,1,PESOS                                                                           ,17.4127,4,DIRECTO                                 ,            ,0,0,F     ,0,       ,0,       ,MAQUILA   ,51PLFX02            ,FIBOTAX SIMILARES 10g C/10 SOBRES       ,       ,PIEZA ,1560,30.17,0,0,29493.97214,23I042                        ,                         ,                                        ,23I040                        
N3952     ,Dev. Just.   ,03/10/2023,FAR      ,19720,88192.944,0,FARMACIAS DE SIMILARES SA DE CV                                                                                                                                                                                                                               ,443,Pagada    ,12164.544,0,0,0,0,0,0,0,0,76028.4,0,1,PESOS                                                                           ,17.4127,4,DIRECTO                                 ,            ,0,0,F     ,0,       ,0,       ,MAQUILA   ,51PLFX02            ,FIBOTAX SIMILARES 10g C/10 SOBRES       ,       ,PIEZA ,2520,30.17,0,0,47644.10885,23I040                        ,                         ,                                        ,23I040                        
N3953     ,Dev. Just.   ,04/10/2023,FAR      ,19724,4340.83455,0,PHARMA PLUS SA DE CV                                                                                                                                                                                                                                          ,435,Pagada    ,598.7358,0,0,0,0,0,0,0,0,3742.09875,522.40125,1,PESOS                                                                           ,17.592,34,JOSE ANTONIO CRUZ                       ,            ,0,0,F     ,0,       ,0,       ,LINEA     ,51PLCV01            ,C-VYM NARANJA-MANDARINA C/11 SOBRES     ,       ,PIEZA ,50,85.29,0,0,1623.48412,23C035                        ,                         ,                                        ,23C035                        
N3954     ,Dev. Just.   ,04/10/2023,FAR      ,19724,5045.22135,0,PHARMA PLUS SA DE CV                                                                                                                                                                                                                                          ,435,Pagada    ,695.8926,0,0,0,0,0,0,0,0,4349.32875,607.17125,1,PESOS                                                                           ,17.592,34,JOSE ANTONIO CRUZ                       ,            ,0,0,F     ,0,       ,0,       ,LINEA     ,51PLCV03            ,C-VYM CERO AZUCAR C/11 SOBRES           ,       ,PIEZA ,50,99.13,0,0,1212.393771,23C033                        ,                         ,                                        ,23C033                        
N4026     ,Dev. Just.   ,31/10/2023,FAR      ,20113,152006.4,0,LABORATORIO ELMOR MEXICO                                                                                                                                                                                                                                      ,368,Pagada    ,20966.4,0,0,0,0,0,0,0,0,131040,0,1,PESOS                                                                           ,18.0752,27,MEXICO                                  ,            ,0,0,F     ,0,       ,0,       ,ANT       ,CCB-0884            ,ANTICIPO                                ,       ,SER   ,1,131040,0,0,0,                              ,                         ,                                        ,                              
N4027     ,Dev. Just.   ,31/10/2023,FAR      ,20114,48875.904,0,LABORATORIO ELMOR MEXICO                                                                                                                                                                                                                                      ,368,Pagada    ,6741.504,0,0,0,0,0,0,0,0,42134.4,0,1,PESOS                                                                           ,18.0752,27,MEXICO                                  ,            ,0,0,F     ,0,       ,0,       ,ANT       ,CCB-0884            ,ANTICIPO                                ,       ,SER   ,1,42134.4,0,0,0,                              ,                         ,                                        ,                              
N4028     ,Dev. Just.   ,31/10/2023,FAR      ,20115,55763.52,0,LABORATORIO ELMOR MEXICO                                                                                                                                                                                                                                      ,368,Pagada    ,7691.52,0,0,0,0,0,0,0,0,48072,0,1,PESOS                                                                           ,18.0752,27,MEXICO                                  ,            ,0,0,F     ,0,       ,0,       ,ANT       ,CCB-0884            ,ANTICIPO                                ,       ,SER   ,1,48072,0,0,0,                              ,                         ,                                        ,                              
N4042     ,Dev. Just.   ,08/11/2023,FAR      ,20171,38332.2,0,LABORATORIO ELMOR MEXICO                                                                                                                                                                                                                                      ,368,Pagada    ,5287.2,0,0,0,0,0,0,0,0,33045,0,1,PESOS                                                                           ,17.5308,4,DIRECTO                                 ,            ,0,0,F     ,0,       ,0,       ,ANT       ,CCB-0884            ,ANTICIPO                                ,       ,SER   ,1,33045,0,0,0,                              ,                         ,                                        ,                              
N4049     ,Dev. Just.   ,10/11/2023,FAR      ,19623,66.64195708,0,VENTA MENUDEO                                                                                                                                                                                                                                                 ,1,Pagada    ,9.19199408,0,0,0,0,0,0,0,0,57.449963,0,1,PESOS                                                                           ,17.5017,29,GUADALAJARA                             ,            ,0,0,F     ,0,       ,0,       ,LINEA     ,51PLCV01            ,C-VYM NARANJA-MANDARINA C/11 SOBRES     ,       ,PIEZA ,1,57.449963,0,0,30.95404334,23B038                        ,                         ,                                        ,23B038                        
N4050     ,Dev. Just.   ,10/11/2023,FAR      ,19625,57.19667564,0,VENTA MENUDEO                                                                                                                                                                                                                                                 ,1,Pagada    ,7.88919664,0,0,0,0,0,0,0,0,49.307479,0,1,PESOS                                                                           ,17.5017,29,GUADALAJARA                             ,            ,0,0,F     ,0,       ,0,       ,LINEA     ,51CPVB02            ,VITABIOM Q10 /30 CAPS.                  ,V99    ,PZA   ,1,49.307479,0,0,0,23G0268                       ,                         ,                                        ,23G0268                       
N4051     ,Dev. Just.   ,10/11/2023,FAR      ,19626,62.24096,0,VENTA MENUDEO                                                                                                                                                                                                                                                 ,1,Pagada    ,8.58496,0,0,0,0,0,0,0,0,53.656,0,1,PESOS                                                                           ,17.5017,29,GUADALAJARA                             ,            ,0,0,F     ,0,       ,0,       ,LINEA     ,51GLVA04            ,VANESIR GEL 200 G                       ,       ,PZA   ,1,53.656,0,0,13.80811302,G23001                        ,                         ,                                        ,23F0169                       
N4051     ,Dev. Just.   ,10/11/2023,FAR      ,19626,53.98337936,0,VENTA MENUDEO                                                                                                                                                                                                                                                 ,1,Pagada    ,7.44598336,0,0,0,0,0,0,0,0,46.537396,0,1,PESOS                                                                           ,17.5017,29,GUADALAJARA                             ,            ,0,0,F     ,0,       ,0,       ,LINEA     ,51JBNC01            ,NATUBRON CERO JARABE 240 ML             ,       ,PZA   ,1,46.537396,0,0,12.55644236,23F0169                       ,                         ,                                        ,23F0169                       
N4052     ,Dev. Just.   ,10/11/2023,FAR      ,19627,59.58736836,0,VENTA MENUDEO                                                                                                                                                                                                                                                 ,1,Pagada    ,8.21894736,0,0,0,0,0,0,0,0,51.368421,0,1,PESOS                                                                           ,17.5017,29,GUADALAJARA                             ,            ,0,0,F     ,0,       ,0,       ,LINEA     ,51TBCG01            ,COLAGENER C/60 TABS.                    ,V99    ,PZA   ,1,51.368421,0,0,0,23C0068                       ,                         ,                                        ,22F021                        
N4052     ,Dev. Just.   ,10/11/2023,FAR      ,19627,61.4242562,0,VENTA MENUDEO                                                                                                                                                                                                                                                 ,1,Pagada    ,8.4723112,0,0,0,0,0,0,0,0,52.951945,0,1,PESOS                                                                           ,17.5017,29,GUADALAJARA                             ,            ,0,0,F     ,0,       ,0,       ,LINEA     ,51CPVT03            ,VITEM 3RA /30 CAPS.                     ,V99    ,PZA   ,1,52.951945,0,0,0,23F0174                       ,                         ,                                        ,22F021                        
N4052     ,Dev. Just.   ,10/11/2023,FAR      ,19627,205.6564,0,VENTA MENUDEO                                                                                                                                                                                                                                                 ,1,Pagada    ,28.3664,0,0,0,0,0,0,0,0,177.29,0,1,PESOS                                                                           ,17.5017,29,GUADALAJARA                             ,            ,0,0,F     ,0,       ,0,       ,CP        ,51PLMS01            ,MORNING SHAKE 10 SOBRES 50g             ,       ,PZA   ,1,177.29,0,0,109.9004025,22F021                        ,                         ,                                        ,22F021                        
N4053     ,Dev. Just.   ,10/11/2023,FAR      ,19819,59.58736836,0,VENTA MENUDEO                                                                                                                                                                                                                                                 ,1,Pagada    ,8.21894736,0,0,0,0,0,0,0,0,51.368421,0,1,PESOS                                                                           ,17.5017,29,GUADALAJARA                             ,            ,0,0,F     ,0,       ,0,       ,LINEA     ,51TBCG01            ,COLAGENER C/60 TABS.                    ,V99    ,PZA   ,1,51.368421,0,0,0,2.30E+130,                         ,                                        ,2.30E+130
N4054     ,Dev. Just.   ,10/11/2023,FAR      ,19984,40.6386512,0,VENTA MENUDEO                                                                                                                                                                                                                                                 ,1,Pagada    ,5.6053312,0,0,0,0,0,0,0,0,35.03332,0,1,PESOS                                                                           ,17.5017,29,GUADALAJARA                             ,            ,0,0,F     ,0,       ,0,       ,LINEA     ,51TBCK03            ,C-KIDS C/30 TABS.                       ,V99    ,PZA   ,1,35.03332,0,0,0,23D0096                       ,                         ,                                        ,23D0095                       
N4054     ,Dev. Just.   ,10/11/2023,FAR      ,19984,40.6386512,0,VENTA MENUDEO                                                                                                                                                                                                                                                 ,1,Pagada    ,5.6053312,0,0,0,0,0,0,0,0,35.03332,0,1,PESOS                                                                           ,17.5017,29,GUADALAJARA                             ,            ,0,0,F     ,0,       ,0,       ,LINEA     ,51TBCK03            ,C-KIDS C/30 TABS.                       ,V99    ,PZA   ,1,35.03332,0,0,0,23D0095                       ,                         ,                                        ,23D0095                       
N4060     ,Dev. Just.   ,16/11/2023,FAR      ,20184,276.9553035,0,DIFARMER                                                                                                                                                                                                                                                      ,4,Pagada    ,38.20073152,0,0,0,0,0,0,0,0,238.754572,0,1,PESOS                                                                           ,17.3917,30,SAMUEL RIVERO                           ,            ,0,0,F     ,0,       ,0,       ,LINEA     ,51PLCV03            ,C-VYM CERO AZUCAR C/11 SOBRES           ,       ,PIEZA ,4,59.688643,0,0,103.75278,23J024                        ,                         ,                                        ,23J024                        
N4064     ,Dev. Just.   ,17/11/2023,FAR      ,19677,1784.8572,0,FARMACIAS DE SIMILARES SA DE CV                                                                                                                                                                                                                               ,443,Pagada    ,246.1872,0,0,0,0,0,0,0,0,1538.67,0,1,PESOS                                                                           ,17.3387,4,DIRECTO                                 ,            ,0,0,F     ,0,       ,0,       ,MAQUILA   ,51PLFX02            ,FIBOTAX SIMILARES 10g C/10 SOBRES       ,       ,PIEZA ,51,30.17,0,0,904.5592376,23I027                        ,                         ,                                        ,23I027                        
N4065     ,Dev. Just.   ,17/11/2023,FAR      ,19814,1434.8852,0,FARMACIAS DE SIMILARES SA DE CV                                                                                                                                                                                                                               ,443,Pagada    ,197.9152,0,0,0,0,0,0,0,0,1236.97,0,1,PESOS                                                                           ,17.3387,4,DIRECTO                                 ,            ,0,0,F     ,0,       ,0,       ,MAQUILA   ,51PLFX02            ,FIBOTAX SIMILARES 10g C/10 SOBRES       ,       ,PIEZA ,41,30.17,0,0,775.1620884,23I049                        ,                         ,                                        ,23I049                        
N4073     ,Dev. Just.   ,21/11/2023,FAR      ,19924,7404.428016,0,PROMOTORA SALUDANAT SA DE CV                                                                                                                                                                                                                                  ,428,Pagada    ,1021.300416,0,0,0,0,0,0,0,0,6383.1276,231.5124,1,PESOS                                                                           ,17.2708,32,KARLA ANDREA PINZON                     ,            ,0,0,F     ,0,       ,0,       ,LINEA     ,51PLCL01            ,COLAGENER 3 PEPINO-LIMON 150 G PT       ,V99    ,PZA   ,72,91.87,0,0,0,23C002                        ,                         ,                                        ,23C002                        
N4076     ,Dev. Just.   ,23/11/2023,FAR      ,19755,299.9076644,0,REMEDIO S.A. DE C.V.                                                                                                                                                                                                                                          ,110,Pagada    ,41.3665744,0,0,0,0,0,0,0,0,258.54109,0,1,PESOS                                                                           ,17.2102,32,KARLA ANDREA PINZON                     ,            ,0,0,F     ,0,       ,0,       ,LINEA     ,51JBNC01            ,NATUBRON CERO JARABE 240 ML             ,       ,PZA   ,5,51.708218,0,0,63.51985065,23F0185                       ,                         ,                                        ,23F0185                       
N4080     ,Dev. Just.   ,28/11/2023,FAR      ,20094,5528.519255,0,"LEVIC, S.A. DE C.V.                                                                                                                                                                                                                                           ",281,Pagada    ,762.55438,0,0,0,0,0,0,0,0,4765.964875,0,1,PESOS                                                                           ,17.1268,35,MARIA CRISTINA AGUILAR                  ,            ,0,0,F     ,0,       ,0,       ,LINEA     ,51TBPF01            ,PLENIFORM 40 /30 TABS.                  ,V99    ,PZA   ,85,56.070175,0,0,0,23J0293                       ,                         ,                                        ,23J0293                       
N4084     ,Dev. Just.   ,29/11/2023,FAR      ,20168,53.84372,0,SURTIDORA MEDICA DEL CARMEN                                                                                                                                                                                                                                   ,245,Pagada    ,7.42672,0,0,0,0,0,0,0,0,46.417,2.443,1,PESOS                                                                           ,17.1555,33,TANIA CASTELLANOS                       ,            ,0,0,F     ,0,       ,0,       ,LINEA     ,51JBNC01            ,NATUBRON CERO JARABE 240 ML             ,       ,PZA   ,1,48.86,0,0,11.195062,23J0295                       ,                         ,                                        ,23J026                        
N4084     ,Dev. Just.   ,29/11/2023,FAR      ,20168,199.41792,0,SURTIDORA MEDICA DEL CARMEN                                                                                                                                                                                                                                   ,245,Pagada    ,27.50592,0,0,0,0,0,0,0,0,171.912,9.048,1,PESOS                                                                           ,17.1555,33,TANIA CASTELLANOS                       ,            ,0,0,F     ,0,       ,0,       ,LINEA     ,51PLCV01            ,C-VYM NARANJA-MANDARINA C/11 SOBRES     ,       ,PIEZA ,3,60.32,0,0,78.385551,23J026                        ,                         ,                                        ,23J026                        
N4085     ,Dev. Just.   ,29/11/2023,FAR      ,20314,141801.0999,0,BOREAL FARMACEUTICA                                                                                                                                                                                                                                           ,350,Pagada    ,19558.7724,0,0,0,0,0,0,0,0,122242.3275,0,1,PESOS                                                                           ,17.1555,29,GUADALAJARA                             ,            ,0,0,F     ,0,       ,0,       ,ANT       ,CCB-0884            ,ANTICIPO                                ,       ,SER   ,1,122242.3275,0,0,0,                              ,                         ,                                        ,                              
N4093     ,Dev. Just.   ,08/12/2023,         ,          ,36009.48467,0,"BRUDIFARMA, S.A. DE C.V.                                                                                                                                                                                                                                      ",260,Pagada    ,4966.825472,0,0,0,0,0,0,0,0,31042.6592,0,1,PESOS                                                                           ,17.2685,35,MARIA CRISTINA AGUILAR                  ,            ,0,0,F     ,0,       ,0,       ,LINEA     ,51TBTM01            ,TAMARIN-LX /30 CAPS.                    ,V99    ,PZA   ,800,38.803324,0,0,0,22K0458                       ,                         ,                                        ,23D0103                       
N4093     ,Dev. Just.   ,08/12/2023,         ,          ,59124.39658,0,"BRUDIFARMA, S.A. DE C.V.                                                                                                                                                                                                                                      ",260,Pagada    ,8155.089184,0,0,0,0,0,0,0,0,50969.3074,0,1,PESOS                                                                           ,17.2685,35,MARIA CRISTINA AGUILAR                  ,            ,0,0,F     ,0,       ,0,       ,LINEA     ,51TBCV01            ,C-VYM CON 30 TABLETAS MASTICABLES       ,V99    ,PIEZA ,1100,46.335734,0,0,0,23B057                        ,                         ,                                        ,23D0103                       
N4093     ,Dev. Just.   ,08/12/2023,         ,          ,45872.37673,0,"BRUDIFARMA, S.A. DE C.V.                                                                                                                                                                                                                                      ",260,Pagada    ,6327.224376,0,0,0,0,0,0,0,0,39545.15235,0,1,PESOS                                                                           ,17.2685,35,MARIA CRISTINA AGUILAR                  ,            ,0,0,F     ,0,       ,0,       ,LINEA     ,51JBNC01            ,NATUBRON CERO JARABE 240 ML             ,       ,PZA   ,825,47.933518,0,0,9235.92615,23C0077                       ,                         ,                                        ,23D0103                       
N4093     ,Dev. Just.   ,08/12/2023,         ,          ,54212.80886,0,"BRUDIFARMA, S.A. DE C.V.                                                                                                                                                                                                                                      ",260,Pagada    ,7477.628808,0,0,0,0,0,0,0,0,46735.18005,0,1,PESOS                                                                           ,17.2685,35,MARIA CRISTINA AGUILAR                  ,            ,0,0,F     ,0,       ,0,       ,LINEA     ,51JBNC01            ,NATUBRON CERO JARABE 240 ML             ,       ,PZA   ,975,47.933518,0,0,10915.18545,23D0103                       ,                         ,                                        ,23D0103                       
N4094     ,Dev. Just.   ,18/12/2023,FAR      ,20472,61650.6128,0,LABORATORIO ELMOR MEXICO                                                                                                                                                                                                                                      ,368,Pagada    ,8503.5328,0,0,0,0,0,0,0,0,53147.08,0,1,PESOS                                                                           ,17.299,27,MEXICO                                  ,            ,0,0,F     ,0,       ,0,       ,ANT       ,CCB-0884            ,ANTICIPO                                ,       ,SER   ,1,53147.08,0,0,0,                              ,                         ,                                        ,                              
N4095     ,Dev. Just.   ,18/12/2023,FAR      ,19925,14808.85603,0,SUPER MAYOREO NATURISTA S.A. DE C.V.                                                                                                                                                                                                                          ,61,Pagada    ,2042.600832,0,0,0,0,0,0,0,0,12766.2552,463.0248,1,PESOS                                                                           ,17.299,32,KARLA ANDREA PINZON                     ,            ,0,0,F     ,0,       ,0,       ,LINEA     ,51PLCL01            ,COLAGENER 3 PEPINO-LIMON 150 G PT       ,V99    ,PZA   ,144,91.87,0,0,0,23C002                        ,                         ,                                        ,23C002                        
N4101     ,Dev. Just.   ,20/12/2023,FAR      ,20367,326.0267,0,PHARMA AMIGO SA DE CV                                                                                                                                                                                                                                         ,373,Pagada    ,44.9692,0,0,0,0,0,0,0,0,281.0575,14.7925,1,PESOS                                                                           ,17.2277,30,SAMUEL RIVERO                           ,            ,0,0,F     ,0,       ,0,       ,LINEA     ,51PLCV01            ,C-VYM NARANJA-MANDARINA C/11 SOBRES     ,       ,PIEZA ,5,59.17,0,0,130.642585,23K026                        ,                         ,                                        ,23K026                        
N4104     ,Dev. Just.   ,20/12/2023,FAR      ,20467,55.5988,0,PHARMA AMIGO SA DE CV                                                                                                                                                                                                                                         ,373,Pagada    ,7.6688,0,0,0,0,0,0,0,0,47.93,0,1,PESOS                                                                           ,17.2277,30,SAMUEL RIVERO                           ,            ,0,0,F     ,0,       ,0,       ,LINEA     ,51JBNC01            ,NATUBRON CERO JARABE 240 ML             ,       ,PZA   ,1,47.93,0,0,11.195062,23D0103                       ,                         ,                                        ,23K0318                       
N4104     ,Dev. Just.   ,20/12/2023,FAR      ,20467,200.97,0,PHARMA AMIGO SA DE CV                                                                                                                                                                                                                                         ,373,Pagada    ,27.72,0,0,0,0,0,0,0,0,173.25,0,1,PESOS                                                                           ,17.2277,30,SAMUEL RIVERO                           ,            ,0,0,F     ,0,       ,0,       ,LINEA     ,51TBPF01            ,PLENIFORM 40 /30 TABS.                  ,V99    ,PZA   ,3,57.75,0,0,0,23K0318                       ,                         ,                                        ,23K0318                       
N4121     ,Dev. Just.   ,28/12/2023,FAR      ,20490,56.6776,0,OPERADORA SUPER SOYA SA DE CV                                                                                                                                                                                                                                 ,427,Pagada    ,7.8176,0,0,0,0,0,0,0,0,48.86,0,1,PESOS                                                                           ,16.9727,33,TANIA CASTELLANOS                       ,            ,0,0,F     ,0,       ,0,       ,LINEA     ,51JBNC01            ,NATUBRON CERO JARABE 240 ML             ,       ,PZA   ,1,48.86,0,0,11.195062,23J0275                       ,                         ,                                        ,23J0275                       
N4126     ,Dev. Just.   ,28/12/2023,FAR      ,20383,23651.5648,0,ROSARIO MENDOZA MACEDO                                                                                                                                                                                                                                        ,8,Pagada    ,3262.2848,0,0,0,0,0,0,0,0,20389.28,1073.12,1,PESOS                                                                           ,16.9727,32,KARLA ANDREA PINZON                     ,            ,0,0,F     ,0,       ,0,       ,LINEA     ,51GLVA04            ,VANESIR GEL 200 G                       ,       ,PZA   ,400,53.656,0,0,5250.56,G23002                        ,                         ,                                        ,G23002                        
N4139     ,Dev. Just.   ,04/01/2024,FAR      ,20559,361.303605,0,PHARMA PLUS SA DE CV                                                                                                                                                                                                                                          ,435,Pagada    ,49.83498,0,0,0,0,0,0,0,0,311.468625,43.481375,1,PESOS                                                                           ,17.0297,34,JOSE ANTONIO CRUZ                       ,            ,0,0,F     ,0,       ,0,       ,LINEA     ,51PLCN01            ,COLAGENER 10 NARANJA BIOMIRAL 360 G PT  ,V99    ,PZA   ,1,354.95,0,0,0,23L003                        ,                         ,                                        ,23I0262                       
N4139     ,Dev. Just.   ,04/01/2024,FAR      ,20559,195241.3632,0,PHARMA PLUS SA DE CV                                                                                                                                                                                                                                          ,435,Pagada    ,26929.8432,0,0,0,0,0,0,0,0,168311.52,23496.48,1,PESOS                                                                           ,17.0297,34,JOSE ANTONIO CRUZ                       ,            ,0,0,F     ,0,       ,0,       ,LINEA     ,51CPDL01            ,DIALAVIT CAJA C/30 CAPS                 ,       ,PZA   ,1332,144,0,0,31178.11601,23I0262                       ,                         ,                                        ,23I0262                       
N4141     ,Dev. Just.   ,04/01/2024,FAR      ,20432,41.9688,0,PHARMA PLUS SA DE CV                                                                                                                                                                                                                                          ,435,Pagada    ,5.7888,0,0,0,0,0,0,0,0,36.18,4.02,1,PESOS                                                                           ,17.0297,34,JOSE ANTONIO CRUZ                       ,            ,0,0,F     ,0,       ,0,       ,MARCA PROP,51TBCB01            ,COMPLEJO B C/30 TABS. AL NATURAL        ,       ,PIEZA ,1,40.2,0,0,10.6815398,23K0305                       ,                         ,                                        ,23K0305                       
N4152     ,Dev. Just.   ,11/01/2024,FAR      ,20606,42363.2,0,LABORATORIO ELMOR MEXICO                                                                                                                                                                                                                                      ,368,Pagada    ,5843.2,0,0,0,0,0,0,0,0,36520,0,1,PESOS                                                                           ,16.9347,27,MEXICO                                  ,            ,0,0,F     ,0,       ,0,       ,ANT       ,CCB-0884            ,ANTICIPO                                ,       ,SER   ,1,36520,0,0,0,                              ,                         ,                                        ,                              
N4154     ,Dev. Just.   ,15/01/2024,FAR      ,20618,3338.1088,0,REMEDIO S.A. DE C.V.                                                                                                                                                                                                                                          ,110,Pagada    ,460.4288,0,0,0,0,0,0,0,0,2877.68,0,1,PESOS                                                                           ,16.9898,32,KARLA ANDREA PINZON                     ,            ,0,0,F     ,0,       ,0,       ,LINEA     ,51GLVA04            ,VANESIR GEL 200 G                       ,       ,PZA   ,52,55.34,0,0,682.5728,G23002                        ,                         ,                                        ,G23002                        
N4155     ,Dev. Just.   ,16/01/2024,FAR      ,20624,83004.6816,0,LIFOODS SA DE CV                                                                                                                                                                                                                                              ,441,Pagada    ,11448.9216,0,0,0,0,0,0,0,0,71555.76,0,1,PESOS                                                                           ,16.858,4,DIRECTO                                 ,            ,0,0,F     ,0,       ,0,       ,ANT       ,CCB-0884            ,ANTICIPO                                ,       ,SER   ,1,71555.76,0,0,0,                              ,                         ,                                        ,                              
N4167     ,Dev. Just.   ,30/01/2024,FAR      ,20760,81200.232,0,LIFOODS SA DE CV                                                                                                                                                                                                                                              ,441,Pagada    ,11200.032,0,0,0,0,0,0,0,0,70000.2,0,1,PESOS                                                                           ,17.1657,4,DIRECTO                                 ,            ,0,0,F     ,0,       ,0,       ,ANT       ,CCB-0884            ,ANTICIPO                                ,       ,SER   ,1,70000.2,0,0,0,                              ,                         ,                                        ,                              
N4172     ,Dev. Just.   ,31/01/2024,FAR      ,20576,23490,0,FARMACIAS BENAVIDES S A B DE C V                                                                                                                                                                                                                              ,387,Pagada    ,3240,0,0,0,0,0,0,0,0,20250,0,1,PESOS                                                                           ,17.2333,34,JOSE ANTONIO CRUZ                       ,            ,0,0,F     ,0,       ,0,       ,MARCA PROP,51CPCA01            ,COMPLETE ACTIVE FCO/60 CAPS             ,       ,PZA   ,450,45,0,0,10252.55655,23G037                        ,                         ,                                        ,23K006                        
N4172     ,Dev. Just.   ,31/01/2024,FAR      ,20576,17487,0,FARMACIAS BENAVIDES S A B DE C V                                                                                                                                                                                                                              ,387,Pagada    ,2412,0,0,0,0,0,0,0,0,15075,0,1,PESOS                                                                           ,17.2333,34,JOSE ANTONIO CRUZ                       ,            ,0,0,F     ,0,       ,0,       ,MARCA PROP,51TBVK01            ,VITAMINA C Y BIOFLAVONOIDES FCO/60 TABS ,       ,PIEZA ,450,33.5,0,0,4137.942708,23G026                        ,                         ,                                        ,23K006                        
N4172     ,Dev. Just.   ,31/01/2024,FAR      ,20576,26156.26,0,FARMACIAS BENAVIDES S A B DE C V                                                                                                                                                                                                                              ,387,Pagada    ,3607.76,0,0,0,0,0,0,0,0,22548.5,0,1,PESOS                                                                           ,17.2333,34,JOSE ANTONIO CRUZ                       ,            ,0,0,F     ,0,       ,0,       ,MARCA PROP,51TBKY01            ,COMPLETE KIDDY 60 TABS                  ,       ,PIEZA ,650,34.69,0,0,6273.25335,23K006                        ,                         ,                                        ,23K006                        
N4175     ,Dev. Just.   ,31/01/2024,FAR      ,20685,3170.6976,0,FARMACOS NACIONALES SA DE CV                                                                                                                                                                                                                                  ,429,Pagada    ,437.3376,0,0,0,0,0,0,0,0,2733.36,390.48,1,PESOS                                                                           ,17.2333,35,MARIA CRISTINA AGUILAR                  ,            ,0,0,F     ,0,       ,0,       ,LINEA     ,51TBTM01            ,TAMARIN-LX /30 CAPS.                    ,V99    ,PZA   ,48,65.08,0,0,0,22G0252                       ,                         ,                                        ,22G0252                       
N4176     ,Dev. Just.   ,31/01/2024,FAR      ,20816,206897.6,0,LABORATORIO ELMOR MEXICO                                                                                                                                                                                                                                      ,368,Pagada    ,28537.6,0,0,0,0,0,0,0,0,178360,0,1,PESOS                                                                           ,17.2333,27,MEXICO                                  ,            ,0,0,F     ,0,       ,0,       ,ANT       ,CCB-0884            ,ANTICIPO                                ,       ,SER   ,1,178360,0,0,0,                              ,                         ,                                        ,                              
N4177     ,Dev. Just.   ,31/01/2024,FAR      ,20817,59113.6,0,LABORATORIO ELMOR MEXICO                                                                                                                                                                                                                                      ,368,Pagada    ,8153.6,0,0,0,0,0,0,0,0,50960,0,1,PESOS                                                                           ,17.2333,27,MEXICO                                  ,            ,0,0,F     ,0,       ,0,       ,ANT       ,CCB-0884            ,ANTICIPO                                ,       ,SER   ,1,50960,0,0,0,                              ,                         ,                                        ,                              
N4178     ,Dev. Just.   ,31/01/2024,FAR      ,20818,71108,0,LABORATORIO ELMOR MEXICO                                                                                                                                                                                                                                      ,368,Pagada    ,9808,0,0,0,0,0,0,0,0,61300,0,1,PESOS                                                                           ,17.2333,27,MEXICO                                  ,            ,0,0,F     ,0,       ,0,       ,ANT       ,CCB-0884            ,ANTICIPO                                ,       ,SER   ,1,61300,0,0,0,                              ,                         ,                                        ,                              
N4179     ,Dev. Just.   ,31/01/2024,FAR      ,20819,28135.8,0,LABORATORIO ELMOR MEXICO                                                                                                                                                                                                                                      ,368,Pagada    ,3880.8,0,0,0,0,0,0,0,0,24255,0,1,PESOS                                                                           ,17.2333,27,MEXICO                                  ,            ,0,0,F     ,0,       ,0,       ,ANT       ,CCB-0884            ,ANTICIPO                                ,       ,SER   ,1,24255,0,0,0,                              ,                         ,                                        ,                              
N4180     ,Dev. Just.   ,31/01/2024,FAR      ,20599,10641.48666,0,"BRUDIFARMA, S.A. DE C.V.                                                                                                                                                                                                                                      ",260,Pagada    ,1467.791264,0,0,0,0,0,0,0,0,9173.6954,0,1,PESOS                                                                           ,17.2333,35,MARIA CRISTINA AGUILAR                  ,            ,0,0,F     ,0,       ,0,       ,LINEA     ,51TGVA01            ,VANESIR DUO PACK                        ,       ,PZA   ,100,91.736954,0,0,3384.10763,DUO23010                      ,                         ,                                        ,DUO23010                      
N4195     ,Dev. Just.   ,09/02/2024,FAR      ,20528,235607.7146,0,PHARMA PLUS SA DE CV                                                                                                                                                                                                                                          ,435,Pagada    ,32497.6158,0,0,0,0,0,0,0,0,203110.0988,28354.40125,1,PESOS                                                                           ,17.0398,34,JOSE ANTONIO CRUZ                       ,            ,0,0,F     ,0,       ,0,       ,LINEA     ,51TBCV01            ,C-VYM CON 30 TABLETAS MASTICABLES       ,V99    ,PIEZA ,3050,75.89,0,0,0,23L005                        ,                         ,                                        ,23L005                        
N4198     ,Dev. Just.   ,13/02/2024,FAR      ,20831,8309.245242,0,REINVEX INTEGRA SA DE CV                                                                                                                                                                                                                                      ,372,Pagada    ,1146.102792,0,0,0,0,0,0,0,0,7163.14245,0,1,PESOS                                                                           ,17.0855,30,SAMUEL RIVERO                           ,            ,0,0,F     ,0,       ,0,       ,LINEA     ,51TBME01            ,MEM-EH C/30 TABS                        ,V99    ,PZA   ,150,47.754283,0,0,0,24A0019                       ,                         ,                                        ,24A0019                       
N4226     ,Dev. Just.   ,23/02/2024,FAR      ,20942,4866.49,0,PHARMA AMIGO SA DE CV                                                                                                                                                                                                                                         ,373,Pagada    ,671.24,0,0,0,0,0,0,0,0,4195.25,129.75,1,PESOS                                                                           ,17.0603,30,SAMUEL RIVERO                           ,            ,0,0,F     ,0,       ,0,       ,LINEA     ,51CPVF01            ,BIOMIVIT 400 30 / CAPS                  ,V99    ,PZA   ,100,43.25,0,0,0,24A0023                       ,                         ,                                        ,24A0027                       
N4226     ,Dev. Just.   ,23/02/2024,FAR      ,20942,20002.1178,0,PHARMA AMIGO SA DE CV                                                                                                                                                                                                                                         ,373,Pagada    ,2758.9128,0,0,0,0,0,0,0,0,17243.205,533.295,1,PESOS                                                                           ,17.0603,30,SAMUEL RIVERO                           ,            ,0,0,F     ,0,       ,0,       ,LINEA     ,51CPVB02            ,VITABIOM Q10 /30 CAPS.                  ,V99    ,PZA   ,350,50.79,0,0,0,24A0014                       ,                         ,                                        ,24A0027                       
N4226     ,Dev. Just.   ,23/02/2024,FAR      ,20942,19519.9696,0,PHARMA AMIGO SA DE CV                                                                                                                                                                                                                                         ,373,Pagada    ,2692.4096,0,0,0,0,0,0,0,0,16827.56,520.44,1,PESOS                                                                           ,17.0603,30,SAMUEL RIVERO                           ,            ,0,0,F     ,0,       ,0,       ,LINEA     ,51CPDG05            ,D-GELAC+FS C/30 CAPS.                   ,V99    ,PZA   ,400,43.37,0,0,0,24A0017                       ,                         ,                                        ,24A0027                       
N4226     ,Dev. Just.   ,23/02/2024,FAR      ,20942,19612.236,0,PHARMA AMIGO SA DE CV                                                                                                                                                                                                                                         ,373,Pagada    ,2705.136,0,0,0,0,0,0,0,0,16907.1,522.9,1,PESOS                                                                           ,17.0603,30,SAMUEL RIVERO                           ,            ,0,0,F     ,0,       ,0,       ,LINEA     ,51GLVA04            ,VANESIR GEL 200 G                       ,       ,PZA   ,350,49.8,0,0,4594.24,G23002                        ,                         ,                                        ,24A0027                       
N4226     ,Dev. Just.   ,23/02/2024,FAR      ,20942,13106.10456,0,PHARMA AMIGO SA DE CV                                                                                                                                                                                                                                         ,373,Pagada    ,1807.73856,0,0,0,0,0,0,0,0,11298.366,349.434,1,PESOS                                                                           ,17.0603,30,SAMUEL RIVERO                           ,            ,0,0,F     ,0,       ,0,       ,LINEA     ,51CPDM01            ,DIAMIVYM C/30 CAPS                      ,V99    ,PZA   ,270,43.14,0,0,0,24A0027                       ,                         ,                                        ,24A0027                       
N4229     ,Dev. Just.   ,27/02/2024,FAR      ,20905,2610,844.72,FARMACIAS BENAVIDES S A B DE C V                                                                                                                                                                                                                              ,387,Parcial   ,360,0,0,0,0,0,0,0,0,2250,0,1,PESOS                                                                           ,17.126,34,JOSE ANTONIO CRUZ                       ,            ,0,0,F     ,0,       ,0,       ,MARCA PROP,51CPCA01            ,COMPLETE ACTIVE FCO/60 CAPS             ,       ,PZA   ,50,45,0,0,1139.17295,23G037                        ,                         ,                                        ,23G037                        
N4230     ,Dev. Just.   ,28/02/2024,FAR      ,21002,48875.904,0,LABORATORIO ELMOR MEXICO                                                                                                                                                                                                                                      ,368,Pagada    ,6741.504,0,0,0,0,0,0,0,0,42134.4,0,1,PESOS                                                                           ,17.126,27,MEXICO                                  ,            ,0,0,F     ,0,       ,0,       ,ANT       ,CCB-0884            ,ANTICIPO                                ,       ,SER   ,1,42134.4,0,0,0,                              ,                         ,                                        ,                              
N4231     ,Dev. Just.   ,28/02/2024,FAR      ,21008,168896,0,LABORATORIO ELMOR MEXICO                                                                                                                                                                                                                                      ,368,Pagada    ,23296,0,0,0,0,0,0,0,0,145600,0,1,PESOS                                                                           ,17.126,27,MEXICO                                  ,            ,0,0,F     ,0,       ,0,       ,ANT       ,CCB-0884            ,ANTICIPO                                ,       ,SER   ,1,145600,0,0,0,                              ,                         ,                                        ,                              
N4232     ,Dev. Just.   ,28/02/2024,FAR      ,21012,61650.6128,0,LABORATORIO ELMOR MEXICO                                                                                                                                                                                                                                      ,368,Pagada    ,8503.5328,0,0,0,0,0,0,0,0,53147.08,0,1,PESOS                                                                           ,17.126,27,MEXICO                                  ,            ,0,0,F     ,0,       ,0,       ,ANT       ,CCB-0884            ,ANTICIPO                                ,       ,SER   ,1,53147.08,0,0,0,                              ,                         ,                                        ,                              
N4233     ,Dev. Just.   ,28/02/2024,FAR      ,21013,71108,0,LABORATORIO ELMOR MEXICO                                                                                                                                                                                                                                      ,368,Pagada    ,9808,0,0,0,0,0,0,0,0,61300,0,1,PESOS                                                                           ,17.126,27,MEXICO                                  ,            ,0,0,F     ,0,       ,0,       ,ANT       ,CCB-0884            ,ANTICIPO                                ,       ,SER   ,1,61300,0,0,0,                              ,                         ,                                        ,                              
N4238     ,Dev. Just.   ,29/02/2024,FAR      ,20923,12284.85124,0,"LEVIC, S.A. DE C.V.                                                                                                                                                                                                                                           ",281,Pagada    ,1694.46224,0,0,0,0,0,0,0,0,10590.389,0,1,PESOS                                                                           ,17.0605,35,MARIA CRISTINA AGUILAR                  ,            ,0,0,F     ,0,       ,0,       ,LINEA     ,51CPVT03            ,VITEM 3RA /30 CAPS.                     ,V99    ,PZA   ,200,52.951945,0,0,0,24A0013                       ,                         ,                                        ,24A0013                       
N4239     ,Dev. Just.   ,06/03/2024,FAR      ,20954,8703.2016,0,SUPERMERCADOS INTERNACIONALES H E B SA DE CV                                                                                                                                                                                                                  ,442,Pagada    ,1200.4416,0,0,0,0,0,0,0,0,7502.76,0,1,PESOS                                                                           ,16.9828,32,KARLA ANDREA PINZON                     ,            ,0,0,F     ,0,       ,0,       ,LINEA     ,51PLCN01            ,COLAGENER 10 NARANJA BIOMIRAL 360 G PT  ,V99    ,PZA   ,18,416.82,0,0,0,23L003                        ,                         ,                                        ,24A0017                       
N4239     ,Dev. Just.   ,06/03/2024,FAR      ,20954,13212.864,0,SUPERMERCADOS INTERNACIONALES H E B SA DE CV                                                                                                                                                                                                                  ,442,Pagada    ,1822.464,0,0,0,0,0,0,0,0,11390.4,0,1,PESOS                                                                           ,16.9828,32,KARLA ANDREA PINZON                     ,            ,0,0,F     ,0,       ,0,       ,LINEA     ,51TBPK01            ,PROBIO KIDS / 30 TABS.                  ,V99    ,PZA   ,210,54.24,0,0,0,24A0005                       ,                         ,                                        ,24A0017                       
N4239     ,Dev. Just.   ,06/03/2024,FAR      ,20954,28593.304,0,SUPERMERCADOS INTERNACIONALES H E B SA DE CV                                                                                                                                                                                                                  ,442,Pagada    ,3943.904,0,0,0,0,0,0,0,0,24649.4,0,1,PESOS                                                                           ,16.9828,32,KARLA ANDREA PINZON                     ,            ,0,0,F     ,0,       ,0,       ,LINEA     ,51CPDG05            ,D-GELAC+FS C/30 CAPS.                   ,V99    ,PZA   ,370,66.62,0,0,0,24A0017                       ,                         ,                                        ,24A0017                       
N4240     ,Dev. Just.   ,06/03/2024,FAR      ,20852,116445.672,0,"GRISI HNOS., S.A. DE C.V                                                                                                                                                                                                                                      ",405,Pagada    ,16061.472,0,0,0,0,0,0,0,0,100384.2,0,1,PESOS                                                                           ,16.9828,29,GUADALAJARA                             ,            ,0,0,F     ,0,       ,0,       ,MAQUILA   ,51PLCB02            ,C-BOOST MANDARINA CAJA C/30 SOBRES DE 8 ,       ,PIEZA ,1799,55.8,0,0,45439.61623,23J056                        ,                         ,                                        ,23J056                        
N4241     ,Dev. Just.   ,06/03/2024,FAR      ,20853,115604.208,0,"GRISI HNOS., S.A. DE C.V                                                                                                                                                                                                                                      ",405,Pagada    ,15945.408,0,0,0,0,0,0,0,0,99658.8,0,1,PESOS                                                                           ,16.9828,29,GUADALAJARA                             ,            ,0,0,F     ,0,       ,0,       ,MAQUILA   ,51PLCB02            ,C-BOOST MANDARINA CAJA C/30 SOBRES DE 8 ,       ,PIEZA ,1786,55.8,0,0,45111.25881,23J057                        ,                         ,                                        ,23J057                        
N4242     ,Dev. Just.   ,06/03/2024,FAR      ,20934,113144.544,0,"GRISI HNOS., S.A. DE C.V                                                                                                                                                                                                                                      ",405,Pagada    ,15606.144,0,0,0,0,0,0,0,0,97538.4,0,1,PESOS                                                                           ,16.9828,29,GUADALAJARA                             ,            ,0,0,F     ,0,       ,0,       ,MAQUILA   ,51PLCB02            ,C-BOOST MANDARINA CAJA C/30 SOBRES DE 8 ,       ,PIEZA ,1748,55.8,0,0,44151.44477,24B009                        ,                         ,                                        ,24B009                        
N4250     ,Dev. Just.   ,06/03/2024,FAR      ,20902,15544,0,FARMACIAS BENAVIDES S A B DE C V                                                                                                                                                                                                                              ,387,Pagada    ,2144,0,0,0,0,0,0,0,0,13400,0,1,PESOS                                                                           ,16.9828,34,JOSE ANTONIO CRUZ                       ,            ,0,0,F     ,0,       ,0,       ,MARCA PROP,51TBVK01            ,VITAMINA C Y BIOFLAVONOIDES FCO/60 TABS ,       ,PIEZA ,400,33.5,0,0,3678.171296,23G026                        ,                         ,                                        ,23G026                        
N4252     ,Dev. Just.   ,08/03/2024,FAR      ,21083,27420.12918,0,DISTRIBUIDORA FARMACEUTICA CALDERON                                                                                                                                                                                                                           ,48,Pagada    ,3782.086784,0,0,0,0,0,0,0,0,23638.0424,0,1,PESOS                                                                           ,16.8728,32,KARLA ANDREA PINZON                     ,            ,0,0,F     ,0,       ,0,       ,LINEA     ,51TBEX01            ,EXZON C/90 TABS.                        ,V99    ,PZA   ,400,59.095106,0,0,0,24B049                        ,                         ,                                        ,24B049                        
N4255     ,Dev. Just.   ,11/03/2024,FAR      ,21070,21829.33008,0,PHARMA AMIGO SA DE CV                                                                                                                                                                                                                                         ,373,Pagada    ,3010.94208,0,0,0,0,0,0,0,0,18818.388,582.012,1,PESOS                                                                           ,16.877,30,SAMUEL RIVERO                           ,            ,0,0,F     ,0,       ,0,       ,LINEA     ,51TBEX01            ,EXZON C/90 TABS.                        ,V99    ,PZA   ,340,57.06,0,0,0,24B024                        ,                         ,                                        ,24B024                        
N4255     ,Dev. Just.   ,11/03/2024,FAR      ,21070,8572.3362,0,PHARMA AMIGO SA DE CV                                                                                                                                                                                                                                         ,373,Pagada    ,1182.3912,0,0,0,0,0,0,0,0,7389.945,228.555,1,PESOS                                                                           ,16.877,30,SAMUEL RIVERO                           ,            ,0,0,F     ,0,       ,0,       ,LINEA     ,51CPVB02            ,VITABIOM Q10 /30 CAPS.                  ,V99    ,PZA   ,150,50.79,0,0,0,23B0057                       ,                         ,                                        ,24B024                        
N4255     ,Dev. Just.   ,11/03/2024,FAR      ,21070,104010.3374,0,PHARMA AMIGO SA DE CV                                                                                                                                                                                                                                         ,373,Pagada    ,14346.25344,0,0,0,0,0,0,0,0,89664.084,2773.116,1,PESOS                                                                           ,16.877,30,SAMUEL RIVERO                           ,            ,0,0,F     ,0,       ,0,       ,LINEA     ,51TBEX01            ,EXZON C/90 TABS.                        ,V99    ,PZA   ,1620,57.06,0,0,0,24B024                        ,                         ,                                        ,24B024                        
N4256     ,Dev. Just.   ,11/03/2024,FAR      ,21067,2433.245,0,PHARMA AMIGO SA DE CV                                                                                                                                                                                                                                         ,373,Pagada    ,335.62,0,0,0,0,0,0,0,0,2097.625,64.875,1,PESOS                                                                           ,16.877,30,SAMUEL RIVERO                           ,            ,0,0,F     ,0,       ,0,       ,LINEA     ,51CPVF01            ,BIOMIVIT 400 30 / CAPS                  ,V99    ,PZA   ,50,43.25,0,0,0,24B0043                       ,                         ,                                        ,24B0043                       
N4258     ,Dev. Just.   ,12/03/2024,FAR      ,21070,2285.95632,0,PHARMA AMIGO SA DE CV                                                                                                                                                                                                                                         ,373,Pagada    ,315.30432,0,0,0,0,0,0,0,0,1970.652,60.948,1,PESOS                                                                           ,16.7985,30,SAMUEL RIVERO                           ,            ,0,0,F     ,0,       ,0,       ,LINEA     ,51CPVB02            ,VITABIOM Q10 /30 CAPS.                  ,V99    ,PZA   ,40,50.79,0,0,0,22G0268                       ,                         ,                                        ,22G0268                       
N4259     ,Dev. Just.   ,12/03/2024,FAR      ,21067,35.961392,0,PHARMA AMIGO SA DE CV                                                                                                                                                                                                                                         ,373,Pagada    ,4.960192,0,0,0,0,0,0,0,0,31.0012,0.9588,1,PESOS                                                                           ,16.7985,30,SAMUEL RIVERO                           ,            ,0,0,F     ,0,       ,0,       ,LINEA     ,51PLKL01            ,KIDDYLAC 6 SOBRES DE 5GR C/U            ,       ,PZA   ,1,31.96,0,0,7.259719,24B032                        ,                         ,                                        ,24B032                        
N4263     ,Dev. Just.   ,13/03/2024,FAR      ,21063,29456.28832,0,"BRUDIFARMA, S.A. DE C.V.                                                                                                                                                                                                                                      ",260,Pagada    ,4062.93632,0,0,0,0,0,0,0,0,25393.352,0,1,PESOS                                                                           ,16.8083,35,MARIA CRISTINA AGUILAR                  ,            ,0,0,F     ,0,       ,0,       ,LINEA     ,51CPVB02            ,VITABIOM Q10 /30 CAPS.                  ,V99    ,PZA   ,500,50.786704,0,0,0,23B0057                       ,                         ,                                        ,23B0057                       
N4268     ,Dev. Just.   ,19/03/2024,FAR      ,21079,10331.54046,0,ROSARIO MENDOZA MACEDO                                                                                                                                                                                                                                        ,8,Pagada    ,1425.040064,0,0,0,0,0,0,0,0,8906.5004,0,1,PESOS                                                                           ,16.692,32,KARLA ANDREA PINZON                     ,            ,0,0,F     ,0,       ,0,       ,LINEA     ,51TGVA01            ,VANESIR DUO PACK                        ,       ,PZA   ,100,89.065004,0,0,3384.10763,DUO23010                      ,                         ,                                        ,DUO23010                      
N4269     ,Dev. Just.   ,19/03/2024,FAR      ,21066,15430.20516,0,PHARMA AMIGO SA DE CV                                                                                                                                                                                                                                         ,373,Pagada    ,2128.30416,0,0,0,0,0,0,0,0,13301.901,411.399,1,PESOS                                                                           ,16.692,30,SAMUEL RIVERO                           ,            ,0,0,F     ,0,       ,0,       ,LINEA     ,51CPVB02            ,VITABIOM Q10 /30 CAPS.                  ,V99    ,PZA   ,270,50.79,0,0,0,23B0057                       ,                         ,                                        ,24B024                        
N4269     ,Dev. Just.   ,19/03/2024,FAR      ,21066,33386.03424,0,PHARMA AMIGO SA DE CV                                                                                                                                                                                                                                         ,373,Pagada    ,4604.97024,0,0,0,0,0,0,0,0,28781.064,890.136,1,PESOS                                                                           ,16.692,30,SAMUEL RIVERO                           ,            ,0,0,F     ,0,       ,0,       ,LINEA     ,51TBEX01            ,EXZON C/90 TABS.                        ,V99    ,PZA   ,520,57.06,0,0,0,24B024                        ,                         ,                                        ,24B024                        
N4270     ,Dev. Just.   ,19/03/2024,FAR      ,21076,54840.25837,0,FARMACEUTICOS TENORIO S.A. DE C.V.                                                                                                                                                                                                                            ,69,Pagada    ,7564.173568,0,0,0,0,0,0,0,0,47276.0848,0,1,PESOS                                                                           ,16.692,32,KARLA ANDREA PINZON                     ,            ,0,0,F     ,0,       ,0,       ,LINEA     ,51TBEX01            ,EXZON C/90 TABS.                        ,V99    ,PZA   ,800,59.095106,0,0,0,24B049                        ,                         ,                                        ,24B049                        
N4282     ,Dev. Just.   ,20/03/2024,FAR      ,21041,8579.501346,0,COMERCIAL GFC SA DE CV                                                                                                                                                                                                                                        ,370,Pagada    ,1183.379496,0,0,0,0,0,0,0,0,7396.12185,0,1,PESOS                                                                           ,16.71,35,MARIA CRISTINA AGUILAR                  ,            ,0,0,F     ,0,       ,0,       ,LINEA     ,51CPVB02            ,VITABIOM Q10 /30 CAPS.                  ,V99    ,PZA   ,150,49.307479,0,0,0,23B0057                       ,                         ,                                        ,23B0057                       
N4283     ,Dev. Just.   ,21/03/2024,FAR      ,21168,41557.28304,0,LABORATORIO ELMOR MEXICO                                                                                                                                                                                                                                      ,368,Pagada    ,5732.03904,0,0,0,0,0,0,0,0,35825.244,0,1,PESOS                                                                           ,16.8523,27,MEXICO                                  ,            ,0,0,F     ,0,       ,0,       ,ANT       ,CCB-0884            ,ANTICIPO                                ,       ,SER   ,1,35825.244,0,0,0,                              ,                         ,                                        ,                              
N4295     ,Dev. Just.   ,26/03/2024,FAR      ,21071,36715.55287,0,DIFARMER                                                                                                                                                                                                                                                      ,4,Pagada    ,5064.214189,0,0,0,0,0,0,0,0,31651.33868,0,1,PESOS                                                                           ,16.7367,30,SAMUEL RIVERO                           ,            ,0,0,F     ,0,       ,0,       ,LINEA     ,51TBEX01            ,EXZON C/90 TABS.                        ,V99    ,PZA   ,520,60.867959,0,0,0,24B024                        ,                         ,                                        ,24B024                        
N4296     ,Dev. Just.   ,26/03/2024,FAR      ,21053,5484.025837,0,"LEVIC, S.A. DE C.V.                                                                                                                                                                                                                                           ",281,Pagada    ,756.4173568,0,0,0,0,0,0,0,0,4727.60848,0,1,PESOS                                                                           ,16.7367,35,MARIA CRISTINA AGUILAR                  ,            ,0,0,F     ,0,       ,0,       ,LINEA     ,51TBEX01            ,EXZON C/90 TABS.                        ,V99    ,PZA   ,80,59.095106,0,0,0,24B023                        ,                         ,                                        ,24B023                        
N4297     ,Dev. Just.   ,27/03/2024,FAR      ,21086,13710.06459,0,"PROVEEDORA FARMACEUTICA RASE, S.A. DE C.V.                                                                                                                                                                                                                    ",224,Pagada    ,1891.043392,0,0,0,0,0,0,0,0,11819.0212,0,1,PESOS                                                                           ,16.7032,29,GUADALAJARA                             ,            ,0,0,F     ,0,       ,0,       ,LINEA     ,51TBEX01            ,EXZON C/90 TABS.                        ,V99    ,PZA   ,200,59.095106,0,0,0,24B049                        ,                         ,                                        ,24B049                        
N4298     ,Dev. Just.   ,27/03/2024,FAR      ,21185,112626.72,0,"GRISI HNOS., S.A. DE C.V                                                                                                                                                                                                                                      ",405,Pagada    ,15534.72,0,0,0,0,0,0,0,0,97092,0,1,PESOS                                                                           ,16.7032,29,GUADALAJARA                             ,            ,0,0,F     ,0,       ,0,       ,MAQUILA   ,51PLCB02            ,C-BOOST MANDARINA CAJA C/30 SOBRES DE 8 ,       ,PIEZA ,1740,55.8,0,0,43949.37868,24B034                        ,                         ,                                        ,24B034                        
N4301     ,Dev. Just.   ,04/04/2024,FAR      ,21254,20.500506,0,PHARMA PLUS SA DE CV                                                                                                                                                                                                                                          ,435,Pagada    ,2.827656,0,0,0,0,0,0,0,0,17.67285,2.46715,1,PESOS                                                                           ,16.5673,34,JOSE ANTONIO CRUZ                       ,            ,0,0,F     ,0,       ,0,       ,LINEA     ,51GLVA02            ,VANESIR GEL 50 G                        ,       ,PZA   ,1,20.14,0,0,5.469536,G23003                        ,                         ,                                        ,G23003                        
N4302     ,Dev. Just.   ,04/04/2024,FAR      ,21043,6827.46246,0,PHARMA PLUS SA DE CV                                                                                                                                                                                                                                          ,435,Pagada    ,941.71896,0,0,0,0,0,0,0,0,5885.7435,821.6565,1,PESOS                                                                           ,16.5673,34,JOSE ANTONIO CRUZ                       ,            ,0,0,F     ,0,       ,0,       ,LINEA     ,51CPQR01            ,QUERCETINA CAPS 500MG C/60              ,V99    ,PZA   ,30,223.58,0,0,0,23D001                        ,                         ,                                        ,23D001                        
N4309     ,Dev. Just.   ,05/04/2024,FAR      ,21176,1348.2709,0,PHARMA AMIGO SA DE CV                                                                                                                                                                                                                                         ,373,Pagada    ,185.9684,0,0,0,0,0,0,0,0,1162.3025,35.9475,1,PESOS                                                                           ,16.5415,30,SAMUEL RIVERO                           ,            ,0,0,F     ,0,       ,0,       ,LINEA     ,51JBNC01            ,NATUBRON CERO JARABE 240 ML             ,       ,PZA   ,25,47.93,0,0,279.87655,24C0066                       ,                         ,                                        ,24C0066                       
N4313     ,Dev. Just.   ,09/04/2024,FAR      ,21065,2824.273298,0,"BRUDIFARMA, S.A. DE C.V.                                                                                                                                                                                                                                      ",260,Pagada    ,389.5549376,0,0,0,0,0,0,0,0,2434.71836,0,1,PESOS                                                                           ,16.4758,35,MARIA CRISTINA AGUILAR                  ,            ,0,0,F     ,0,       ,0,       ,LINEA     ,51TBEX01            ,EXZON C/90 TABS.                        ,V99    ,PZA   ,40,60.867959,0,0,0,24B023                        ,                         ,                                        ,24B023                        
N4314     ,Dev. Just.   ,09/04/2024,FAR      ,21167,278.0144044,0,DIFARMER                                                                                                                                                                                                                                                      ,4,Pagada    ,38.3468144,0,0,0,0,0,0,0,0,239.66759,0,1,PESOS                                                                           ,16.4758,30,SAMUEL RIVERO                           ,            ,0,0,F     ,0,       ,0,       ,LINEA     ,51JBNC01            ,NATUBRON CERO JARABE 240 ML             ,       ,PZA   ,5,47.933518,0,0,55.97531,24B0058                       ,                         ,                                        ,24B0058                       
N4315     ,Dev. Just.   ,09/04/2024,FAR      ,21157,493.0122125,0,DIFARMER                                                                                                                                                                                                                                                      ,4,Pagada    ,68.00168448,0,0,0,0,0,0,0,0,425.010528,0,1,PESOS                                                                           ,16.4758,30,SAMUEL RIVERO                           ,            ,0,0,F     ,0,       ,0,       ,LINEA     ,51GLVA02            ,VANESIR GEL 50 G                        ,       ,PZA   ,24,17.708772,0,0,131.268864,G23003                        ,                         ,                                        ,G23003                        
N4317     ,Dev. Just.   ,10/04/2024,FAR      ,21194,2769.748414,0,"LEVIC, S.A. DE C.V.                                                                                                                                                                                                                                           ",281,Pagada    ,382.034264,0,0,0,0,0,0,0,0,2387.71415,0,1,PESOS                                                                           ,16.3357,35,MARIA CRISTINA AGUILAR                  ,            ,0,0,F     ,0,       ,0,       ,LINEA     ,51TBME01            ,MEM-EH C/30 TABS                        ,V99    ,PZA   ,50,47.754283,0,0,0,24C0071                       ,                         ,                                        ,24C0079                       
N4317     ,Dev. Just.   ,10/04/2024,FAR      ,21194,2071.628456,0,"LEVIC, S.A. DE C.V.                                                                                                                                                                                                                                           ",281,Pagada    ,285.741856,0,0,0,0,0,0,0,0,1785.8866,0,1,PESOS                                                                           ,16.3357,35,MARIA CRISTINA AGUILAR                  ,            ,0,0,F     ,0,       ,0,       ,LINEA     ,51TBBF02            ,BIOFOLIC 400 / 60 TABS.                 ,V99    ,PZA   ,50,35.717732,0,0,0,24C0079                       ,                         ,                                        ,24C0079                       
N4319     ,Dev. Just.   ,15/04/2024,FAR      ,21248,32390.02762,0,ROSARIO MENDOZA MACEDO                                                                                                                                                                                                                                        ,8,Pagada    ,4467.590016,0,0,0,0,0,0,0,0,27922.4376,0,1,PESOS                                                                           ,16.4583,32,KARLA ANDREA PINZON                     ,            ,0,0,F     ,0,       ,0,       ,LINEA     ,51JBNC01            ,NATUBRON CERO JARABE 240 ML             ,       ,PZA   ,600,46.537396,0,0,6717.0372,24C0081                       ,                         ,                                        ,24C0081                       
N4320     ,Dev. Just.   ,15/04/2024,FAR      ,21206,3922.7923,0,"LEVIC, S.A. DE C.V.                                                                                                                                                                                                                                           ",281,Pagada    ,541.0748,0,0,0,0,0,0,0,0,3381.7175,0,1,PESOS                                                                           ,16.4583,35,MARIA CRISTINA AGUILAR                  ,            ,0,0,F     ,0,       ,0,       ,LINEA     ,51PLKL01            ,KIDDYLAC 6 SOBRES DE 5GR C/U            ,       ,PZA   ,100,33.817175,0,0,725.9719,24C010                        ,                         ,                                        ,24C0071                       
N4320     ,Dev. Just.   ,15/04/2024,FAR      ,21206,5539.496828,0,"LEVIC, S.A. DE C.V.                                                                                                                                                                                                                                           ",281,Pagada    ,764.068528,0,0,0,0,0,0,0,0,4775.4283,0,1,PESOS                                                                           ,16.4583,35,MARIA CRISTINA AGUILAR                  ,            ,0,0,F     ,0,       ,0,       ,LINEA     ,51TBME01            ,MEM-EH C/30 TABS                        ,V99    ,PZA   ,100,47.754283,0,0,0,24C0071                       ,                         ,                                        ,24C0071                       
N4321     ,Dev. Just.   ,16/04/2024,FAR      ,21324,4031.443845,0,PHARMA PLUS SA DE CV                                                                                                                                                                                                                                          ,435,Pagada    ,556.06122,0,0,0,0,0,0,0,0,3475.382625,485.167375,1,PESOS                                                                           ,16.6693,34,JOSE ANTONIO CRUZ                       ,            ,0,0,F     ,0,       ,0,       ,MARCA PROP,51TBVB01            ,VITAMINA B12 C/30 TABS AL NATURAL       ,       ,PZA   ,95,41.69,0,0,966.4940549,24A0016                       ,                         ,                                        ,24A0016                       
N4325     ,Dev. Just.   ,18/04/2024,FAR      ,21210,3922.7923,0,"LEVIC, S.A. DE C.V.                                                                                                                                                                                                                                           ",281,Pagada    ,541.0748,0,0,0,0,0,0,0,0,3381.7175,0,1,PESOS                                                                           ,17.0252,35,MARIA CRISTINA AGUILAR                  ,            ,0,0,F     ,0,       ,0,       ,LINEA     ,51PLKL01            ,KIDDYLAC 6 SOBRES DE 5GR C/U            ,       ,PZA   ,100,33.817175,0,0,725.9719,24C010                        ,                         ,                                        ,24C0064                       
N4325     ,Dev. Just.   ,18/04/2024,FAR      ,21210,5958.736836,0,"LEVIC, S.A. DE C.V.                                                                                                                                                                                                                                           ",281,Pagada    ,821.894736,0,0,0,0,0,0,0,0,5136.8421,0,1,PESOS                                                                           ,17.0252,35,MARIA CRISTINA AGUILAR                  ,            ,0,0,F     ,0,       ,0,       ,LINEA     ,51TBCG01            ,COLAGENER C/60 TABS.                    ,V99    ,PZA   ,100,51.368421,0,0,0,24C0064                       ,                         ,                                        ,24C0064                       
N4326     ,Dev. Just.   ,18/04/2024,FAR      ,21332,73.2656,0,FARMACEUTICOS TENORIO S.A. DE C.V.                                                                                                                                                                                                                            ,69,Pagada    ,10.1056,0,0,0,0,0,0,0,0,63.16,0,1,PESOS                                                                           ,17.0252,32,KARLA ANDREA PINZON                     ,            ,0,0,F     ,0,       ,0,       ,LINEA     ,51TBPK01            ,PROBIO KIDS / 30 TABS.                  ,V99    ,PZA   ,2,31.58,0,0,0,24A0005                       ,                         ,                                        ,24A0005                       
N4327     ,Dev. Just.   ,18/04/2024,FAR      ,21245,4044.8127,0,PHARMA AMIGO SA DE CV                                                                                                                                                                                                                                         ,373,Pagada    ,557.9052,0,0,0,0,0,0,0,0,3486.9075,107.8425,1,PESOS                                                                           ,17.0252,30,SAMUEL RIVERO                           ,            ,0,0,F     ,0,       ,0,       ,LINEA     ,51JBNC01            ,NATUBRON CERO JARABE 240 ML             ,       ,PZA   ,75,47.93,0,0,839.62965,24C0073                       ,                         ,                                        ,24C0077                       
N4327     ,Dev. Just.   ,18/04/2024,FAR      ,21245,8089.6254,0,PHARMA AMIGO SA DE CV                                                                                                                                                                                                                                         ,373,Pagada    ,1115.8104,0,0,0,0,0,0,0,0,6973.815,215.685,1,PESOS                                                                           ,17.0252,30,SAMUEL RIVERO                           ,            ,0,0,F     ,0,       ,0,       ,LINEA     ,51JBNC01            ,NATUBRON CERO JARABE 240 ML             ,       ,PZA   ,150,47.93,0,0,1679.2593,24C0077                       ,                         ,                                        ,24C0077                       
N4328     ,Dev. Just.   ,19/04/2024,FAR      ,21082,31773.0746,0,DISAGS FARMACEUTICA SA DE CV                                                                                                                                                                                                                                  ,391,Pagada    ,4382.493048,0,0,0,0,0,0,0,0,27390.58155,0,1,PESOS                                                                           ,16.9948,30,SAMUEL RIVERO                           ,            ,0,0,F     ,0,       ,0,       ,LINEA     ,51TBEX01            ,EXZON C/90 TABS.                        ,V99    ,PZA   ,450,60.867959,0,0,0,24B049                        ,                         ,                                        ,24B049                        
N4333     ,Dev. Just.   ,22/04/2024,FAR      ,21201,250560,0,KPS COMERCIALIZADORA SA DE CV                                                                                                                                                                                                                                 ,439,Pagada    ,34560,0,0,0,0,0,0,0,0,216000,0,1,PESOS                                                                           ,17.1145,4,DIRECTO                                 ,            ,0,0,F     ,0,       ,0,       ,MAQUILA   ,51PLBFK02           ,BLOOM MX SABOR FRESA-KIWI 145g          ,       ,PZA   ,2400,90,0,0,115735.6784,24C013                        ,                         ,                                        ,24C013                        
N4337     ,Dev. Just.   ,23/04/2024,FAR      ,21209,6422.194108,0,COMERCIALIZADORA NATURISTA DE MEXICO S. DE R.L. DE C.V.                                                                                                                                                                                                       ,369,Pagada    ,885.819877,0,0,0,0,0,0,0,0,5536.374231,171.228069,1,PESOS                                                                           ,17.212,33,TANIA CASTELLANOS                       ,            ,0,0,F     ,0,       ,0,       ,LINEA     ,51TBCG01            ,COLAGENER C/60 TABS.                    ,V99    ,PZA   ,100,57.076023,0,0,0,24C0064                       ,                         ,                                        ,24C0064                       
N4342     ,Dev. Just.   ,24/04/2024,FAR      ,21193,1961.39615,0,"LEVIC, S.A. DE C.V.                                                                                                                                                                                                                                           ",281,Pagada    ,270.5374,0,0,0,0,0,0,0,0,1690.85875,0,1,PESOS                                                                           ,17.1243,35,MARIA CRISTINA AGUILAR                  ,            ,0,0,F     ,0,       ,0,       ,LINEA     ,51PLKL01            ,KIDDYLAC 6 SOBRES DE 5GR C/U            ,       ,PZA   ,50,33.817175,0,0,362.98595,24C010                        ,                         ,                                        ,24C010                        
N4344     ,Dev. Just.   ,24/04/2024,FAR      ,21230,223.5991594,0,OPERADORA SUPER SOYA SA DE CV                                                                                                                                                                                                                                 ,427,Pagada    ,30.84126336,0,0,0,0,0,0,0,0,192.757896,0,1,PESOS                                                                           ,17.1243,33,TANIA CASTELLANOS                       ,            ,0,0,F     ,0,       ,0,       ,LINEA     ,51TBCA01            ,CASTIN /50 TABS.                        ,       ,PZA   ,4,48.189474,0,0,41.70678,23L0336                       ,                         ,                                        ,23L0336                       
N4349     ,Dev. Just.   ,29/04/2024,FAR      ,21247,19194.09043,0,DISTRIBUIDORA FARMACEUTICA CALDERON                                                                                                                                                                                                                           ,48,Pagada    ,2647.460749,0,0,0,0,0,0,0,0,16546.62968,0,1,PESOS                                                                           ,17.1883,32,KARLA ANDREA PINZON                     ,            ,0,0,F     ,0,       ,0,       ,LINEA     ,51TBEX01            ,EXZON C/90 TABS.                        ,V99    ,PZA   ,280,59.095106,0,0,0,24C006                        ,                         ,                                        ,24C006                        
N4350     ,Dev. Just.   ,29/04/2024,FAR      ,21356,107.12658,0,SUPER MAYOREO NATURISTA S.A. DE C.V.                                                                                                                                                                                                                          ,61,Pagada    ,14.77608,0,0,0,0,0,0,0,0,92.3505,3.3495,1,PESOS                                                                           ,17.1883,32,KARLA ANDREA PINZON                     ,            ,0,0,F     ,0,       ,0,       ,LINEA     ,51JBNC01            ,NATUBRON CERO JARABE 240 ML             ,       ,PZA   ,2,47.85,0,0,22.390124,24C0081                       ,                         ,                                        ,24C0081                       
N4351     ,Dev. Just.   ,30/04/2024,FAR      ,20981,121.8086513,0,VENTA MENUDEO                                                                                                                                                                                                                                                 ,1,Pagada    ,16.80119328,0,0,0,0,0,0,0,0,105.007458,0,1,PESOS                                                                           ,17.1552,29,GUADALAJARA                             ,            ,0,0,F     ,0,       ,0,       ,LINEA     ,51TBVA01            ,VANESIR /45 TABS.                       ,V99    ,PZA   ,2,52.503729,0,0,0,23J0296                       ,                         ,                                        ,23J0296                       
N4352     ,Dev. Just.   ,30/04/2024,FAR      ,21420,172967.6,0,LABORATORIO ELMOR MEXICO                                                                                                                                                                                                                                      ,368,Pagada    ,23857.6,0,0,0,0,0,0,0,0,149110,0,1,PESOS                                                                           ,17.1552,27,MEXICO                                  ,            ,0,0,F     ,0,       ,0,       ,ANT       ,CCB-0884            ,ANTICIPO                                ,       ,SER   ,1,149110,0,0,0,                              ,                         ,                                        ,                              
N4353     ,Dev. Just.   ,30/04/2024,FAR      ,21421,6832.4,0,LABORATORIO ELMOR MEXICO                                                                                                                                                                                                                                      ,368,Pagada    ,942.4,0,0,0,0,0,0,0,0,5890,0,1,PESOS                                                                           ,17.1552,27,MEXICO                                  ,            ,0,0,F     ,0,       ,0,       ,ANT       ,CCB-0884            ,ANTICIPO                                ,       ,SER   ,1,5890,0,0,0,                              ,                         ,                                        ,                              
N4354     ,Dev. Just.   ,30/04/2024,FAR      ,21448,126672,0,LABORATORIO ELMOR MEXICO                                                                                                                                                                                                                                      ,368,Pagada    ,17472,0,0,0,0,0,0,0,0,109200,0,1,PESOS                                                                           ,17.1552,27,MEXICO                                  ,            ,0,0,F     ,0,       ,0,       ,ANT       ,CCB-0884            ,ANTICIPO                                ,       ,SER   ,1,109200,0,0,0,                              ,                         ,                                        ,                              
N4365     ,Dev. Just.   ,06/05/2024,FAR      ,21454,15936.2424,0,PHARMA PLUS SA DE CV                                                                                                                                                                                                                                          ,435,Pagada    ,2198.1024,0,0,0,0,0,0,0,0,13738.14,1917.86,1,PESOS                                                                           ,16.9393,34,JOSE ANTONIO CRUZ                       ,            ,0,0,F     ,0,       ,0,       ,LINEA     ,51TBEX01            ,EXZON C/90 TABS.                        ,V99    ,PZA   ,200,78.28,0,0,0,24C018                        ,                         ,                                        ,24C018                        
N4366     ,Dev. Just.   ,06/05/2024,FAR      ,21453,31699.8795,0,PHARMA PLUS SA DE CV                                                                                                                                                                                                                                          ,435,Pagada    ,4372.397172,0,0,0,0,0,0,0,0,27327.48233,3814.947675,1,PESOS                                                                           ,16.9393,34,JOSE ANTONIO CRUZ                       ,            ,0,0,F     ,0,       ,0,       ,MARCA PROP,51TBVB01            ,VITAMINA B12 C/30 TABS AL NATURAL       ,       ,PZA   ,747,41.69,0,0,7599.695358,24A0016                       ,                         ,                                        ,24A0016                       
N4367     ,Dev. Just.   ,06/05/2024,FAR      ,21456,7408.2762,0,PHARMA PLUS SA DE CV                                                                                                                                                                                                                                          ,435,Pagada    ,1021.8312,0,0,0,0,0,0,0,0,6386.445,891.555,1,PESOS                                                                           ,16.9393,34,JOSE ANTONIO CRUZ                       ,            ,0,0,F     ,0,       ,0,       ,LINEA     ,51CPVT03            ,VITEM 3RA /30 CAPS.                     ,V99    ,PZA   ,100,72.78,0,0,0,24C0076                       ,                         ,                                        ,24C0071                       
N4367     ,Dev. Just.   ,06/05/2024,FAR      ,21456,13576.7502,0,PHARMA PLUS SA DE CV                                                                                                                                                                                                                                          ,435,Pagada    ,1872.6552,0,0,0,0,0,0,0,0,11704.095,1633.905,1,PESOS                                                                           ,16.9393,34,JOSE ANTONIO CRUZ                       ,            ,0,0,F     ,0,       ,0,       ,LINEA     ,51TBME01            ,MEM-EH C/30 TABS                        ,V99    ,PZA   ,200,66.69,0,0,0,24C0071                       ,                         ,                                        ,24C0071                       
N4368     ,Dev. Just.   ,06/05/2024,FAR      ,21408,40716,0,KPS COMERCIALIZADORA SA DE CV                                                                                                                                                                                                                                 ,439,Pagada    ,5616,0,0,0,0,0,0,0,0,35100,0,1,PESOS                                                                           ,16.9393,4,DIRECTO                                 ,            ,0,0,F     ,0,       ,0,       ,MAQUILA   ,51CPFIT03           ,MULTIBLUE  PRÓBIOTIC FIT 60 CAPS PT     ,       ,PIEZA ,260,135,0,0,12397.94218,24D0108                       ,                         ,                                        ,24D0108                       
N4369     ,Dev. Just.   ,07/05/2024,FAR      ,21411,253065.6,0,KPS COMERCIALIZADORA SA DE CV                                                                                                                                                                                                                                 ,439,Pagada    ,34905.6,0,0,0,0,0,0,0,0,218160,0,1,PESOS                                                                           ,17.0042,4,DIRECTO                                 ,            ,0,0,F     ,0,       ,0,       ,MAQUILA   ,51PLBMM01           ,BLOOM MX SABOR MANGO TARRO C/145g       ,       ,PZA   ,2424,90,0,0,106388.8904,24D057                        ,                         ,                                        ,24D057                        
N4373     ,Dev. Just.   ,14/05/2024,FAR      ,21265,7963.524816,0,"PROVEEDORA FARMACEUTICA RASE, S.A. DE C.V.                                                                                                                                                                                                                    ",224,Pagada    ,1098.417216,0,0,0,0,0,0,0,0,6865.1076,0,1,PESOS                                                                           ,16.769,29,GUADALAJARA                             ,            ,0,0,F     ,0,       ,0,       ,LINEA     ,51CPVF01            ,BIOMIVIT 400 30 / CAPS                  ,V99    ,PZA   ,150,45.767384,0,0,0,24C0069                       ,                         ,                                        ,24C0069                       
N4378     ,Dev. Just.   ,15/05/2024,FAR      ,21212,5958.736836,0,"LEVIC, S.A. DE C.V.                                                                                                                                                                                                                                           ",281,Pagada    ,821.894736,0,0,0,0,0,0,0,0,5136.8421,0,1,PESOS                                                                           ,16.8072,35,MARIA CRISTINA AGUILAR                  ,            ,0,0,F     ,0,       ,0,       ,LINEA     ,51TBCG01            ,COLAGENER C/60 TABS.                    ,V99    ,PZA   ,100,51.368421,0,0,0,24C0064                       ,                         ,                                        ,24C0064                       
N4394     ,Dev. Just.   ,23/05/2024,FAR      ,21248,304.5216282,0,ROSARIO MENDOZA MACEDO                                                                                                                                                                                                                                        ,8,Pagada    ,42.0029832,0,0,0,0,0,0,0,0,262.518645,0,1,PESOS                                                                           ,16.6138,32,KARLA ANDREA PINZON                     ,            ,0,0,F     ,0,       ,0,       ,LINEA     ,51TBVA01            ,VANESIR /45 TABS.                       ,V99    ,PZA   ,5,52.503729,0,0,0,24B0034                       ,                         ,                                        ,24B0034                       
N4402     ,Dev. Just.   ,23/05/2024,FAR      ,21573,102726.2592,0,PHARMA AMIGO SA DE CV                                                                                                                                                                                                                                         ,373,Pagada    ,14169.1392,0,0,0,0,0,0,0,0,88557.12,2738.88,1,PESOS                                                                           ,16.6138,30,SAMUEL RIVERO                           ,            ,0,0,F     ,0,       ,0,       ,LINEA     ,51TBEX01            ,EXZON C/90 TABS.                        ,V99    ,PZA   ,1600,57.06,0,0,0,24D031                        ,                         ,                                        ,24D031                        
N4403     ,Dev. Just.   ,24/05/2024,FAR      ,21573,16296.04656,0,PHARMA AMIGO SA DE CV                                                                                                                                                                                                                                         ,373,Pagada    ,2247.73056,0,0,0,0,0,0,0,0,14048.316,434.484,1,PESOS                                                                           ,16.6405,30,SAMUEL RIVERO                           ,            ,0,0,F     ,0,       ,0,       ,LINEA     ,51TBPF01            ,PLENIFORM 40 /30 TABS.                  ,V99    ,PZA   ,270,53.64,0,0,0,24C0072                       ,                         ,                                        ,24C0072                       
N4404     ,Dev. Just.   ,24/05/2024,FAR      ,21494,111.2057618,0,DIFARMER                                                                                                                                                                                                                                                      ,4,Pagada    ,15.33872576,0,0,0,0,0,0,0,0,95.867036,0,1,PESOS                                                                           ,16.6405,30,SAMUEL RIVERO                           ,            ,0,0,F     ,0,       ,0,       ,LINEA     ,51JBNC01            ,NATUBRON CERO JARABE 240 ML             ,       ,PZA   ,2,47.933518,0,0,22.390124,24D0087                       ,                         ,                                        ,24D032                        
N4404     ,Dev. Just.   ,24/05/2024,FAR      ,21494,141.2136649,0,DIFARMER                                                                                                                                                                                                                                                      ,4,Pagada    ,19.47774688,0,0,0,0,0,0,0,0,121.735918,0,1,PESOS                                                                           ,16.6405,30,SAMUEL RIVERO                           ,            ,0,0,F     ,0,       ,0,       ,LINEA     ,51TBEX01            ,EXZON C/90 TABS.                        ,V99    ,PZA   ,2,60.867959,0,0,0,24D032                        ,                         ,                                        ,24D032                        
N4407     ,Dev. Just.   ,24/05/2024,FAR      ,21467,2634.166686,0,"LEVIC, S.A. DE C.V.                                                                                                                                                                                                                                           ",281,Pagada    ,363.333336,0,0,0,0,0,0,0,0,2270.83335,0,1,PESOS                                                                           ,16.6405,35,MARIA CRISTINA AGUILAR                  ,            ,0,0,F     ,0,       ,0,       ,LINEA     ,51CPDG05            ,D-GELAC+FS C/30 CAPS.                   ,V99    ,PZA   ,50,45.416667,0,0,0,24D0103                       ,                         ,                                        ,24D0103                       
N4409     ,Dev. Just.   ,27/05/2024,FAR      ,21586,5268.333372,0,DISTRIBUIDORA FARMACEUTICA CALDERON                                                                                                                                                                                                                           ,48,Pagada    ,726.666672,0,0,0,0,0,0,0,0,4541.6667,0,1,PESOS                                                                           ,16.6945,32,KARLA ANDREA PINZON                     ,            ,0,0,F     ,0,       ,0,       ,LINEA     ,51CPDG05            ,D-GELAC+FS C/30 CAPS.                   ,V99    ,PZA   ,100,45.416667,0,0,0,24D0103                       ,                         ,                                        ,24D0103                       
N4412     ,Dev. Just.   ,27/05/2024,FAR      ,21500,1106.35,0,OPERADORA SUPER SOYA SA DE CV                                                                                                                                                                                                                                 ,427,Pagada    ,152.6,0,0,0,0,0,0,0,0,953.75,0,1,PESOS                                                                           ,16.6945,33,TANIA CASTELLANOS                       ,            ,0,0,F     ,0,       ,0,       ,LINEA     ,51CPDG05            ,D-GELAC+FS C/30 CAPS.                   ,V99    ,PZA   ,20,47.6875,0,0,0,24C0074                       ,                         ,                                        ,24C0080                       
N4412     ,Dev. Just.   ,27/05/2024,FAR      ,21500,5531.75,0,OPERADORA SUPER SOYA SA DE CV                                                                                                                                                                                                                                 ,427,Pagada    ,763,0,0,0,0,0,0,0,0,4768.75,0,1,PESOS                                                                           ,16.6945,33,TANIA CASTELLANOS                       ,            ,0,0,F     ,0,       ,0,       ,LINEA     ,51CPDG05            ,D-GELAC+FS C/30 CAPS.                   ,V99    ,PZA   ,100,47.6875,0,0,0,24D0103                       ,                         ,                                        ,24C0080                       
N4412     ,Dev. Just.   ,27/05/2024,FAR      ,21500,45.88587292,0,OPERADORA SUPER SOYA SA DE CV                                                                                                                                                                                                                                 ,427,Pagada    ,6.32908592,0,0,0,0,0,0,0,0,39.556787,0,1,PESOS                                                                           ,16.6945,33,TANIA CASTELLANOS                       ,            ,0,0,F     ,0,       ,0,       ,LINEA     ,51TBTM01            ,TAMARIN-LX /30 CAPS.                    ,V99    ,PZA   ,1,39.556787,0,0,0,24C0080                       ,                         ,                                        ,24C0080                       
N4423     ,Dev. Just.   ,30/05/2024,FAR      ,21575,11598.5616,0,PHARMA AMIGO SA DE CV                                                                                                                                                                                                                                         ,373,Pagada    ,1599.8016,0,0,0,0,0,0,0,0,9998.76,309.24,1,PESOS                                                                           ,16.7457,30,SAMUEL RIVERO                           ,            ,0,0,F     ,0,       ,0,       ,LINEA     ,51TBBF02            ,BIOFOLIC 400 / 60 TABS.                 ,V99    ,PZA   ,300,34.36,0,0,0,24D0093                       ,                         ,                                        ,24C0076                       
N4423     ,Dev. Just.   ,30/05/2024,FAR      ,21575,31431.8994,0,PHARMA AMIGO SA DE CV                                                                                                                                                                                                                                         ,373,Pagada    ,4335.4344,0,0,0,0,0,0,0,0,27096.465,838.035,1,PESOS                                                                           ,16.7457,30,SAMUEL RIVERO                           ,            ,0,0,F     ,0,       ,0,       ,LINEA     ,51CPVT03            ,VITEM 3RA /30 CAPS.                     ,V99    ,PZA   ,550,50.79,0,0,0,24C0076                       ,                         ,                                        ,24C0076                       
N4424     ,Dev. Just.   ,30/05/2024,FAR      ,21573,134.326376,0,PHARMA AMIGO SA DE CV                                                                                                                                                                                                                                         ,373,Pagada    ,18.527776,0,0,0,0,0,0,0,0,115.7986,3.5814,1,PESOS                                                                           ,16.7457,30,SAMUEL RIVERO                           ,            ,0,0,F     ,0,       ,0,       ,LINEA     ,51PLCV03            ,C-VYM CERO AZUCAR C/11 SOBRES           ,       ,PIEZA ,2,59.69,0,0,36.356498,24C012                        ,                         ,                                        ,24C012                        
N4427     ,Dev. Just.   ,31/05/2024,FAR      ,21645,78547.49992,0,BOREAL FARMACEUTICA                                                                                                                                                                                                                                           ,350,Pagada    ,10834.13792,0,0,0,0,0,0,0,0,67713.362,0,1,PESOS                                                                           ,16.95,29,GUADALAJARA                             ,            ,0,0,F     ,0,       ,0,       ,ANT       ,CCB-0884            ,ANTICIPO                                ,       ,SER   ,1,67713.362,0,0,0,                              ,                         ,                                        ,                              
N4433     ,Dev. Just.   ,31/05/2024,FAR      ,21595,6108.4179,0,PHARMA PLUS SA DE CV                                                                                                                                                                                                                                          ,435,Pagada    ,842.5404,0,0,0,0,0,0,0,0,5265.8775,735.1225,1,PESOS                                                                           ,16.95,34,JOSE ANTONIO CRUZ                       ,            ,0,0,F     ,0,       ,0,       ,LINEA     ,51CPVF01            ,BIOMIVIT 400 30 / CAPS                  ,V99    ,PZA   ,100,60.01,0,0,0,24D0095                       ,                         ,                                        ,24D0082                       
N4433     ,Dev. Just.   ,31/05/2024,FAR      ,21595,33337.2429,0,PHARMA PLUS SA DE CV                                                                                                                                                                                                                                          ,435,Pagada    ,4598.2404,0,0,0,0,0,0,0,0,28739.0025,4011.9975,1,PESOS                                                                           ,16.95,34,JOSE ANTONIO CRUZ                       ,            ,0,0,F     ,0,       ,0,       ,LINEA     ,51CPVT03            ,VITEM 3RA /30 CAPS.                     ,V99    ,PZA   ,450,72.78,0,0,0,24C0076                       ,                         ,                                        ,24D0082                       
N4433     ,Dev. Just.   ,31/05/2024,FAR      ,21595,14034.8052,0,PHARMA PLUS SA DE CV                                                                                                                                                                                                                                          ,435,Pagada    ,1935.8352,0,0,0,0,0,0,0,0,12098.97,1689.03,1,PESOS                                                                           ,16.95,34,JOSE ANTONIO CRUZ                       ,            ,0,0,F     ,0,       ,0,       ,LINEA     ,51CPDG05            ,D-GELAC+FS C/30 CAPS.                   ,V99    ,PZA   ,225,61.28,0,0,0,24D0103                       ,                         ,                                        ,24D0082                       
N4433     ,Dev. Just.   ,31/05/2024,FAR      ,21595,6571.073808,0,PHARMA PLUS SA DE CV                                                                                                                                                                                                                                          ,435,Pagada    ,906.355008,0,0,0,0,0,0,0,0,5664.7188,790.8012,1,PESOS                                                                           ,16.95,34,JOSE ANTONIO CRUZ                       ,            ,0,0,F     ,0,       ,0,       ,LINEA     ,51TBBH01            ,BIOVIT FOR MEN FRASCO CON 30 TABLETS    ,V99    ,PZA   ,72,89.66,0,0,0,23L014                        ,                         ,                                        ,24D0082                       
N4433     ,Dev. Just.   ,31/05/2024,FAR      ,21595,33941.8755,0,PHARMA PLUS SA DE CV                                                                                                                                                                                                                                          ,435,Pagada    ,4681.638,0,0,0,0,0,0,0,0,29260.2375,4084.7625,1,PESOS                                                                           ,16.95,34,JOSE ANTONIO CRUZ                       ,            ,0,0,F     ,0,       ,0,       ,LINEA     ,51TBME01            ,MEM-EH C/30 TABS                        ,V99    ,PZA   ,500,66.69,0,0,0,24C0071                       ,                         ,                                        ,24D0082                       
N4433     ,Dev. Just.   ,31/05/2024,FAR      ,21595,1551.503538,0,PHARMA PLUS SA DE CV                                                                                                                                                                                                                                          ,435,Pagada    ,214.000488,0,0,0,0,0,0,0,0,1337.50305,186.71695,1,PESOS                                                                           ,16.95,34,JOSE ANTONIO CRUZ                       ,            ,0,0,F     ,0,       ,0,       ,LINEA     ,51TBBM01            ,BIOVIT FOR WOMEN FRASCO CON 30 TABLETAS ,V99    ,PIEZA ,17,89.66,0,0,0,23L015                        ,                         ,                                        ,24D0082                       
N4433     ,Dev. Just.   ,31/05/2024,FAR      ,21595,4807.5417,0,PHARMA PLUS SA DE CV                                                                                                                                                                                                                                          ,435,Pagada    ,663.1092,0,0,0,0,0,0,0,0,4144.4325,578.5675,1,PESOS                                                                           ,16.95,34,JOSE ANTONIO CRUZ                       ,            ,0,0,F     ,0,       ,0,       ,LINEA     ,51TBPK01            ,PROBIO KIDS / 30 TABS.                  ,V99    ,PZA   ,100,47.23,0,0,0,24D0086                       ,                         ,                                        ,24D0082                       
N4433     ,Dev. Just.   ,31/05/2024,FAR      ,21595,7252.5375,0,PHARMA PLUS SA DE CV                                                                                                                                                                                                                                          ,435,Pagada    ,1000.35,0,0,0,0,0,0,0,0,6252.1875,872.8125,1,PESOS                                                                           ,16.95,34,JOSE ANTONIO CRUZ                       ,            ,0,0,F     ,0,       ,0,       ,LINEA     ,51TBBF02            ,BIOFOLIC 400 / 60 TABS.                 ,V99    ,PZA   ,150,47.5,0,0,0,24C0079                       ,                         ,                                        ,24D0082                       
N4433     ,Dev. Just.   ,31/05/2024,FAR      ,21595,1404.702,0,PHARMA PLUS SA DE CV                                                                                                                                                                                                                                          ,435,Pagada    ,193.752,0,0,0,0,0,0,0,0,1210.95,169.05,1,PESOS                                                                           ,16.95,34,JOSE ANTONIO CRUZ                       ,            ,0,0,F     ,0,       ,0,       ,LINEA     ,51PLKL01            ,KIDDYLAC 6 SOBRES DE 5GR C/U            ,       ,PZA   ,24,57.5,0,0,174.233256,24D074                        ,                         ,                                        ,24D0082                       
N4433     ,Dev. Just.   ,31/05/2024,FAR      ,21595,13721.61773,0,PHARMA PLUS SA DE CV                                                                                                                                                                                                                                          ,435,Pagada    ,1892.636928,0,0,0,0,0,0,0,0,11828.9808,1651.3392,1,PESOS                                                                           ,16.95,34,JOSE ANTONIO CRUZ                       ,            ,0,0,F     ,0,       ,0,       ,LINEA     ,51CPVB02            ,VITABIOM Q10 /30 CAPS.                  ,V99    ,PZA   ,177,76.16,0,0,0,24D0082                       ,                         ,                                        ,24D0082                       
N4434     ,Dev. Just.   ,31/05/2024,FAR      ,21688,168896,0,LABORATORIO ELMOR MEXICO                                                                                                                                                                                                                                      ,368,Pagada    ,23296,0,0,0,0,0,0,0,0,145600,0,1,PESOS                                                                           ,16.95,27,MEXICO                                  ,            ,0,0,F     ,0,       ,0,       ,ANT       ,CCB-0884            ,ANTICIPO                                ,       ,SER   ,1,145600,0,0,0,                              ,                         ,                                        ,                              
N4435     ,Dev. Just.   ,31/05/2024,FAR      ,21693,245920,0,LABORATORIO ELMOR MEXICO                                                                                                                                                                                                                                      ,368,Pagada    ,33920,0,0,0,0,0,0,0,0,212000,0,1,PESOS                                                                           ,16.95,27,MEXICO                                  ,            ,0,0,F     ,0,       ,0,       ,ANT       ,CCB-0884            ,ANTICIPO                                ,       ,SER   ,1,212000,0,0,0,                              ,                         ,                                        ,                              
N4436     ,Dev. Just.   ,31/05/2024,FAR      ,21699,71108,0,LABORATORIO ELMOR MEXICO                                                                                                                                                                                                                                      ,368,Pagada    ,9808,0,0,0,0,0,0,0,0,61300,0,1,PESOS                                                                           ,16.95,27,MEXICO                                  ,            ,0,0,F     ,0,       ,0,       ,ANT       ,CCB-0884            ,ANTICIPO                                ,       ,SER   ,1,61300,0,0,0,                              ,                         ,                                        ,                              
N4437     ,Dev. Just.   ,04/06/2024,FAR      ,21634,3071.21281,0,"LEVIC, S.A. DE C.V.                                                                                                                                                                                                                                           ",281,Pagada    ,423.61556,0,0,0,0,0,0,0,0,2647.59725,0,1,PESOS                                                                           ,17.0177,35,MARIA CRISTINA AGUILAR                  ,            ,0,0,F     ,0,       ,0,       ,LINEA     ,51CPVT03            ,VITEM 3RA /30 CAPS.                     ,V99    ,PZA   ,50,52.951945,0,0,0,24C0076                       ,                         ,                                        ,24C0076                       
N4441     ,Dev. Just.   ,05/06/2024,FAR      ,21662,3045.216282,0,"LEVIC, S.A. DE C.V.                                                                                                                                                                                                                                           ",281,Pagada    ,420.029832,0,0,0,0,0,0,0,0,2625.18645,0,1,PESOS                                                                           ,17.6338,35,MARIA CRISTINA AGUILAR                  ,            ,0,0,F     ,0,       ,0,       ,LINEA     ,51TBVA01            ,VANESIR /45 TABS.                       ,V99    ,PZA   ,50,52.503729,0,0,0,24B0034                       ,                         ,                                        ,24B0034                       
N4448     ,Dev. Just.   ,07/06/2024,FAR      ,21767,19786.5144,0,PROMOTORA SALUDANAT SA DE CV                                                                                                                                                                                                                                  ,428,Pagada    ,2729.1744,0,0,0,0,0,0,0,0,17057.34,5037.66,1,PESOS                                                                           ,17.5592,32,KARLA ANDREA PINZON                     ,            ,0,0,F     ,0,       ,0,       ,LINEA     ,51TBME01            ,MEM-EH C/30 TABS                        ,V99    ,PZA   ,450,49.1,20,0,0,2.40E+138,                         ,                                        ,2.40E+138
N4449     ,Dev. Just.   ,07/06/2024,FAR      ,21766,57161.0416,0,SUPER MAYOREO NATURISTA S.A. DE C.V.                                                                                                                                                                                                                          ,61,Pagada    ,7884.2816,0,0,0,0,0,0,0,0,49276.76,14553.24,1,PESOS                                                                           ,17.5592,32,KARLA ANDREA PINZON                     ,            ,0,0,F     ,0,       ,0,       ,LINEA     ,51TBME01            ,MEM-EH C/30 TABS                        ,V99    ,PZA   ,1300,49.1,20,0,0,2.40E+138,                         ,                                        ,2.40E+138
N4450     ,Dev. Just.   ,10/06/2024,FAR      ,21731,5705.681792,0,DIFARMER                                                                                                                                                                                                                                                      ,4,Pagada    ,786.990592,0,0,0,0,0,0,0,0,4918.6912,0,1,PESOS                                                                           ,17.5335,30,SAMUEL RIVERO                           ,            ,0,0,F     ,0,       ,0,       ,LINEA     ,51TBME01            ,MEM-EH C/30 TABS                        ,V99    ,PZA   ,100,49.186912,0,0,0,2.40E+138,                         ,                                        ,2.40E+138
N4453     ,Dev. Just.   ,12/06/2024,FAR      ,21785,49390.3872,0,LABORATORIO ELMOR MEXICO                                                                                                                                                                                                                                      ,368,Pagada    ,6812.4672,0,0,0,0,0,0,0,0,42577.92,0,1,PESOS                                                                           ,18.3848,27,MEXICO                                  ,            ,0,0,F     ,0,       ,0,       ,ANT       ,CCB-0884            ,ANTICIPO                                ,       ,SER   ,1,42577.92,0,0,0,                              ,                         ,                                        ,                              
N4457     ,Dev. Just.   ,12/06/2024,FAR      ,21738,411.3019378,0,FARMACEUTICOS TENORIO S.A. DE C.V.                                                                                                                                                                                                                            ,69,Pagada    ,56.73130176,0,0,0,0,0,0,0,0,354.570636,0,1,PESOS                                                                           ,18.3848,32,KARLA ANDREA PINZON                     ,            ,0,0,F     ,0,       ,0,       ,LINEA     ,51TBEX01            ,EXZON C/90 TABS.                        ,V99    ,PZA   ,6,59.095106,0,0,0,2.40E+10,                         ,                                        ,2.40E+10
N4459     ,Dev. Just.   ,14/06/2024,FAR      ,21709,35122.35762,0,ROSARIO MENDOZA MACEDO                                                                                                                                                                                                                                        ,8,Pagada    ,4844.46312,0,0,0,0,0,0,0,0,30277.8945,0,1,PESOS                                                                           ,18.7832,32,KARLA ANDREA PINZON                     ,            ,0,0,F     ,0,       ,0,       ,LINEA     ,51TBPF01            ,PLENIFORM 40 /30 TABS.                  ,V99    ,PZA   ,540,56.070175,0,0,0,2.40E+142,                         ,                                        ,2.40E+09
N4459     ,Dev. Just.   ,14/06/2024,FAR      ,21709,3178.552656,0,ROSARIO MENDOZA MACEDO                                                                                                                                                                                                                                        ,8,Pagada    ,438.421056,0,0,0,0,0,0,0,0,2740.1316,0,1,PESOS                                                                           ,18.7832,32,KARLA ANDREA PINZON                     ,            ,0,0,F     ,0,       ,0,       ,LINEA     ,51TBBH01            ,BIOVIT FOR MEN FRASCO CON 30 TABLETS    ,V99    ,PZA   ,50,54.802632,0,0,0,23L014                        ,                         ,                                        ,2.40E+09
N4459     ,Dev. Just.   ,14/06/2024,FAR      ,21709,82260.38755,0,ROSARIO MENDOZA MACEDO                                                                                                                                                                                                                                        ,8,Pagada    ,11346.26035,0,0,0,0,0,0,0,0,70914.1272,0,1,PESOS                                                                           ,18.7832,32,KARLA ANDREA PINZON                     ,            ,0,0,F     ,0,       ,0,       ,LINEA     ,51TBEX01            ,EXZON C/90 TABS.                        ,V99    ,PZA   ,1200,59.095106,0,0,0,2.40E+09,                         ,                                        ,2.40E+09
N4465     ,Dev. Just.   ,14/06/2024,FAR      ,21684,17561.17881,0,"LEVIC, S.A. DE C.V.                                                                                                                                                                                                                                           ",281,Pagada    ,2422.23156,0,0,0,0,0,0,0,0,15138.94725,0,1,PESOS                                                                           ,18.7832,35,MARIA CRISTINA AGUILAR                  ,            ,0,0,F     ,0,       ,0,       ,LINEA     ,51TBPF01            ,PLENIFORM 40 /30 TABS.                  ,V99    ,PZA   ,270,56.070175,0,0,0,2.40E+142,                         ,                                        ,2.40E+142
N4466     ,Dev. Just.   ,14/06/2024,FAR      ,21686,17561.17881,0,"LEVIC, S.A. DE C.V.                                                                                                                                                                                                                                           ",281,Pagada    ,2422.23156,0,0,0,0,0,0,0,0,15138.94725,0,1,PESOS                                                                           ,18.7832,35,MARIA CRISTINA AGUILAR                  ,            ,0,0,F     ,0,       ,0,       ,LINEA     ,51TBPF01            ,PLENIFORM 40 /30 TABS.                  ,V99    ,PZA   ,270,56.070175,0,0,0,2.40E+142,                         ,                                        ,2.40E+142
N4468     ,Dev. Just.   ,17/06/2024,FAR      ,21729,18088.01441,0,DIFARMER                                                                                                                                                                                                                                                      ,4,Pagada    ,2494.898539,0,0,0,0,0,0,0,0,15593.11587,0,1,PESOS                                                                           ,18.5385,30,SAMUEL RIVERO                           ,            ,0,0,F     ,0,       ,0,       ,LINEA     ,51TBPF01            ,PLENIFORM 40 /30 TABS.                  ,V99    ,PZA   ,270,57.752281,0,0,0,2.40E+142,                         ,                                        ,2.40E+09
N4468     ,Dev. Just.   ,17/06/2024,FAR      ,21729,14121.36649,0,DIFARMER                                                                                                                                                                                                                                                      ,4,Pagada    ,1947.774688,0,0,0,0,0,0,0,0,12173.5918,0,1,PESOS                                                                           ,18.5385,30,SAMUEL RIVERO                           ,            ,0,0,F     ,0,       ,0,       ,LINEA     ,51TBEX01            ,EXZON C/90 TABS.                        ,V99    ,PZA   ,200,60.867959,0,0,0,2.40E+09,                         ,                                        ,2.40E+09
N4469     ,Dev. Just.   ,17/06/2024,FAR      ,21702,17561.17881,0,"LEVIC, S.A. DE C.V.                                                                                                                                                                                                                                           ",281,Pagada    ,2422.23156,0,0,0,0,0,0,0,0,15138.94725,0,1,PESOS                                                                           ,18.5385,35,MARIA CRISTINA AGUILAR                  ,            ,0,0,F     ,0,       ,0,       ,LINEA     ,51TBPF01            ,PLENIFORM 40 /30 TABS.                  ,V99    ,PZA   ,270,56.070175,0,0,0,2.40E+142,                         ,                                        ,2.40E+142
N4470     ,Dev. Just.   ,17/06/2024,FAR      ,21703,17561.17881,0,"LEVIC, S.A. DE C.V.                                                                                                                                                                                                                                           ",281,Pagada    ,2422.23156,0,0,0,0,0,0,0,0,15138.94725,0,1,PESOS                                                                           ,18.5385,35,MARIA CRISTINA AGUILAR                  ,            ,0,0,F     ,0,       ,0,       ,LINEA     ,51TBPF01            ,PLENIFORM 40 /30 TABS.                  ,V99    ,PZA   ,270,56.070175,0,0,0,2.40E+142,                         ,                                        ,2.40E+142
N4471     ,Dev. Just.   ,17/06/2024,FAR      ,21728,27132.02161,0,DIFARMER                                                                                                                                                                                                                                                      ,4,Pagada    ,3742.347809,0,0,0,0,0,0,0,0,23389.67381,0,1,PESOS                                                                           ,18.5385,30,SAMUEL RIVERO                           ,            ,0,0,F     ,0,       ,0,       ,LINEA     ,51TBPF01            ,PLENIFORM 40 /30 TABS.                  ,V99    ,PZA   ,405,57.752281,0,0,0,2.40E+142,                         ,                                        ,2.40E+142
N4472     ,Dev. Just.   ,17/06/2024,FAR      ,21715,35122.35762,0,DISTRIBUIDORA FARMACEUTICA CALDERON                                                                                                                                                                                                                           ,48,Pagada    ,4844.46312,0,0,0,0,0,0,0,0,30277.8945,0,1,PESOS                                                                           ,18.5385,32,KARLA ANDREA PINZON                     ,            ,0,0,F     ,0,       ,0,       ,LINEA     ,51TBPF01            ,PLENIFORM 40 /30 TABS.                  ,V99    ,PZA   ,540,56.070175,0,0,0,2.40E+142,                         ,                                        ,2.40E+142
N4473     ,Dev. Just.   ,17/06/2024,FAR      ,21763,41760,0,FARMACIAS BENAVIDES S A B DE C V                                                                                                                                                                                                                              ,387,Pagada    ,5760,0,0,0,0,0,0,0,0,36000,0,1,PESOS                                                                           ,18.5385,34,JOSE ANTONIO CRUZ                       ,            ,0,0,F     ,0,       ,0,       ,MARCA PROP,51TBEX03            ,FIBRA/BIOFLAV/LACTOB/VITAMINAS 90 TABS  ,       ,PZA   ,450,80,0,0,9505.82025,2.40E+116,                         ,                                        ,2.40E+116
N4474     ,Dev. Just.   ,17/06/2024,FAR      ,21725,4136.584448,0,"PHARMA LIFE, S DE RL DE CV                                                                                                                                                                                                                                    ",252,Pagada    ,570.5633722,0,0,0,0,0,0,0,0,3566.021076,0,1,PESOS                                                                           ,18.5385,29,GUADALAJARA                             ,            ,0,0,F     ,0,       ,0,       ,LINEA     ,51TBCA01            ,CASTIN /50 TABS.                        ,       ,PZA   ,74,48.189474,0,0,771.57543,24D0084                       ,                         ,                                        ,24D0084                       
N4475     ,Dev. Just.   ,18/06/2024,FAR      ,21499,2926.851854,0,REMEDIO S.A. DE C.V.                                                                                                                                                                                                                                          ,110,Pagada    ,403.703704,0,0,0,0,0,0,0,0,2523.14815,0,1,PESOS                                                                           ,18.4512,32,KARLA ANDREA PINZON                     ,            ,0,0,F     ,0,       ,0,       ,LINEA     ,51CPDG05            ,D-GELAC+FS C/30 CAPS.                   ,V99    ,PZA   ,50,50.462963,0,0,0,24D0103                       ,                         ,                                        ,24D0103                       
N4480     ,Dev. Just.   ,19/06/2024,FAR      ,21727,236.6448256,0,DIFARMER                                                                                                                                                                                                                                                      ,4,Pagada    ,32.6406656,0,0,0,0,0,0,0,0,204.00416,0,1,PESOS                                                                           ,18.5248,30,SAMUEL RIVERO                           ,            ,0,0,F     ,0,       ,0,       ,LINEA     ,51CPDL01            ,DIALAVIT CAJA C/30 CAPS                 ,       ,PZA   ,2,102.00208,0,0,46.813988,23L0342                       ,                         ,                                        ,DUO24002                      
N4480     ,Dev. Just.   ,19/06/2024,FAR      ,21727,135660.1081,0,DIFARMER                                                                                                                                                                                                                                                      ,4,Pagada    ,18711.73904,0,0,0,0,0,0,0,0,116948.369,0,1,PESOS                                                                           ,18.5248,30,SAMUEL RIVERO                           ,            ,0,0,F     ,0,       ,0,       ,LINEA     ,51TBPF01            ,PLENIFORM 40 /30 TABS.                  ,V99    ,PZA   ,2025,57.752281,0,0,0,2.40E+142,                         ,                                        ,DUO24002                      
N4480     ,Dev. Just.   ,19/06/2024,FAR      ,21727,425.6594666,0,DIFARMER                                                                                                                                                                                                                                                      ,4,Pagada    ,58.71165056,0,0,0,0,0,0,0,0,366.947816,0,1,PESOS                                                                           ,18.5248,30,SAMUEL RIVERO                           ,            ,0,0,F     ,0,       ,0,       ,LINEA     ,51TGVA01            ,VANESIR DUO PACK                        ,       ,PZA   ,4,91.736954,0,0,135.3643053,DUO24002                      ,                         ,                                        ,DUO24002                      
N4481     ,Dev. Just.   ,19/06/2024,FAR      ,21820,19485.5128,0,LABORATORIO ELMOR MEXICO                                                                                                                                                                                                                                      ,368,Pagada    ,2687.656938,0,0,0,0,0,0,0,0,16797.85586,0,1,PESOS                                                                           ,18.5248,27,MEXICO                                  ,            ,0,0,F     ,0,       ,0,       ,ANT       ,CCB-0884            ,ANTICIPO                                ,       ,SER   ,1,16797.85586,0,0,0,                              ,                         ,                                        ,                              
N4487     ,Dev. Just.   ,25/06/2024,FAR      ,21730,776.6751568,0,DIFARMER                                                                                                                                                                                                                                                      ,4,Pagada    ,107.1276078,0,0,0,0,0,0,0,0,669.547549,0,1,PESOS                                                                           ,18.1848,30,SAMUEL RIVERO                           ,            ,0,0,F     ,0,       ,0,       ,LINEA     ,51TBEX01            ,EXZON C/90 TABS.                        ,V99    ,PZA   ,11,60.867959,0,0,0,2.40E+10,                         ,                                        ,2.40E+142
N4487     ,Dev. Just.   ,25/06/2024,FAR      ,21730,591.612064,0,DIFARMER                                                                                                                                                                                                                                                      ,4,Pagada    ,81.601664,0,0,0,0,0,0,0,0,510.0104,0,1,PESOS                                                                           ,18.1848,30,SAMUEL RIVERO                           ,            ,0,0,F     ,0,       ,0,       ,LINEA     ,51CPDL01            ,DIALAVIT CAJA C/30 CAPS                 ,       ,PZA   ,5,102.00208,0,0,117.03497,23L0342                       ,                         ,                                        ,2.40E+142
N4487     ,Dev. Just.   ,25/06/2024,FAR      ,21730,27132.02161,0,DIFARMER                                                                                                                                                                                                                                                      ,4,Pagada    ,3742.347809,0,0,0,0,0,0,0,0,23389.67381,0,1,PESOS                                                                           ,18.1848,30,SAMUEL RIVERO                           ,            ,0,0,F     ,0,       ,0,       ,LINEA     ,51TBPF01            ,PLENIFORM 40 /30 TABS.                  ,V99    ,PZA   ,405,57.752281,0,0,0,2.40E+142,                         ,                                        ,2.40E+142
N4488     ,Dev. Just.   ,25/06/2024,FAR      ,21692,18165.83558,0,"LEVIC, S.A. DE C.V.                                                                                                                                                                                                                                           ",281,Pagada    ,2505.632494,0,0,0,0,0,0,0,0,15660.20309,0,1,PESOS                                                                           ,18.1848,35,MARIA CRISTINA AGUILAR                  ,            ,0,0,F     ,0,       ,0,       ,LINEA     ,51TBEX01            ,EXZON C/90 TABS.                        ,V99    ,PZA   ,265,59.095106,0,0,0,2.40E+09,                         ,                                        ,2.40E+09
N4499     ,Dev. Just.   ,28/06/2024,FAR      ,21924,71920,0,LABORATORIO ELMOR MEXICO                                                                                                                                                                                                                                      ,368,Pagada    ,9920,0,0,0,0,0,0,0,0,62000,0,1,PESOS                                                                           ,18.2215,27,MEXICO                                  ,            ,0,0,F     ,0,       ,0,       ,ANT       ,CCB-0884            ,ANTICIPO                                ,       ,SER   ,1,62000,0,0,0,                              ,                         ,                                        ,                              
N4500     ,Dev. Just.   ,28/06/2024,FAR      ,21928,74657.6,0,LABORATORIO ELMOR MEXICO                                                                                                                                                                                                                                      ,368,Pagada    ,10297.6,0,0,0,0,0,0,0,0,64360,0,1,PESOS                                                                           ,18.2215,27,MEXICO                                  ,            ,0,0,F     ,0,       ,0,       ,ANT       ,CCB-0884            ,ANTICIPO                                ,       ,SER   ,1,64360,0,0,0,                              ,                         ,                                        ,                              
N4501     ,Dev. Just.   ,28/06/2024,FAR      ,21930,38332.2,0,LABORATORIO ELMOR MEXICO                                                                                                                                                                                                                                      ,368,Pagada    ,5287.2,0,0,0,0,0,0,0,0,33045,0,1,PESOS                                                                           ,18.2215,27,MEXICO                                  ,            ,0,0,F     ,0,       ,0,       ,ANT       ,CCB-0884            ,ANTICIPO                                ,       ,SER   ,1,33045,0,0,0,                              ,                         ,                                        ,                              
N4503     ,Dev. Just.   ,28/06/2024,FAR      ,21846,4057.792341,0,"BRUDIFARMA, S.A. DE C.V.                                                                                                                                                                                                                                      ",260,Pagada    ,559.6954954,0,0,0,0,0,0,0,0,3498.096846,0,1,PESOS                                                                           ,18.2215,35,MARIA CRISTINA AGUILAR                  ,            ,0,0,F     ,0,       ,0,       ,LINEA     ,51TBCA01            ,CASTIN /50 TABS.                        ,       ,PZA   ,74,47.271579,0,0,771.57543,24D0084                       ,                         ,                                        ,24D0084                       
N4504     ,Dev. Just.   ,03/07/2024,FAR      ,21918,5568,0,KPS COMERCIALIZADORA SA DE CV                                                                                                                                                                                                                                 ,439,Pagada    ,768,0,0,0,0,0,0,0,0,4800,0,1,PESOS                                                                           ,18.3897,4,DIRECTO                                 ,            ,0,0,F     ,0,       ,0,       ,MAQUILA   ,51CPFIT02           ,MULTIBLUE  PRÓBIOTIC FIT 30 CAPS PT     ,       ,PIEZA ,64,75,0,0,1825.107456,24F0168                       ,                         ,                                        ,24F0168                       
N4505     ,Dev. Just.   ,04/07/2024,FAR      ,21881,565.81668,0,PHARMA PLUS SA DE CV                                                                                                                                                                                                                                          ,435,Pagada    ,78.04368,0,0,0,0,0,0,0,0,487.773,54.197,1,PESOS                                                                           ,18.2485,36,CHANTAL FLORES                          ,            ,0,0,F     ,0,       ,0,       ,MARCA PROP,51TBVB01            ,VITAMINA B12 C/30 TABS AL NATURAL       ,       ,PZA   ,13,41.69,0,0,132.2570812,24A0016                       ,                         ,                                        ,24A0016                       
N4509     ,Dev. Just.   ,11/07/2024,FAR      ,21863,274.5648637,0,"FARMATOTAL, S.A. DE C.V.                                                                                                                                                                                                                                      ",287,Pagada    ,37.87101568,0,0,0,0,0,0,0,0,236.693848,0,1,PESOS                                                                           ,17.9428,33,TANIA CASTELLANOS                       ,            ,0,0,F     ,0,       ,0,       ,LINEA     ,51PLCV01            ,C-VYM NARANJA-MANDARINA C/11 SOBRES     ,       ,PIEZA ,4,59.173462,0,0,81.246136,24F010                        ,                         ,                                        ,24F010                        
N4510     ,Dev. Just.   ,11/07/2024,FAR      ,21991,2153.927417,0,LA MILPA CENTRAL NATURISTA S.A. DE C.V.                                                                                                                                                                                                                       ,187,Pagada    ,297.0934368,0,0,0,0,0,0,0,0,1856.83398,0,1,PESOS                                                                           ,17.9428,33,TANIA CASTELLANOS                       ,            ,0,0,F     ,0,       ,0,       ,LINEA     ,51CPDL01            ,DIALAVIT CAJA C/30 CAPS                 ,       ,PZA   ,15,123.788932,0,0,351.10491,24F0144                       ,                         ,                                        ,24F0144                       
N4513     ,Dev. Just.   ,11/07/2024,FAR      ,21854,1034.597898,0,ROSARIO MENDOZA MACEDO                                                                                                                                                                                                                                        ,8,Pagada    ,142.7031584,0,0,0,0,0,0,0,0,891.89474,0,1,PESOS                                                                           ,17.9428,32,KARLA ANDREA PINZON                     ,            ,0,0,F     ,0,       ,0,       ,LINEA     ,51PLCL01            ,COLAGENER 3 PEPINO-LIMON 150 G PT       ,V99    ,PZA   ,10,89.189474,0,0,0,23L017                        ,                         ,                                        ,23L017                        
N4519     ,Dev. Just.   ,15/07/2024,FAR      ,21855,199.9258712,0,FARMACEUTICOS TENORIO S.A. DE C.V.                                                                                                                                                                                                                            ,69,Pagada    ,27.57598224,0,0,0,0,0,0,0,0,172.349889,0,1,PESOS                                                                           ,17.8192,33,TANIA CASTELLANOS                       ,            ,0,0,F     ,0,       ,0,       ,LINEA     ,51PLCV01            ,C-VYM NARANJA-MANDARINA C/11 SOBRES     ,       ,PIEZA ,3,57.449963,0,0,60.934602,24F010                        ,                         ,                                        ,24F010                        
N4520     ,Dev. Just.   ,15/07/2024,FAR      ,21211,3922.7923,0,"LEVIC, S.A. DE C.V.                                                                                                                                                                                                                                           ",281,Pagada    ,541.0748,0,0,0,0,0,0,0,0,3381.7175,0,1,PESOS                                                                           ,17.8192,35,MARIA CRISTINA AGUILAR                  ,            ,0,0,F     ,0,       ,0,       ,LINEA     ,51PLKL01            ,KIDDYLAC 6 SOBRES DE 5GR C/U            ,       ,PZA   ,100,33.817175,0,0,725.9719,24C010                        ,                         ,                                        ,24C0064                       
N4520     ,Dev. Just.   ,15/07/2024,FAR      ,21211,8938.105254,0,"LEVIC, S.A. DE C.V.                                                                                                                                                                                                                                           ",281,Pagada    ,1232.842104,0,0,0,0,0,0,0,0,7705.26315,0,1,PESOS                                                                           ,17.8192,35,MARIA CRISTINA AGUILAR                  ,            ,0,0,F     ,0,       ,0,       ,LINEA     ,51TBCG01            ,COLAGENER C/60 TABS.                    ,V99    ,PZA   ,150,51.368421,0,0,0,24C0064                       ,                         ,                                        ,24C0064                       
N4521     ,Dev. Just.   ,15/07/2024,FAR      ,21214,2654.508272,0,"LEVIC, S.A. DE C.V.                                                                                                                                                                                                                                           ",281,Pagada    ,366.139072,0,0,0,0,0,0,0,0,2288.3692,0,1,PESOS                                                                           ,17.8192,35,MARIA CRISTINA AGUILAR                  ,            ,0,0,F     ,0,       ,0,       ,LINEA     ,51CPVF01            ,BIOMIVIT 400 30 / CAPS                  ,V99    ,PZA   ,50,45.767384,0,0,0,24C0069                       ,                         ,                                        ,24C0069                       
N4522     ,Dev. Just.   ,15/07/2024,FAR      ,21213,11917.47367,0,"LEVIC, S.A. DE C.V.                                                                                                                                                                                                                                           ",281,Pagada    ,1643.789472,0,0,0,0,0,0,0,0,10273.6842,0,1,PESOS                                                                           ,17.8192,35,MARIA CRISTINA AGUILAR                  ,            ,0,0,F     ,0,       ,0,       ,LINEA     ,51TBCG01            ,COLAGENER C/60 TABS.                    ,V99    ,PZA   ,200,51.368421,0,0,0,24C0064                       ,                         ,                                        ,24C010                        
N4522     ,Dev. Just.   ,15/07/2024,FAR      ,21213,2769.748414,0,"LEVIC, S.A. DE C.V.                                                                                                                                                                                                                                           ",281,Pagada    ,382.034264,0,0,0,0,0,0,0,0,2387.71415,0,1,PESOS                                                                           ,17.8192,35,MARIA CRISTINA AGUILAR                  ,            ,0,0,F     ,0,       ,0,       ,LINEA     ,51TBME01            ,MEM-EH C/30 TABS                        ,V99    ,PZA   ,50,47.754283,0,0,0,24C0071                       ,                         ,                                        ,24C010                        
N4522     ,Dev. Just.   ,15/07/2024,FAR      ,21213,5884.18845,0,"LEVIC, S.A. DE C.V.                                                                                                                                                                                                                                           ",281,Pagada    ,811.6122,0,0,0,0,0,0,0,0,5072.57625,0,1,PESOS                                                                           ,17.8192,35,MARIA CRISTINA AGUILAR                  ,            ,0,0,F     ,0,       ,0,       ,LINEA     ,51PLKL01            ,KIDDYLAC 6 SOBRES DE 5GR C/U            ,       ,PZA   ,150,33.817175,0,0,1088.95785,24C010                        ,                         ,                                        ,24C010                        
N4526     ,Dev. Just.   ,17/07/2024,FAR      ,22008,537.7772899,0,FARMACEUTICOS TENORIO S.A. DE C.V.                                                                                                                                                                                                                            ,69,Pagada    ,74.17617792,0,0,0,0,0,0,0,0,463.601112,0,1,PESOS                                                                           ,17.7837,33,TANIA CASTELLANOS                       ,            ,0,0,F     ,0,       ,0,       ,LINEA     ,51PLCV03            ,C-VYM CERO AZUCAR C/11 SOBRES           ,       ,PIEZA ,8,57.950139,0,0,145.425992,24D038                        ,                         ,                                        ,24D038                        
N4531     ,Dev. Just.   ,24/07/2024,FAR      ,22023,545.431536,0,PHARMA PLUS SA DE CV                                                                                                                                                                                                                                          ,435,Pagada    ,75.231936,0,0,0,0,0,0,0,0,470.1996,65.6404,1,PESOS                                                                           ,17.9107,36,CHANTAL FLORES                          ,            ,0,0,F     ,0,       ,0,       ,LINEA     ,51TGVA01            ,VANESIR DUO PACK                        ,       ,PZA   ,4,133.96,0,0,135.3643053,DUO24002                      ,                         ,                                        ,DUO24002                      
N4540     ,Dev. Just.   ,31/07/2024,FAR      ,22085,15146.47728,0,PHARMA PLUS SA DE CV                                                                                                                                                                                                                                          ,435,Pagada    ,2089.16928,0,0,0,0,0,0,0,0,13057.308,1450.812,1,PESOS                                                                           ,18.6818,36,CHANTAL FLORES                          ,            ,0,0,F     ,0,       ,0,       ,MARCA PROP,51TBVB01            ,VITAMINA B12 C/30 TABS AL NATURAL       ,       ,PZA   ,348,41.69,0,0,3540.420327,24G0176                       ,                         ,                                        ,24G0176                       
N4543     ,Dev. Just.   ,31/07/2024,FAR      ,22190,48875.904,0,LABORATORIO ELMOR MEXICO                                                                                                                                                                                                                                      ,368,Pagada    ,6741.504,0,0,0,0,0,0,0,0,42134.4,0,1,PESOS                                                                           ,18.6818,27,MEXICO                                  ,            ,0,0,F     ,0,       ,0,       ,ANT       ,CCB-0884            ,ANTICIPO                                ,       ,SER   ,1,42134.4,0,0,0,                              ,                         ,                                        ,                              
N4544     ,Dev. Just.   ,31/07/2024,FAR      ,22207,84448,0,LABORATORIO ELMOR MEXICO                                                                                                                                                                                                                                      ,368,Pagada    ,11648,0,0,0,0,0,0,0,0,72800,0,1,PESOS                                                                           ,18.6818,27,MEXICO                                  ,            ,0,0,F     ,0,       ,0,       ,ANT       ,CCB-0884            ,ANTICIPO                                ,       ,SER   ,1,72800,0,0,0,                              ,                         ,                                        ,                              
N4552     ,Dev. Just.   ,05/08/2024,FAR      ,22182,7821.2652,0,PHARMA AMIGO SA DE CV                                                                                                                                                                                                                                         ,373,Pagada    ,1078.7952,0,0,0,0,0,0,0,0,6742.47,208.53,1,PESOS                                                                           ,18.706,35,MARIA CRISTINA AGUILAR                  ,            ,0,0,F     ,0,       ,0,       ,LINEA     ,51TBCV01            ,C-VYM CON 30 TABLETAS MASTICABLES       ,V99    ,PIEZA ,150,46.34,0,0,0,24G0198                       ,                         ,                                        ,24G0198                       
N4559     ,Dev. Just.   ,07/08/2024,         ,          ,773140,0,"GRISI HNOS., S.A. DE C.V                                                                                                                                                                                                                                      ",405,Pagada    ,106640,0,0,0,0,0,0,0,0,666500,0,1,PESOS                                                                           ,19.3905,29,GUADALAJARA                             ,            ,0,0,F     ,0,       ,0,       ,MAQUILA   ,51PLCB03            ,C-BOOST NF CAJA CON 10 SOBRES DE 6 G    ,       ,PIEZA ,31000,21.5,0,0,0,23K024                        ,                         ,                                        ,23K024                        
N4560     ,Dev. Just.   ,07/08/2024,         ,          ,779649.34,0,"GRISI HNOS., S.A. DE C.V                                                                                                                                                                                                                                      ",405,Pagada    ,107537.84,0,0,0,0,0,0,0,0,672111.5,0,1,PESOS                                                                           ,19.3905,29,GUADALAJARA                             ,            ,0,0,F     ,0,       ,0,       ,MAQUILA   ,51PLCB03            ,C-BOOST NF CAJA CON 10 SOBRES DE 6 G    ,       ,PIEZA ,31261,21.5,0,0,0,23L007                        ,                         ,                                        ,23L007                        
N4561     ,Dev. Just.   ,07/08/2024,         ,          ,127934.2656,0,"GRISI HNOS., S.A. DE C.V                                                                                                                                                                                                                                      ",405,Pagada    ,17646.1056,0,0,0,0,0,0,0,0,110288.16,0,1,PESOS                                                                           ,19.3905,29,GUADALAJARA                             ,            ,0,0,F     ,0,       ,0,       ,MAQUILA   ,51PLCB01            ,C-BOOST CAJA CON 10 SOBRES DE 8G        ,       ,PIEZA ,5282,20.88,0,0,0,23J034                        ,                         ,                                        ,23J034                        
N4562     ,Dev. Just.   ,07/08/2024,         ,          ,128055.3696,0,"GRISI HNOS., S.A. DE C.V                                                                                                                                                                                                                                      ",405,Pagada    ,17662.8096,0,0,0,0,0,0,0,0,110392.56,0,1,PESOS                                                                           ,19.3905,29,GUADALAJARA                             ,            ,0,0,F     ,0,       ,0,       ,MAQUILA   ,51PLCB01            ,C-BOOST CAJA CON 10 SOBRES DE 8G        ,       ,PIEZA ,5287,20.88,0,0,0,23J036                        ,                         ,                                        ,23J036                        
N4563     ,Dev. Just.   ,08/08/2024,FAR      ,22205,71152.776,0,PHARMA PLUS SA DE CV                                                                                                                                                                                                                                          ,435,Pagada    ,9814.176,0,0,0,0,0,0,0,0,61338.6,6815.4,1,PESOS                                                                           ,19.33,36,CHANTAL FLORES                          ,            ,0,0,F     ,0,       ,0,       ,MARCA PROP,51CPOM02            ,OMEGA 3 C/60 CAPS AL NATURAL            ,       ,PZA   ,614,111,0,0,478.92,24G047                        ,                         ,                                        ,24G048                        
N4563     ,Dev. Just.   ,08/08/2024,FAR      ,22205,24451.524,0,PHARMA PLUS SA DE CV                                                                                                                                                                                                                                          ,435,Pagada    ,3372.624,0,0,0,0,0,0,0,0,21078.9,2342.1,1,PESOS                                                                           ,19.33,36,CHANTAL FLORES                          ,            ,0,0,F     ,0,       ,0,       ,MARCA PROP,51CPOM01            ,"OMEGA 3, 6 Y 9 C/60 CAPS AL NATURAL     ",       ,PZA   ,211,111,0,0,1156.929831,24G048                        ,                         ,                                        ,24G048                        
N4564     ,Dev. Just.   ,08/08/2024,FAR      ,22165,3394.18755,0,PHARMA PLUS SA DE CV                                                                                                                                                                                                                                          ,435,Pagada    ,468.1638,0,0,0,0,0,0,0,0,2926.02375,408.47625,1,PESOS                                                                           ,19.33,36,CHANTAL FLORES                          ,            ,0,0,F     ,0,       ,0,       ,LINEA     ,51TBME01            ,MEM-EH C/30 TABS                        ,V99    ,PZA   ,50,66.69,0,0,0,24G0185                       ,                         ,                                        ,24G0185                       
N4566     ,Dev. Just.   ,08/08/2024,FAR      ,22172,1550.46528,0,PHARMA PLUS SA DE CV                                                                                                                                                                                                                                          ,435,Pagada    ,213.85728,0,0,0,0,0,0,0,0,1336.608,186.592,1,PESOS                                                                           ,19.33,36,CHANTAL FLORES                          ,            ,0,0,F     ,0,       ,0,       ,LINEA     ,51CPVB02            ,VITABIOM Q10 /30 CAPS.                  ,V99    ,PZA   ,20,76.16,0,0,0,24G0180                       ,                         ,                                        ,24G0180                       
N4570     ,Dev. Just.   ,09/08/2024,FAR      ,22119,3394.18755,0,PHARMA PLUS SA DE CV                                                                                                                                                                                                                                          ,435,Pagada    ,468.1638,0,0,0,0,0,0,0,0,2926.02375,408.47625,1,PESOS                                                                           ,19.189,36,CHANTAL FLORES                          ,            ,0,0,F     ,0,       ,0,       ,LINEA     ,51TBME01            ,MEM-EH C/30 TABS                        ,V99    ,PZA   ,50,66.69,0,0,0,24G0185                       ,                         ,                                        ,24G0185                       
N4575     ,Dev. Just.   ,13/08/2024,FAR      ,22173,11429.7816,0,PHARMA AMIGO SA DE CV                                                                                                                                                                                                                                         ,373,Pagada    ,1576.5216,0,0,0,0,0,0,0,0,9853.26,304.74,1,PESOS                                                                           ,18.8368,35,MARIA CRISTINA AGUILAR                  ,            ,0,0,F     ,0,       ,0,       ,LINEA     ,51CPVB02            ,VITABIOM Q10 /30 CAPS.                  ,V99    ,PZA   ,200,50.79,0,0,0,24G0180                       ,                         ,                                        ,24G0180                       
N4576     ,Dev. Just.   ,13/08/2024,FAR      ,22183,57148.908,0,PHARMA AMIGO SA DE CV                                                                                                                                                                                                                                         ,373,Pagada    ,7882.608,0,0,0,0,0,0,0,0,49266.3,1523.7,1,PESOS                                                                           ,18.8368,35,MARIA CRISTINA AGUILAR                  ,            ,0,0,F     ,0,       ,0,       ,LINEA     ,51CPVB02            ,VITABIOM Q10 /30 CAPS.                  ,V99    ,PZA   ,1000,50.79,0,0,0,24G0180                       ,                         ,                                        ,24G0180                       
N4584     ,Dev. Just.   ,19/08/2024,FAR      ,22305,42914.2,0,BOREAL FARMACEUTICA                                                                                                                                                                                                                                           ,350,Pagada    ,5919.2,0,0,0,0,0,0,0,0,36995,0,1,PESOS                                                                           ,18.6513,29,GUADALAJARA                             ,            ,0,0,F     ,0,       ,0,       ,ANT       ,CCB-0884            ,ANTICIPO                                ,       ,SER   ,1,36995,0,0,0,                              ,                         ,                                        ,                              
N4585     ,Dev. Just.   ,19/08/2024,FAR      ,22319,31817.06,0,BOREAL FARMACEUTICA                                                                                                                                                                                                                                           ,350,Pagada    ,4388.56,0,0,0,0,0,0,0,0,27428.5,0,1,PESOS                                                                           ,18.6513,29,GUADALAJARA                             ,            ,0,0,F     ,0,       ,0,       ,ANT       ,CCB-0884            ,ANTICIPO                                ,       ,SER   ,1,27428.5,0,0,0,                              ,                         ,                                        ,                              
N4596     ,Dev. Just.   ,21/08/2024,FAR      ,20445,34.9972,0,FARMACIAS DE SIMILARES SA DE CV                                                                                                                                                                                                                               ,443,Pagada    ,4.8272,0,0,0,0,0,0,0,0,30.17,0,1,PESOS                                                                           ,18.7357,4,DIRECTO                                 ,            ,0,0,F     ,0,       ,0,       ,MAQUILA   ,51PLFX02            ,FIBOTAX SIMILARES 10g C/10 SOBRES       ,       ,PIEZA ,1,30.17,0,0,18.9063924,23J013                        ,                         ,                                        ,23J013                        
N4597     ,Dev. Just.   ,21/08/2024,FAR      ,21340,314.9748,0,FARMACIAS DE SIMILARES SA DE CV                                                                                                                                                                                                                               ,443,Pagada    ,43.4448,0,0,0,0,0,0,0,0,271.53,0,1,PESOS                                                                           ,18.7357,4,DIRECTO                                 ,            ,0,0,F     ,0,       ,0,       ,MAQUILA   ,51PLFX02            ,FIBOTAX SIMILARES 10g C/10 SOBRES       ,       ,PIEZA ,9,30.17,0,0,154.8690195,24D022                        ,                         ,                                        ,24D022                        
N4598     ,Dev. Just.   ,21/08/2024,FAR      ,21317,34.9972,0,FARMACIAS DE SIMILARES SA DE CV                                                                                                                                                                                                                               ,443,Pagada    ,4.8272,0,0,0,0,0,0,0,0,30.17,0,1,PESOS                                                                           ,18.7357,4,DIRECTO                                 ,            ,0,0,F     ,0,       ,0,       ,MAQUILA   ,51PLFX02            ,FIBOTAX SIMILARES 10g C/10 SOBRES       ,       ,PIEZA ,1,30.17,0,0,17.20766883,24D012                        ,                         ,                                        ,24D012                        
N4599     ,Dev. Just.   ,21/08/2024,FAR      ,22096,104.9916,0,FARMACIAS DE SIMILARES SA DE CV                                                                                                                                                                                                                               ,443,Pagada    ,14.4816,0,0,0,0,0,0,0,0,90.51,0,1,PESOS                                                                           ,18.7357,4,DIRECTO                                 ,            ,0,0,F     ,0,       ,0,       ,MAQUILA   ,51PLFX02            ,FIBOTAX SIMILARES 10g C/10 SOBRES       ,       ,PIEZA ,3,30.17,0,0,51.62300649,24D022                        ,                         ,                                        ,24D022                        
N4625     ,Dev. Just.   ,30/08/2024,FAR      ,22444,55763.52,0,LABORATORIO ELMOR MEXICO                                                                                                                                                                                                                                      ,368,Pagada    ,7691.52,0,0,0,0,0,0,0,0,48072,0,1,PESOS                                                                           ,19.6037,27,MEXICO                                  ,            ,0,0,F     ,0,       ,0,       ,ANT       ,CCB-0884            ,ANTICIPO                                ,       ,SER   ,1,48072,0,0,0,                              ,                         ,                                        ,                              
N4626     ,Dev. Just.   ,30/08/2024,FAR      ,22447,71108,0,LABORATORIO ELMOR MEXICO                                                                                                                                                                                                                                      ,368,Pagada    ,9808,0,0,0,0,0,0,0,0,61300,0,1,PESOS                                                                           ,19.6037,27,MEXICO                                  ,            ,0,0,F     ,0,       ,0,       ,ANT       ,CCB-0884            ,ANTICIPO                                ,       ,SER   ,1,61300,0,0,0,                              ,                         ,                                        ,                              
N4628     ,Dev. Just.   ,30/08/2024,FAR      ,22381,2824.368,0,"BRUDIFARMA, S.A. DE C.V.                                                                                                                                                                                                                                      ",260,Pagada    ,389.568,0,0,0,0,0,0,0,0,2434.8,0,1,PESOS                                                                           ,19.6037,35,MARIA CRISTINA AGUILAR                  ,            ,0,0,F     ,0,       ,0,       ,LINEA     ,51TBEX01            ,EXZON C/90 TABS.                        ,V99    ,PZA   ,40,60.87,0,0,0,24G024                        ,                         ,                                        ,24G0180                       
N4628     ,Dev. Just.   ,30/08/2024,FAR      ,22381,16946.208,0,"BRUDIFARMA, S.A. DE C.V.                                                                                                                                                                                                                                      ",260,Pagada    ,2337.408,0,0,0,0,0,0,0,0,14608.8,0,1,PESOS                                                                           ,19.6037,35,MARIA CRISTINA AGUILAR                  ,            ,0,0,F     ,0,       ,0,       ,LINEA     ,51TBEX01            ,EXZON C/90 TABS.                        ,V99    ,PZA   ,240,60.87,0,0,0,24H019                        ,                         ,                                        ,24G0180                       
N4628     ,Dev. Just.   ,30/08/2024,FAR      ,22381,3163.32,0,"BRUDIFARMA, S.A. DE C.V.                                                                                                                                                                                                                                      ",260,Pagada    ,436.32,0,0,0,0,0,0,0,0,2727,0,1,PESOS                                                                           ,19.6037,35,MARIA CRISTINA AGUILAR                  ,            ,0,0,F     ,0,       ,0,       ,LINEA     ,51CPVT03            ,VITEM 3RA /30 CAPS.                     ,V99    ,PZA   ,50,54.54,0,0,0,24H0207                       ,                         ,                                        ,24G0180                       
N4628     ,Dev. Just.   ,30/08/2024,FAR      ,22381,14121.84,0,"BRUDIFARMA, S.A. DE C.V.                                                                                                                                                                                                                                      ",260,Pagada    ,1947.84,0,0,0,0,0,0,0,0,12174,0,1,PESOS                                                                           ,19.6037,35,MARIA CRISTINA AGUILAR                  ,            ,0,0,F     ,0,       ,0,       ,LINEA     ,51TBEX01            ,EXZON C/90 TABS.                        ,V99    ,PZA   ,200,60.87,0,0,0,24G004                        ,                         ,                                        ,24G0180                       
N4628     ,Dev. Just.   ,30/08/2024,FAR      ,22381,2250.4,0,"BRUDIFARMA, S.A. DE C.V.                                                                                                                                                                                                                                      ",260,Pagada    ,310.4,0,0,0,0,0,0,0,0,1940,0,1,PESOS                                                                           ,19.6037,35,MARIA CRISTINA AGUILAR                  ,            ,0,0,F     ,0,       ,0,       ,LINEA     ,51TBTM01            ,TAMARIN-LX /30 CAPS.                    ,V99    ,PZA   ,50,38.8,0,0,0,24G0189                       ,                         ,                                        ,24G0180                       
N4628     ,Dev. Just.   ,30/08/2024,FAR      ,22381,1389.97,0,"BRUDIFARMA, S.A. DE C.V.                                                                                                                                                                                                                                      ",260,Pagada    ,191.72,0,0,0,0,0,0,0,0,1198.25,0,1,PESOS                                                                           ,19.6037,35,MARIA CRISTINA AGUILAR                  ,            ,0,0,F     ,0,       ,0,       ,LINEA     ,51JBNC01            ,NATUBRON CERO JARABE 240 ML             ,       ,PZA   ,25,47.93,0,0,279.87655,24G0190                       ,                         ,                                        ,24G0180                       
N4628     ,Dev. Just.   ,30/08/2024,FAR      ,22381,5891.64,0,"BRUDIFARMA, S.A. DE C.V.                                                                                                                                                                                                                                      ",260,Pagada    ,812.64,0,0,0,0,0,0,0,0,5079,0,1,PESOS                                                                           ,19.6037,35,MARIA CRISTINA AGUILAR                  ,            ,0,0,F     ,0,       ,0,       ,LINEA     ,51CPVB02            ,VITABIOM Q10 /30 CAPS.                  ,V99    ,PZA   ,100,50.79,0,0,0,24G0180                       ,                         ,                                        ,24G0180                       
N4629     ,Dev. Just.   ,02/09/2024,FAR      ,22144,94930.4328,0,ASPEN LABS                                                                                                                                                                                                                                                    ,411,Pagada    ,13093.8528,0,0,0,0,0,0,0,0,81836.58,0,1,PESOS                                                                           ,19.6535,29,GUADALAJARA                             ,            ,0,0,F     ,0,       ,0,       ,TOLL MAQUI,51PLAB01            ,ABLAZOR CAJA CON 30 SOBRES 10G MEXICO   ,V99    ,PZA   ,813,100.66,0,0,0,24G007                        ,                         ,                                        ,24G007                        
N4630     ,Dev. Just.   ,02/09/2024,FAR      ,22145,94580.136,0,ASPEN LABS                                                                                                                                                                                                                                                    ,411,Pagada    ,13045.536,0,0,0,0,0,0,0,0,81534.6,0,1,PESOS                                                                           ,19.6535,29,GUADALAJARA                             ,            ,0,0,F     ,0,       ,0,       ,TOLL MAQUI,51PLAB01            ,ABLAZOR CAJA CON 30 SOBRES 10G MEXICO   ,V99    ,PZA   ,810,100.66,0,0,0,24G008                        ,                         ,                                        ,24G008                        
N4631     ,Dev. Just.   ,02/09/2024,FAR      ,22146,94813.6672,0,ASPEN LABS                                                                                                                                                                                                                                                    ,411,Pagada    ,13077.7472,0,0,0,0,0,0,0,0,81735.92,0,1,PESOS                                                                           ,19.8168,29,GUADALAJARA                             ,            ,0,0,F     ,0,       ,0,       ,TOLL MAQUI,51PLAB01            ,ABLAZOR CAJA CON 30 SOBRES 10G MEXICO   ,V99    ,PZA   ,812,100.66,0,0,0,24G009                        ,                         ,                                        ,24G009                        
N4632     ,Dev. Just.   ,02/09/2024,FAR      ,22147,94930.4328,0,ASPEN LABS                                                                                                                                                                                                                                                    ,411,Pagada    ,13093.8528,0,0,0,0,0,0,0,0,81836.58,0,1,PESOS                                                                           ,19.8168,29,GUADALAJARA                             ,            ,0,0,F     ,0,       ,0,       ,TOLL MAQUI,51PLAB01            ,ABLAZOR CAJA CON 30 SOBRES 10G MEXICO   ,V99    ,PZA   ,813,100.66,0,0,0,24G010                        ,                         ,                                        ,24G010                        
N4634     ,Dev. Just.   ,02/09/2024,FAR      ,22385,342988.8,0,"GRISI HNOS., S.A. DE C.V                                                                                                                                                                                                                                      ",405,Pagada    ,47308.8,0,0,0,0,0,0,0,0,295680,0,1,PESOS                                                                           ,19.8168,29,GUADALAJARA                             ,            ,0,0,F     ,0,       ,0,       ,MAQUILA   ,51PLCB04            ,C-BOOST NF CAJA CON 15 SOBRES DE 6 G    ,       ,PIEZA ,9600,30.8,0,0,157501.488,24H024                        ,                         ,                                        ,24H024                        
N4636     ,Dev. Just.   ,04/09/2024,         ,          ,128273.3568,0,"GRISI HNOS., S.A. DE C.V                                                                                                                                                                                                                                      ",405,Pagada    ,17692.8768,0,0,0,0,0,0,0,0,110580.48,0,1,PESOS                                                                           ,19.798,29,GUADALAJARA                             ,            ,0,0,F     ,0,       ,0,       ,MAQUILA   ,51PLCB01            ,C-BOOST CAJA CON 10 SOBRES DE 8G        ,       ,PIEZA ,5296,20.88,0,0,0,23J035                        ,                         ,                                        ,23J035                        
N4639     ,Dev. Just.   ,04/09/2024,         ,          ,102729.4144,0,"GRISI HNOS., S.A. DE C.V                                                                                                                                                                                                                                      ",405,Pagada    ,14169.5744,0,0,0,0,0,0,0,0,88559.84,0,1,PESOS                                                                           ,19.798,29,GUADALAJARA                             ,            ,0,0,F     ,0,       ,0,       ,MAQUILA   ,51PLCB01            ,C-BOOST CAJA CON 10 SOBRES DE 8G        ,       ,PIEZA ,5284,16.76,0,0,0,23J039                        ,                         ,                                        ,23J039                        
N4640     ,Dev. Just.   ,04/09/2024,         ,          ,103234.896,0,"GRISI HNOS., S.A. DE C.V                                                                                                                                                                                                                                      ",405,Pagada    ,14239.296,0,0,0,0,0,0,0,0,88995.6,0,1,PESOS                                                                           ,19.798,29,GUADALAJARA                             ,            ,0,0,F     ,0,       ,0,       ,MAQUILA   ,51PLCB01            ,C-BOOST CAJA CON 10 SOBRES DE 8G        ,       ,PIEZA ,5310,16.76,0,0,0,23J040                        ,                         ,                                        ,23J040                        
N4641     ,Dev. Just.   ,04/09/2024,         ,          ,102729.4144,0,"GRISI HNOS., S.A. DE C.V                                                                                                                                                                                                                                      ",405,Pagada    ,14169.5744,0,0,0,0,0,0,0,0,88559.84,0,1,PESOS                                                                           ,19.798,29,GUADALAJARA                             ,            ,0,0,F     ,0,       ,0,       ,MAQUILA   ,51PLCB01            ,C-BOOST CAJA CON 10 SOBRES DE 8G        ,       ,PIEZA ,5284,16.76,0,0,0,23J044                        ,                         ,                                        ,23J044                        
N4642     ,Dev. Just.   ,04/09/2024,         ,          ,112950.36,0,"GRISI HNOS., S.A. DE C.V                                                                                                                                                                                                                                      ",405,Pagada    ,15579.36,0,0,0,0,0,0,0,0,97371,0,1,PESOS                                                                           ,19.798,29,GUADALAJARA                             ,            ,0,0,F     ,0,       ,0,       ,MAQUILA   ,51PLCB02            ,C-BOOST MANDARINA CAJA C/30 SOBRES DE 8 ,       ,PIEZA ,1745,55.8,0,0,0,23J047                        ,                         ,                                        ,23J047                        
N4644     ,Dev. Just.   ,04/09/2024,         ,          ,104470.992,0,"GRISI HNOS., S.A. DE C.V                                                                                                                                                                                                                                      ",405,Pagada    ,14409.792,0,0,0,0,0,0,0,0,90061.2,0,1,PESOS                                                                           ,19.798,29,GUADALAJARA                             ,            ,0,0,F     ,0,       ,0,       ,MAQUILA   ,51PLCB02            ,C-BOOST MANDARINA CAJA C/30 SOBRES DE 8 ,       ,PIEZA ,1614,55.8,0,0,0,23J033                        ,                         ,                                        ,23J033                        
N4649     ,Dev. Just.   ,05/09/2024,FAR      ,22124,12599.49312,0,PHARMA PLUS SA DE CV                                                                                                                                                                                                                                          ,435,Pagada    ,1737.86112,0,0,0,0,0,0,0,0,10861.632,1206.848,1,PESOS                                                                           ,19.8335,36,CHANTAL FLORES                          ,            ,0,0,F     ,0,       ,0,       ,MARCA PROP,51TBZN01            ,ZINC C/30 TABS AL NATURAL               ,       ,PZA   ,218,55.36,0,0,2295.013079,24G0188                       ,                         ,                                        ,24G0188                       
N4653     ,Dev. Just.   ,10/09/2024,FAR      ,22512,1943,0,FARMACIAS BENAVIDES S A B DE C V                                                                                                                                                                                                                              ,387,Pagada    ,268,0,0,0,0,0,0,0,0,1675,0,1,PESOS                                                                           ,20.0172,38,ERNESTO MURILLO                         ,            ,0,0,F     ,0,       ,0,       ,MARCA PROP,51TBVK01            ,VITAMINA C Y BIOFLAVONOIDES FCO/60 TABS ,       ,PIEZA ,50,33.5,0,0,459.771412,23G026                        ,                         ,                                        ,2.40E+116
N4653     ,Dev. Just.   ,10/09/2024,FAR      ,22512,278.4,0,FARMACIAS BENAVIDES S A B DE C V                                                                                                                                                                                                                              ,387,Pagada    ,38.4,0,0,0,0,0,0,0,0,240,0,1,PESOS                                                                           ,20.0172,38,ERNESTO MURILLO                         ,            ,0,0,F     ,0,       ,0,       ,MARCA PROP,51TBEX03            ,FIBRA/BIOFLAV/LACTOB/VITAMINAS 90 TABS  ,       ,PZA   ,3,80,0,0,63.372135,2.40E+116,                         ,                                        ,2.40E+116
N4656     ,Dev. Just.   ,10/09/2024,FAR      ,22256,526.76325,0,PHARMA PLUS SA DE CV                                                                                                                                                                                                                                          ,435,Pagada    ,72.657,0,0,0,0,0,0,0,0,454.10625,63.39375,1,PESOS                                                                           ,20.0172,36,CHANTAL FLORES                          ,            ,0,0,F     ,0,       ,0,       ,LINEA     ,51PLKL01            ,KIDDYLAC 6 SOBRES DE 5GR C/U            ,       ,PZA   ,9,57.5,0,0,65.337471,24F005                        ,                         ,                                        ,24F005                        
N4670     ,Dev. Just.   ,12/09/2024,FAR      ,22463,34244.16692,0,ROSARIO MENDOZA MACEDO                                                                                                                                                                                                                                        ,8,Pagada    ,4723.333368,0,0,0,0,0,0,0,0,29520.83355,0,1,PESOS                                                                           ,20.0583,33,TANIA CASTELLANOS                       ,            ,0,0,F     ,0,       ,0,       ,LINEA     ,51CPDG05            ,D-GELAC+FS C/30 CAPS.                   ,V99    ,PZA   ,650,45.416667,0,0,0,24G0187                       ,                         ,                                        ,24H0208                       
N4670     ,Dev. Just.   ,12/09/2024,FAR      ,22463,68550.32296,0,ROSARIO MENDOZA MACEDO                                                                                                                                                                                                                                        ,8,Pagada    ,9455.21696,0,0,0,0,0,0,0,0,59095.106,0,1,PESOS                                                                           ,20.0583,33,TANIA CASTELLANOS                       ,            ,0,0,F     ,0,       ,0,       ,LINEA     ,51TBEX01            ,EXZON C/90 TABS.                        ,V99    ,PZA   ,1000,59.095106,0,0,0,24H021                        ,                         ,                                        ,24H0208                       
N4670     ,Dev. Just.   ,12/09/2024,FAR      ,22463,15295.29078,0,ROSARIO MENDOZA MACEDO                                                                                                                                                                                                                                        ,8,Pagada    ,2109.69528,0,0,0,0,0,0,0,0,13185.5955,0,1,PESOS                                                                           ,20.0583,33,TANIA CASTELLANOS                       ,            ,0,0,F     ,0,       ,0,       ,LINEA     ,51TBTM01            ,TAMARIN-LX /30 CAPS.                    ,V99    ,PZA   ,350,37.67313,0,0,0,24H0217                       ,                         ,                                        ,24H0208                       
N4670     ,Dev. Just.   ,12/09/2024,FAR      ,22463,28598.33782,0,ROSARIO MENDOZA MACEDO                                                                                                                                                                                                                                        ,8,Pagada    ,3944.59832,0,0,0,0,0,0,0,0,24653.7395,0,1,PESOS                                                                           ,20.0583,33,TANIA CASTELLANOS                       ,            ,0,0,F     ,0,       ,0,       ,LINEA     ,51CPVB02            ,VITABIOM Q10 /30 CAPS.                  ,V99    ,PZA   ,500,49.307479,0,0,0,24H0208                       ,                         ,                                        ,24H0208                       
N4671     ,Dev. Just.   ,13/09/2024,FAR      ,22518,3886,0,FARMACIAS BENAVIDES S A B DE C V                                                                                                                                                                                                                              ,387,Pagada    ,536,0,0,0,0,0,0,0,0,3350,0,1,PESOS                                                                           ,19.839,38,ERNESTO MURILLO                         ,            ,0,0,F     ,0,       ,0,       ,MARCA PROP,51TBVK01            ,VITAMINA C Y BIOFLAVONOIDES FCO/60 TABS ,       ,PIEZA ,100,33.5,0,0,919.542824,23G026                        ,                         ,                                        ,23G026                        
N4674     ,Dev. Just.   ,18/09/2024,FAR      ,22463,3071.21281,0,ROSARIO MENDOZA MACEDO                                                                                                                                                                                                                                        ,8,Pagada    ,423.61556,0,0,0,0,0,0,0,0,2647.59725,0,1,PESOS                                                                           ,19.2483,33,TANIA CASTELLANOS                       ,            ,0,0,F     ,0,       ,0,       ,LINEA     ,51CPVT03            ,VITEM 3RA /30 CAPS.                     ,V99    ,PZA   ,50,52.951945,0,0,0,24H0207                       ,                         ,                                        ,24H0207                       
N4678     ,Dev. Just.   ,20/09/2024,         ,          ,365.059656,0,PHARMA PLUS SA DE CV                                                                                                                                                                                                                                          ,435,Pagada    ,50.353056,0,0,0,0,0,0,0,0,314.7066,43.9334,1,PESOS                                                                           ,19.3033,36,CHANTAL FLORES                          ,            ,0,0,F     ,0,       ,0,       ,LINEA     ,51TBBH01            ,BIOVIT FOR MEN FRASCO CON 30 TABLETS    ,V99    ,PZA   ,4,89.66,0,0,0,22J0428                       ,                         ,                                        ,22D0141                       
N4678     ,Dev. Just.   ,20/09/2024,         ,          ,58.539429,0,PHARMA PLUS SA DE CV                                                                                                                                                                                                                                          ,435,Pagada    ,8.074404,0,0,0,0,0,0,0,0,50.465025,7.044975,1,PESOS                                                                           ,19.3033,36,CHANTAL FLORES                          ,            ,0,0,F     ,0,       ,0,       ,LINEA     ,51PLKL01            ,KIDDYLAC 6 SOBRES DE 5GR C/U            ,       ,PZA   ,1,57.51,0,0,0,22J044                        ,                         ,                                        ,22D0141                       
N4678     ,Dev. Just.   ,20/09/2024,         ,          ,7235.884656,0,PHARMA PLUS SA DE CV                                                                                                                                                                                                                                          ,435,Pagada    ,998.053056,0,0,0,0,0,0,0,0,6237.8316,870.8084,1,PESOS                                                                           ,19.3033,36,CHANTAL FLORES                          ,            ,0,0,F     ,0,       ,0,       ,LINEA     ,51PLPC01            ,COLAGENER 6 PIÑA 300 G                  ,V99    ,PZA   ,22,323.12,0,0,0,22J039                        ,                         ,                                        ,22D0141                       
N4678     ,Dev. Just.   ,20/09/2024,         ,          ,77.523264,0,PHARMA PLUS SA DE CV                                                                                                                                                                                                                                          ,435,Pagada    ,10.692864,0,0,0,0,0,0,0,0,66.8304,9.3296,1,PESOS                                                                           ,19.3033,36,CHANTAL FLORES                          ,            ,0,0,F     ,0,       ,0,       ,LINEA     ,51CPVB02            ,VITABIOM Q10 /30 CAPS.                  ,V99    ,PZA   ,1,76.16,0,0,0,22D0141                       ,                         ,                                        ,22D0141                       
N4679     ,Dev. Just.   ,20/09/2024,         ,          ,1153.850724,0,PHARMA PLUS SA DE CV                                                                                                                                                                                                                                          ,435,Pagada    ,159.151824,0,0,0,0,0,0,0,0,994.6989,138.8611,1,PESOS                                                                           ,19.3033,36,CHANTAL FLORES                          ,            ,0,0,F     ,0,       ,0,       ,LINEA     ,51TBME01            ,MEM-EH C/30 TABS                        ,V99    ,PZA   ,17,66.68,0,0,0,24G0185                       ,                         ,                                        ,24G0189                       
N4679     ,Dev. Just.   ,20/09/2024,         ,          ,6223.522032,0,PHARMA PLUS SA DE CV                                                                                                                                                                                                                                          ,435,Pagada    ,858.416832,0,0,0,0,0,0,0,0,5365.1052,748.9748,1,PESOS                                                                           ,19.3033,36,CHANTAL FLORES                          ,            ,0,0,F     ,0,       ,0,       ,LINEA     ,51TBTM01            ,TAMARIN-LX /30 CAPS.                    ,V99    ,PZA   ,103,59.36,0,0,0,24G0189                       ,                         ,                                        ,24G0189                       
N4680     ,Dev. Just.   ,20/09/2024,         ,          ,69.919551,0,PHARMA PLUS SA DE CV                                                                                                                                                                                                                                          ,435,Pagada    ,9.644076,0,0,0,0,0,0,0,0,60.275475,8.414525,1,PESOS                                                                           ,19.3033,36,CHANTAL FLORES                          ,            ,0,0,F     ,0,       ,0,       ,LINEA     ,51TBEX01            ,EXZON C/90 TABS.                        ,V99    ,PZA   ,1,68.69,0,0,0,24B049                        ,                         ,                                        ,G23003                        
N4680     ,Dev. Just.   ,20/09/2024,         ,          ,332.720973,0,PHARMA PLUS SA DE CV                                                                                                                                                                                                                                          ,435,Pagada    ,45.892548,0,0,0,0,0,0,0,0,286.828425,40.041575,1,PESOS                                                                           ,19.3033,36,CHANTAL FLORES                          ,            ,0,0,F     ,0,       ,0,       ,MARCA PROP,51PLVC01            ,COLÁGENO SABOR VAINILLA BOLSA CON 600 g ,       ,PZA   ,1,326.87,0,0,0,24G016                        ,                         ,                                        ,G23003                        
N4680     ,Dev. Just.   ,20/09/2024,         ,          ,175.150053,0,PHARMA PLUS SA DE CV                                                                                                                                                                                                                                          ,435,Pagada    ,24.158628,0,0,0,0,0,0,0,0,150.991425,21.078575,1,PESOS                                                                           ,19.3033,36,CHANTAL FLORES                          ,            ,0,0,F     ,0,       ,0,       ,MARCA PROP,51PLCCH01           ,COLÁGENO SABOR CHOCOLATE BOLSA CON 300 g,       ,PZA   ,1,172.07,0,0,0,23C008                        ,                         ,                                        ,G23003                        
N4680     ,Dev. Just.   ,20/09/2024,         ,          ,71.253,0,PHARMA PLUS SA DE CV                                                                                                                                                                                                                                          ,435,Pagada    ,9.828,0,0,0,0,0,0,0,0,61.425,8.575,1,PESOS                                                                           ,19.3033,36,CHANTAL FLORES                          ,            ,0,0,F     ,0,       ,0,       ,LINEA     ,51CPVB02            ,VITABIOM Q10 /30 CAPS.                  ,V99    ,PZA   ,1,70,0,0,0,22D0141                       ,                         ,                                        ,G23003                        
N4680     ,Dev. Just.   ,20/09/2024,         ,          ,353.31309,0,PHARMA PLUS SA DE CV                                                                                                                                                                                                                                          ,435,Pagada    ,48.73284,0,0,0,0,0,0,0,0,304.58025,42.51975,1,PESOS                                                                           ,19.3033,36,CHANTAL FLORES                          ,            ,0,0,F     ,0,       ,0,       ,LINEA     ,51GLVA04            ,VANESIR GEL 200 G                       ,       ,PZA   ,13,26.7,0,0,0,G23003                        ,                         ,                                        ,G23003                        
N4688     ,Dev. Just.   ,20/09/2024,FAR      ,22660,63544.8,0,LABORATORIO ELMOR MEXICO                                                                                                                                                                                                                                      ,368,Pagada    ,8764.8,0,0,0,0,0,0,0,0,54780,0,1,PESOS                                                                           ,19.3033,27,MEXICO                                  ,            ,0,0,F     ,0,       ,0,       ,ANT       ,CCB-0884            ,ANTICIPO                                ,       ,SER   ,1,54780,0,0,0,                              ,                         ,                                        ,                              
N4689     ,Dev. Just.   ,23/09/2024,FAR      ,21990,586.3104,0,PHARMA PLUS SA DE CV                                                                                                                                                                                                                                          ,435,Pagada    ,80.8704,0,0,0,0,0,0,0,0,505.44,70.56,1,PESOS                                                                           ,19.2773,36,CHANTAL FLORES                          ,            ,0,0,F     ,0,       ,0,       ,LINEA     ,51CPDL01            ,DIALAVIT CAJA C/30 CAPS                 ,       ,PZA   ,4,144,0,0,93.627976,24F0144                       ,                         ,                                        ,24F0144                       
N4699     ,Dev. Just.   ,24/09/2024,FAR      ,22583,16660.48927,0,ROSARIO MENDOZA MACEDO                                                                                                                                                                                                                                        ,8,Pagada    ,2297.99852,0,0,0,0,0,0,0,0,14362.49075,0,1,PESOS                                                                           ,19.3725,33,TANIA CASTELLANOS                       ,            ,0,0,F     ,0,       ,0,       ,LINEA     ,51PLCV01            ,C-VYM NARANJA-MANDARINA C/11 SOBRES     ,       ,PIEZA ,250,57.449963,0,0,5077.8835,24H026                        ,                         ,                                        ,24H021                        
N4699     ,Dev. Just.   ,24/09/2024,FAR      ,22583,26220.49848,0,ROSARIO MENDOZA MACEDO                                                                                                                                                                                                                                        ,8,Pagada    ,3616.62048,0,0,0,0,0,0,0,0,22603.878,0,1,PESOS                                                                           ,19.3725,33,TANIA CASTELLANOS                       ,            ,0,0,F     ,0,       ,0,       ,LINEA     ,51TBTM01            ,TAMARIN-LX /30 CAPS.                    ,V99    ,PZA   ,600,37.67313,0,0,0,24H0217                       ,                         ,                                        ,24H021                        
N4699     ,Dev. Just.   ,24/09/2024,FAR      ,22583,28598.33782,0,ROSARIO MENDOZA MACEDO                                                                                                                                                                                                                                        ,8,Pagada    ,3944.59832,0,0,0,0,0,0,0,0,24653.7395,0,1,PESOS                                                                           ,19.3725,33,TANIA CASTELLANOS                       ,            ,0,0,F     ,0,       ,0,       ,LINEA     ,51CPVB02            ,VITABIOM Q10 /30 CAPS.                  ,V99    ,PZA   ,500,49.307479,0,0,0,24H0208                       ,                         ,                                        ,24H021                        
N4699     ,Dev. Just.   ,24/09/2024,FAR      ,22583,68550.32296,0,ROSARIO MENDOZA MACEDO                                                                                                                                                                                                                                        ,8,Pagada    ,9455.21696,0,0,0,0,0,0,0,0,59095.106,0,1,PESOS                                                                           ,19.3725,33,TANIA CASTELLANOS                       ,            ,0,0,F     ,0,       ,0,       ,LINEA     ,51TBEX01            ,EXZON C/90 TABS.                        ,V99    ,PZA   ,1000,59.095106,0,0,0,24H021                        ,                         ,                                        ,24H021                        
N4701     ,Dev. Just.   ,17/10/2024,FAR      ,22693,18979.92,0,"BRUDIFARMA, S.A. DE C.V.                                                                                                                                                                                                                                      ",260,Pagada    ,2617.92,0,0,0,0,0,0,0,0,16362,0,1,PESOS                                                                           ,19.62,35,MARIA CRISTINA AGUILAR                  ,            ,0,0,F     ,0,       ,0,       ,LINEA     ,51CPVT03            ,VITEM 3RA /30 CAPS.                     ,V99    ,PZA   ,300,54.54,0,0,0,24I0230                       ,                         ,                                        ,24I0230                       
N4702     ,Dev. Just.   ,17/10/2024,FAR      ,22714,701.7839317,0,"LEVIC, S.A. DE C.V.                                                                                                                                                                                                                                           ",281,Pagada    ,96.79778368,0,0,0,0,0,0,0,0,604.986148,0,1,PESOS                                                                           ,19.62,35,MARIA CRISTINA AGUILAR                  ,            ,0,0,F     ,0,       ,0,       ,LINEA     ,51JBNC01            ,NATUBRON CERO JARABE 240 ML             ,       ,PZA   ,13,46.537396,0,0,145.535806,24H0212                       ,                         ,                                        ,24H0212                       
N4703     ,Dev. Just.   ,17/10/2024,FAR      ,22730,4048.753452,0,"LEVIC, S.A. DE C.V.                                                                                                                                                                                                                                           ",281,Pagada    ,558.448752,0,0,0,0,0,0,0,0,3490.3047,0,1,PESOS                                                                           ,19.62,35,MARIA CRISTINA AGUILAR                  ,            ,0,0,F     ,0,       ,0,       ,LINEA     ,51JBNC01            ,NATUBRON CERO JARABE 240 ML             ,       ,PZA   ,75,46.537396,0,0,839.62965,24I0238                       ,                         ,                                        ,24I0238                       
N4704     ,Dev. Just.   ,17/10/2024,FAR      ,22727,1349.584484,0,"LEVIC, S.A. DE C.V.                                                                                                                                                                                                                                           ",281,Pagada    ,186.149584,0,0,0,0,0,0,0,0,1163.4349,0,1,PESOS                                                                           ,19.62,35,MARIA CRISTINA AGUILAR                  ,            ,0,0,F     ,0,       ,0,       ,LINEA     ,51JBNC01            ,NATUBRON CERO JARABE 240 ML             ,       ,PZA   ,25,46.537396,0,0,279.87655,24H0212                       ,                         ,                                        ,24I0237                       
N4704     ,Dev. Just.   ,17/10/2024,FAR      ,22727,1349.584484,0,"LEVIC, S.A. DE C.V.                                                                                                                                                                                                                                           ",281,Pagada    ,186.149584,0,0,0,0,0,0,0,0,1163.4349,0,1,PESOS                                                                           ,19.62,35,MARIA CRISTINA AGUILAR                  ,            ,0,0,F     ,0,       ,0,       ,LINEA     ,51JBNC01            ,NATUBRON CERO JARABE 240 ML             ,       ,PZA   ,25,46.537396,0,0,279.87655,24I0238                       ,                         ,                                        ,24I0237                       
N4704     ,Dev. Just.   ,17/10/2024,FAR      ,22727,5218.3934,0,"LEVIC, S.A. DE C.V.                                                                                                                                                                                                                                           ",281,Pagada    ,719.7784,0,0,0,0,0,0,0,0,4498.615,0,1,PESOS                                                                           ,19.62,35,MARIA CRISTINA AGUILAR                  ,            ,0,0,F     ,0,       ,0,       ,LINEA     ,51TBCV01            ,C-VYM CON 30 TABLETAS MASTICABLES       ,V99    ,PIEZA ,100,44.98615,0,0,0,24I0237                       ,                         ,                                        ,24I0237                       
N4705     ,Dev. Just.   ,17/10/2024,FAR      ,22450,361.303605,0,PHARMA PLUS SA DE CV                                                                                                                                                                                                                                          ,435,Pagada    ,49.83498,0,0,0,0,0,0,0,0,311.468625,43.481375,1,PESOS                                                                           ,19.62,36,CHANTAL FLORES                          ,            ,0,0,F     ,0,       ,0,       ,LINEA     ,51PLCN01            ,COLAGENER 10 NARANJA BIOMIRAL 360 G PT  ,V99    ,PZA   ,1,354.95,0,0,0,24B001                        ,                         ,                                        ,24B001                        
N4706     ,Dev. Just.   ,17/10/2024,FAR      ,22169,409.073652,0,PHARMA PLUS SA DE CV                                                                                                                                                                                                                                          ,435,Pagada    ,56.423952,0,0,0,0,0,0,0,0,352.6497,49.2303,1,PESOS                                                                           ,19.62,36,CHANTAL FLORES                          ,            ,0,0,F     ,0,       ,0,       ,LINEA     ,51TGVA01            ,VANESIR DUO PACK                        ,       ,PZA   ,3,133.96,0,0,101.523229,DUO24002                      ,                         ,                                        ,DUO24002                      
N4707     ,Dev. Just.   ,17/10/2024,FAR      ,22625,5599.552,0,FARMACIAS DE SIMILARES SA DE CV                                                                                                                                                                                                                               ,443,Pagada    ,772.352,0,0,0,0,0,0,0,0,4827.2,0,1,PESOS                                                                           ,19.62,4,DIRECTO                                 ,            ,0,0,F     ,0,       ,0,       ,MAQUILA   ,51PLFX02            ,FIBOTAX SIMILARES 10g C/10 SOBRES       ,       ,PIEZA ,160,30.17,0,0,2753.227013,24F006                        ,                         ,                                        ,24F006                        
N4708     ,Dev. Just.   ,17/10/2024,FAR      ,22564,4199.664,0,FARMACIAS DE SIMILARES SA DE CV                                                                                                                                                                                                                               ,443,Pagada    ,579.264,0,0,0,0,0,0,0,0,3620.4,0,1,PESOS                                                                           ,19.62,4,DIRECTO                                 ,            ,0,0,F     ,0,       ,0,       ,MAQUILA   ,51PLFX02            ,FIBOTAX SIMILARES 10g C/10 SOBRES       ,       ,PIEZA ,120,30.17,0,0,2064.92026,24D024                        ,                         ,                                        ,24D024                        
N4710     ,Dev. Just.   ,18/10/2024,FAR      ,22794,1748.033232,0,"PROVEEDORA FARMACEUTICA RASE, S.A. DE C.V.                                                                                                                                                                                                                    ",224,Pagada    ,241.108032,0,0,0,0,0,0,0,0,1506.9252,0,1,PESOS                                                                           ,19.8925,38,ERNESTO MURILLO                         ,            ,0,0,F     ,0,       ,0,       ,LINEA     ,51TBTM01            ,TAMARIN-LX /30 CAPS.                    ,V99    ,PZA   ,40,37.67313,0,0,0,24H0217                       ,                         ,                                        ,24H0217                       
N4742     ,Dev. Just.   ,23/10/2024,FAR      ,22793,42181.776,0,PHARMA PLUS SA DE CV                                                                                                                                                                                                                                          ,435,Pagada    ,5818.176,0,0,0,0,0,0,0,0,36363.6,4040.4,1,PESOS                                                                           ,20.0075,36,CHANTAL FLORES                          ,            ,0,0,F     ,0,       ,0,       ,MARCA PROP,51CPOM02            ,OMEGA 3 C/60 CAPS AL NATURAL            ,       ,PZA   ,364,111,0,0,283.92,24I042                        ,                         ,                                        ,24I043                        
N4742     ,Dev. Just.   ,23/10/2024,FAR      ,22793,38589.372,0,PHARMA PLUS SA DE CV                                                                                                                                                                                                                                          ,435,Pagada    ,5322.672,0,0,0,0,0,0,0,0,33266.7,3696.3,1,PESOS                                                                           ,20.0075,36,CHANTAL FLORES                          ,            ,0,0,F     ,0,       ,0,       ,MARCA PROP,51CPOM01            ,"OMEGA 3, 6 Y 9 C/60 CAPS AL NATURAL     ",       ,PZA   ,333,111,0,0,1825.865563,24I043                        ,                         ,                                        ,24I043                        
N4745     ,Dev. Just.   ,24/10/2024,FAR      ,23041,122960,0,LABORATORIO ELMOR MEXICO                                                                                                                                                                                                                                      ,368,Pagada    ,16960,0,0,0,0,0,0,0,0,106000,0,1,PESOS                                                                           ,19.8985,27,MEXICO                                  ,            ,0,0,F     ,0,       ,0,       ,ANT       ,CCB-0884            ,ANTICIPO                                ,       ,SER   ,1,106000,0,0,0,                              ,                         ,                                        ,                              
N4747     ,Dev. Just.   ,24/10/2024,FAR      ,23051,71920,0,LABORATORIO ELMOR MEXICO                                                                                                                                                                                                                                      ,368,Pagada    ,9920,0,0,0,0,0,0,0,0,62000,0,1,PESOS                                                                           ,19.8985,27,MEXICO                                  ,            ,0,0,F     ,0,       ,0,       ,ANT       ,CCB-0884            ,ANTICIPO                                ,       ,SER   ,1,62000,0,0,0,                              ,                         ,                                        ,                              
N4748     ,Dev. Just.   ,25/10/2024,FAR      ,22785,1349.584484,0,"LEVIC, S.A. DE C.V.                                                                                                                                                                                                                                           ",281,Pagada    ,186.149584,0,0,0,0,0,0,0,0,1163.4349,0,1,PESOS                                                                           ,19.9338,35,MARIA CRISTINA AGUILAR                  ,            ,0,0,F     ,0,       ,0,       ,LINEA     ,51JBNC01            ,NATUBRON CERO JARABE 240 ML             ,       ,PZA   ,25,46.537396,0,0,279.87655,24H0212                       ,                         ,                                        ,24H0212                       
N4752     ,Dev. Just.   ,25/10/2024,FAR      ,22819,5218.3934,0,COMERCIAL GFC SA DE CV                                                                                                                                                                                                                                        ,370,Pagada    ,719.7784,0,0,0,0,0,0,0,0,4498.615,0,1,PESOS                                                                           ,19.9338,35,MARIA CRISTINA AGUILAR                  ,            ,0,0,F     ,0,       ,0,       ,LINEA     ,51TBCV01            ,C-VYM CON 30 TABLETAS MASTICABLES       ,V99    ,PIEZA ,100,44.98615,0,0,0,24I0237                       ,                         ,                                        ,24I0237                       
N4754     ,Dev. Just.   ,28/10/2024,FAR      ,22965,18445.1223,0,COMERCIALIZADORA NATURISTA DE MEXICO S. DE R.L. DE C.V.                                                                                                                                                                                                       ,369,Pagada    ,2544.1548,0,0,0,0,0,0,0,0,15900.9675,491.7825,1,PESOS                                                                           ,19.8385,33,TANIA CASTELLANOS                       ,            ,0,0,F     ,0,       ,0,       ,LINEA     ,51GLVA04            ,VANESIR GEL 200 G                       ,       ,PZA   ,275,59.61,0,0,3609.76,G24003                        ,                         ,                                        ,G24003                        
N4755     ,Dev. Just.   ,28/10/2024,FAR      ,22968,3598.9,0,SURTIDORA MEDICA DEL CARMEN                                                                                                                                                                                                                                   ,245,Pagada    ,496.4,0,0,0,0,0,0,0,0,3102.5,0,1,PESOS                                                                           ,19.8385,33,TANIA CASTELLANOS                       ,            ,0,0,F     ,0,       ,0,       ,LINEA     ,51TBEX01            ,EXZON C/90 TABS.                        ,V99    ,PZA   ,50,62.05,0,0,0,24H021                        ,                         ,                                        ,24H021                        
N4765     ,Dev. Just.   ,30/10/2024,FAR      ,23117,41.9688,0,PHARMA PLUS SA DE CV                                                                                                                                                                                                                                          ,435,Pagada    ,5.7888,0,0,0,0,0,0,0,0,36.18,4.02,1,PESOS                                                                           ,20.0007,36,CHANTAL FLORES                          ,            ,0,0,F     ,0,       ,0,       ,MARCA PROP,51TBCB01            ,COMPLEJO B C/30 TABS. AL NATURAL        ,       ,PIEZA ,1,40.2,0,0,10.68153986,24J0247                       ,                         ,                                        ,24J0247                       
N4767     ,Dev. Just.   ,30/10/2024,FAR      ,22933,448.242444,0,PHARMA PLUS SA DE CV                                                                                                                                                                                                                                          ,435,Pagada    ,61.826544,0,0,0,0,0,0,0,0,386.4159,53.9441,1,PESOS                                                                           ,20.0007,36,CHANTAL FLORES                          ,            ,0,0,F     ,0,       ,0,       ,LINEA     ,51PLFX04            ,FIBOTAX 10g C/30 SOBRES                 ,       ,PIEZA ,4,110.09,0,0,205.0913492,24D023                        ,                         ,                                        ,24D023                        
N4768     ,Dev. Just.   ,30/10/2024,FAR      ,22910,439.7328,0,PHARMA PLUS SA DE CV                                                                                                                                                                                                                                          ,435,Pagada    ,60.6528,0,0,0,0,0,0,0,0,379.08,52.92,1,PESOS                                                                           ,20.0007,36,CHANTAL FLORES                          ,            ,0,0,F     ,0,       ,0,       ,LINEA     ,51CPDL01            ,DIALAVIT CAJA C/30 CAPS                 ,       ,PZA   ,3,144,0,0,70.220982,24H0214                       ,                         ,                                        ,24H0214                       
N4769     ,Dev. Just.   ,31/10/2024,FAR      ,23219,61650.6128,0,LABORATORIO ELMOR MEXICO                                                                                                                                                                                                                                      ,368,Pagada    ,8503.5328,0,0,0,0,0,0,0,0,53147.08,0,1,PESOS                                                                           ,20.0208,27,MEXICO                                  ,            ,0,0,F     ,0,       ,0,       ,ANT       ,CCB-0884            ,ANTICIPO                                ,       ,ACT   ,1,53147.08,0,0,0,                              ,                         ,                                        ,                              
N4779     ,Dev. Just.   ,01/11/2024,FAR      ,23023,512.8128,0,"BRUDIFARMA, S.A. DE C.V.                                                                                                                                                                                                                                      ",260,Pagada    ,70.7328,0,0,0,0,0,0,0,0,442.08,0,1,PESOS                                                                           ,20.1617,35,MARIA CRISTINA AGUILAR                  ,            ,0,0,F     ,0,       ,0,       ,LINEA     ,51GLVA04            ,VANESIR GEL 200 G                       ,       ,PZA   ,8,55.26,0,0,105.0112,G24003                        ,                         ,                                        ,G24003                        
N4783     ,Dev. Just.   ,04/11/2024,FAR      ,22511,1344.727332,0,PHARMA PLUS SA DE CV                                                                                                                                                                                                                                          ,435,Pagada    ,185.479632,0,0,0,0,0,0,0,0,1159.2477,161.8323,1,PESOS                                                                           ,20.0378,36,CHANTAL FLORES                          ,            ,0,0,F     ,0,       ,0,       ,LINEA     ,51PLFX04            ,FIBOTAX 10g C/30 SOBRES                 ,       ,PIEZA ,12,110.09,0,0,615.2740475,24D023                        ,                         ,                                        ,24D023                        
N4795     ,Dev. Just.   ,11/11/2024,FAR      ,22789,2241.21222,0,PHARMA PLUS SA DE CV                                                                                                                                                                                                                                          ,435,Pagada    ,309.13272,0,0,0,0,0,0,0,0,1932.0795,269.7205,1,PESOS                                                                           ,19.8277,36,CHANTAL FLORES                          ,            ,0,0,F     ,0,       ,0,       ,LINEA     ,51PLFX04            ,FIBOTAX 10g C/30 SOBRES                 ,       ,PIEZA ,20,110.09,0,0,1025.456746,24D023                        ,                         ,                                        ,24D023                        
N4807     ,Dev. Just.   ,14/11/2024,FAR      ,22690,199.6128,0,PHARMA PLUS SA DE CV                                                                                                                                                                                                                                          ,435,Pagada    ,27.5328,0,0,0,0,0,0,0,0,172.08,19.12,1,PESOS                                                                           ,20.5693,36,CHANTAL FLORES                          ,            ,0,0,F     ,0,       ,0,       ,MARCA PROP,51PLFC01            ,COLÁGENO SABOR FRESA BOLSA CON 300 GR   ,V99    ,PZA   ,1,191.2,0,0,0,24G018                        ,                         ,                                        ,24G018                        
N4813     ,Dev. Just.   ,20/11/2024,FAR      ,23273,87.4016616,0,VENTA MENUDEO                                                                                                                                                                                                                                                 ,1,Pagada    ,12.0554016,0,0,0,0,0,0,0,0,75.34626,0,1,PESOS                                                                           ,20.3887,29,GUADALAJARA                             ,            ,0,0,F     ,0,       ,0,       ,LINEA     ,51TBTM01            ,TAMARIN-LX /30 CAPS.                    ,V99    ,PZA   ,2,37.67313,0,0,0,24J0250                       ,                         ,                                        ,24J0250                       
N4862     ,Dev. Just.   ,29/11/2024,FAR      ,23596,28135.8,0,LABORATORIO ELMOR MEXICO                                                                                                                                                                                                                                      ,368,Pagada    ,3880.8,0,0,0,0,0,0,0,0,24255,0,1,PESOS                                                                           ,20.4173,27,MEXICO                                  ,            ,0,0,F     ,0,       ,0,       ,ANT       ,CCB-0884            ,ANTICIPO                                ,       ,ACT   ,1,24255,0,0,0,                              ,                         ,                                        ,                              
N4864     ,Dev. Just.   ,29/11/2024,FAR      ,23614,71920,0,LABORATORIO ELMOR MEXICO                                                                                                                                                                                                                                      ,368,Pagada    ,9920,0,0,0,0,0,0,0,0,62000,0,1,PESOS                                                                           ,20.4173,27,MEXICO                                  ,            ,0,0,F     ,0,       ,0,       ,ANT       ,CCB-0884            ,ANTICIPO                                ,       ,ACT   ,1,62000,0,0,0,                              ,                         ,                                        ,                              
N4869     ,Dev. Just.   ,02/12/2024,FAR      ,23584,1389.97,0,"BRUDIFARMA, S.A. DE C.V.                                                                                                                                                                                                                                      ",260,Pagada    ,191.72,0,0,0,0,0,0,0,0,1198.25,0,1,PESOS                                                                           ,2.3212,35,MARIA CRISTINA AGUILAR                  ,            ,0,0,F     ,0,       ,0,       ,LINEA     ,51JBNC01            ,NATUBRON CERO JARABE 240 ML             ,       ,PZA   ,25,47.93,0,0,307.7284258,24K0280                       ,                         ,                                        ,24K0280                       
N4900     ,Dev. Just.   ,13/12/2024,FAR      ,23054,314.408952,0,PHARMA PLUS SA DE CV                                                                                                                                                                                                                                          ,435,Pagada    ,43.366752,0,0,0,0,0,0,0,0,271.0422,37.8378,1,PESOS                                                                           ,20.1647,36,CHANTAL FLORES                          ,            ,0,0,F     ,0,       ,0,       ,LINEA     ,51JBNC01            ,NATUBRON CERO JARABE 240 ML             ,       ,PZA   ,4,77.22,0,0,44.780248,24I0238                       ,                         ,                                        ,24I0238                       
N4905     ,Dev. Just.   ,13/12/2024,FAR      ,23699,336.181833,0,PHARMA PLUS SA DE CV                                                                                                                                                                                                                                          ,435,Pagada    ,46.369908,0,0,0,0,0,0,0,0,289.811925,40.458075,1,PESOS                                                                           ,20.1647,36,CHANTAL FLORES                          ,            ,0,0,F     ,0,       ,0,       ,LINEA     ,51PLFX04            ,FIBOTAX 10g C/30 SOBRES                 ,       ,PIEZA ,3,110.09,0,0,153.8185119,24L029                        ,                         ,                                        ,24L029                        
N4906     ,Dev. Just.   ,13/12/2024,FAR      ,23696,78.602238,0,PHARMA PLUS SA DE CV                                                                                                                                                                                                                                          ,435,Pagada    ,10.841688,0,0,0,0,0,0,0,0,67.76055,9.45945,1,PESOS                                                                           ,20.1647,36,CHANTAL FLORES                          ,            ,0,0,F     ,0,       ,0,       ,LINEA     ,51JBNC01            ,NATUBRON CERO JARABE 240 ML             ,       ,PZA   ,1,77.22,0,0,12.62621247,24K0287                       ,                         ,                                        ,24K0287                       
N4907     ,Dev. Just.   ,13/12/2024,FAR      ,23698,115.884,0,PHARMA PLUS SA DE CV                                                                                                                                                                                                                                          ,435,Pagada    ,15.984,0,0,0,0,0,0,0,0,99.9,11.1,1,PESOS                                                                           ,20.1647,36,CHANTAL FLORES                          ,            ,0,0,F     ,0,       ,0,       ,MARCA PROP,51CPOM01            ,"OMEGA 3, 6 Y 9 C/60 CAPS AL NATURAL     ",       ,PZA   ,1,111,0,0,61.91395362,24K023                        ,                         ,                                        ,24K023                        
N4916     ,Dev. Just.   ,17/12/2024,FAR      ,23752,5365,0,FARMACIAS BENAVIDES S A B DE C V                                                                                                                                                                                                                              ,387,Pagada    ,740,0,0,0,0,0,0,0,0,4625,0,1,PESOS                                                                           ,20.1448,38,ERNESTO MURILLO                         ,            ,0,0,F     ,0,       ,0,       ,MARCA PROP,51TBAP01            ,ÁCIDO FÓLICO / PROTEÍNA DE ARROZ        ,       ,PIEZA ,250,18.5,0,0,2181.75975,24l018                        ,                         ,                                        ,24l018                        
N4931     ,Dev. Just.   ,24/12/2024,FAR      ,23864,26894.54664,0,PHARMA PLUS SA DE CV                                                                                                                                                                                                                                          ,435,Pagada    ,3709.59264,0,0,0,0,0,0,0,0,23184.954,3236.646,1,PESOS                                                                           ,20.4402,36,CHANTAL FLORES                          ,            ,0,0,F     ,0,       ,0,       ,LINEA     ,51PLFX04            ,FIBOTAX 10g C/30 SOBRES                 ,       ,PIEZA ,240,110.09,0,0,13137.63289,24L043                        ,                         ,                                        ,24L043                        
N4933     ,Dev. Just.   ,27/12/2024,FAR      ,23967,71108,0,LABORATORIO ELMOR MEXICO                                                                                                                                                                                                                                      ,368,Pagada    ,9808,0,0,0,0,0,0,0,0,61300,0,1,PESOS                                                                           ,20.1657,27,MEXICO                                  ,            ,0,0,F     ,0,       ,0,       ,ANT       ,CCB-0884            ,ANTICIPO                                ,       ,ACT   ,1,61300,0,0,0,                              ,                         ,                                        ,                              
N4948     ,Dev. Just.   ,31/12/2024,FAR      ,23426,52.68333372,0,VENTA MENUDEO                                                                                                                                                                                                                                                 ,1,Pagada    ,7.26666672,0,0,0,0,0,0,0,0,45.416667,0,1,PESOS                                                                           ,20.2683,29,GUADALAJARA                             ,            ,0,0,F     ,0,       ,0,       ,LINEA     ,51CPDG05            ,D-GELAC+FS C/30 CAPS.                   ,V99    ,PZA   ,1,45.416667,0,0,0,24G0187                       ,                         ,                                        ,24G0187                       
N4949     ,Dev. Just.   ,31/12/2024,FAR      ,23430,319.9953914,0,VENTA MENUDEO                                                                                                                                                                                                                                                 ,1,Pagada    ,44.13729536,0,0,0,0,0,0,0,0,275.858096,650.461904,1,PESOS                                                                           ,20.2683,29,GUADALAJARA                             ,            ,0,0,F     ,0,       ,0,       ,MARCA PROP,51PLCCH01           ,COLÁGENO SABOR CHOCOLATE BOLSA CON 300 g,       ,PZA   ,4,231.58,70.22,0,303.9626572,23C008                        ,                         ,                                        ,23C008                        
N4950     ,Dev. Just.   ,31/12/2024,FAR      ,23534,59.58736836,0,VENTA MENUDEO                                                                                                                                                                                                                                                 ,1,Pagada    ,8.21894736,0,0,0,0,0,0,0,0,51.368421,51.368421,1,PESOS                                                                           ,20.2683,29,GUADALAJARA                             ,            ,0,0,F     ,0,       ,0,       ,LINEA     ,51TBCG01            ,COLAGENER C/60 TABS.                    ,V99    ,PZA   ,2,51.368421,0,0,0,2.40E+130,                         ,                                        ,2.40E+130
N4951     ,Dev. Just.   ,31/12/2024,FAR      ,23797,59.58736836,0,VENTA MENUDEO                                                                                                                                                                                                                                                 ,1,Pagada    ,8.21894736,0,0,0,0,0,0,0,0,51.368421,51.368421,1,PESOS                                                                           ,20.2683,29,GUADALAJARA                             ,            ,0,0,F     ,0,       ,0,       ,LINEA     ,51TBCG01            ,COLAGENER C/60 TABS.                    ,V99    ,PZA   ,2,51.368421,50,0,0,2.30E+130,                         ,                                        ,2.30E+130
N4952     ,Dev. Just.   ,31/12/2024,FAR      ,23932,53.98337936,1.3,VENTA MENUDEO                                                                                                                                                                                                                                                 ,1,Parcial   ,7.44598336,0,0,0,0,0,0,0,0,46.537396,0,1,PESOS                                                                           ,20.2683,29,GUADALAJARA                             ,            ,0,0,F     ,0,       ,0,       ,LINEA     ,51JBNC01            ,NATUBRON CERO JARABE 240 ML             ,       ,PZA   ,1,46.537396,0,0,12.77306,24K0279                       ,                         ,                                        ,24K0279                       
N4958     ,Dev. Just.   ,02/01/2025,FAR      ,23905,26894.54664,0,PHARMA PLUS SA DE CV                                                                                                                                                                                                                                          ,435,Pagada    ,3709.59264,0,0,0,0,0,0,0,0,23184.954,3236.646,1,PESOS                                                                           ,20.5103,36,CHANTAL FLORES                          ,            ,0,0,F     ,0,       ,0,       ,LINEA     ,51PLFX04            ,FIBOTAX 10g C/30 SOBRES                 ,       ,PIEZA ,240,110.09,0,0,13137.63289,24L043                        ,                         ,                                        ,24L043                        
N4970     ,Dev. Just.   ,13/01/2025,FAR      ,24066,84448,0,LABORATORIO ELMOR MEXICO                                                                                                                                                                                                                                      ,368,Pagada    ,11648,0,0,0,0,0,0,0,0,72800,0,1,PESOS                                                                           ,20.7045,27,MEXICO                                  ,            ,0,0,F     ,0,       ,0,       ,ANT       ,CCB-0884            ,ANTICIPO                                ,       ,ACT   ,1,72800,0,0,0,                              ,                         ,                                        ,                              
N4984     ,Dev. Just.   ,17/01/2025,FAR      ,24130,2988.933024,0,XANA LAB                                                                                                                                                                                                                                                      ,421,Pagada    ,412.266624,0,0,0,0,0,0,0,0,2576.6664,0,1,PESOS                                                                           ,20.7732,27,MEXICO                                  ,            ,0,0,F     ,0,       ,0,       ,LINEA     ,51CPDG05            ,D-GELAC+FS C/30 CAPS.                   ,V99    ,PZA   ,200,12.883332,0,0,0,25A0008                       ,                         ,                                        ,25A0008                       
N4997     ,Dev. Just.   ,22/01/2025,FAR      ,24196,126672,0,LABORATORIO ELMOR MEXICO                                                                                                                                                                                                                                      ,368,Pagada    ,17472,0,0,0,0,0,0,0,0,109200,0,1,PESOS                                                                           ,20.6358,27,MEXICO                                  ,            ,0,0,F     ,0,       ,0,       ,ANT       ,CCB-0884            ,ANTICIPO                                ,       ,ACT   ,1,109200,0,0,0,                              ,                         ,                                        ,                              
N5000     ,Dev. Just.   ,23/01/2025,FAR      ,24115,747973.8,0,LABORATORIOS BEST                                                                                                                                                                                                                                             ,450,Pagada    ,103168.8,0,0,0,0,0,0,0,0,644805,0,1,PESOS                                                                           ,20.5397,39,LUIS FERNANDO                           ,            ,0,0,F     ,0,       ,0,       ,TOLL MAQUI,SRV-0159            ,Ensobretado de sobres SIMI FX SACHET    ,       ,PZA   ,31150,20.7,0,0,0,                              ,                         ,                                        ,                              
N5002     ,Dev. Just.   ,28/01/2025,FAR      ,24253,35960,0,LABORATORIO ELMOR MEXICO                                                                                                                                                                                                                                      ,368,Pagada    ,4960,0,0,0,0,0,0,0,0,31000,0,1,PESOS                                                                           ,20.7002,27,MEXICO                                  ,            ,0,0,F     ,0,       ,0,       ,ANT       ,CCB-0884            ,ANTICIPO                                ,       ,ACT   ,1,31000,0,0,0,                              ,                         ,                                        ,                              
N5009     ,Dev. Just.   ,30/01/2025,FAR      ,23778,1158.84,0,PHARMA PLUS SA DE CV                                                                                                                                                                                                                                          ,435,Pagada    ,159.84,0,0,0,0,0,0,0,0,999,111,1,PESOS                                                                           ,20.5677,36,CHANTAL FLORES                          ,            ,0,0,F     ,0,       ,0,       ,MARCA PROP,51CPOM02            ,OMEGA 3 C/60 CAPS AL NATURAL            ,       ,PZA   ,10,111,0,0,7.8,24J074                        ,                         ,                                        ,24J074                        
N5013     ,Dev. Just.   ,31/01/2025,FAR      ,24316,61650.6128,0,LABORATORIO ELMOR MEXICO                                                                                                                                                                                                                                      ,368,Pagada    ,8503.5328,0,0,0,0,0,0,0,0,53147.08,0,1,PESOS                                                                           ,20.4497,27,MEXICO                                  ,            ,0,0,F     ,0,       ,0,       ,ANT       ,CCB-0884            ,ANTICIPO                                ,       ,ACT   ,1,53147.08,0,0,0,                              ,                         ,                                        ,                              
N5014     ,Dev. Just.   ,31/01/2025,FAR      ,24317,52673.28,0,LABORATORIO ELMOR MEXICO                                                                                                                                                                                                                                      ,368,Pagada    ,7265.28,0,0,0,0,0,0,0,0,45408,0,1,PESOS                                                                           ,20.4497,27,MEXICO                                  ,            ,0,0,F     ,0,       ,0,       ,ANT       ,CCB-0884            ,ANTICIPO                                ,       ,ACT   ,1,45408,0,0,0,                              ,                         ,                                        ,                              
N5017     ,Dev. Just.   ,05/02/2025,FAR      ,23039,10428.3536,0,PHARMA AMIGO SA DE CV                                                                                                                                                                                                                                         ,373,Pagada    ,1438.3936,0,0,0,0,0,0,0,0,8989.96,278.04,1,PESOS                                                                           ,20.4268,35,MARIA CRISTINA AGUILAR                  ,            ,0,0,F     ,0,       ,0,       ,LINEA     ,51TBCV01            ,C-VYM CON 30 TABLETAS MASTICABLES       ,V99    ,PIEZA ,200,46.34,0,0,0,24J025                        ,                         ,                                        ,24J025                        
N5018     ,Dev. Just.   ,05/02/2025,FAR      ,24331,2824.368,0,DIFARMER                                                                                                                                                                                                                                                      ,4,Pagada    ,389.568,0,0,0,0,0,0,0,0,2434.8,0,1,PESOS                                                                           ,20.4268,35,MARIA CRISTINA AGUILAR                  ,            ,0,0,F     ,0,       ,0,       ,LINEA     ,51TBEX01            ,EXZON C/90 TABS.                        ,V99    ,PZA   ,40,60.87,0,0,0,25A053                        ,                         ,                                        ,25A053                        
N5019     ,Dev. Just.   ,05/02/2025,FAR      ,24080,10090.4427,0,PHARMA PLUS SA DE CV                                                                                                                                                                                                                                          ,435,Pagada    ,1391.7852,0,0,0,0,0,0,0,0,8698.6575,1214.3425,1,PESOS                                                                           ,20.4268,36,CHANTAL FLORES                          ,            ,0,0,F     ,0,       ,0,       ,LINEA     ,51PLCV03            ,C-VYM CERO AZUCAR C/11 SOBRES           ,       ,PIEZA ,100,99.13,0,0,1647.239932,24L017                        ,                         ,                                        ,24L017                        
N5045     ,Dev. Just.   ,19/02/2025,FAR      ,24289,16077.6,0,FARMACIAS DE SIMILARES SA DE CV                                                                                                                                                                                                                               ,443,Pagada    ,2217.6,0,0,0,0,0,0,0,0,13860,0,1,PESOS                                                                           ,20.2617,4,DIRECTO                                 ,            ,0,0,F     ,0,       ,0,       ,MAQUILA   ,51PLFX02            ,FIBOTAX SIMILARES 10g C/10 SOBRES       ,       ,PIEZA ,440,31.5,0,0,8088.545964,25A096                        ,                         ,                                        ,25A096                        
N5046     ,Dev. Just.   ,19/02/2025,FAR      ,24104,4384.8,0,FARMACIAS DE SIMILARES SA DE CV                                                                                                                                                                                                                               ,443,Pagada    ,604.8,0,0,0,0,0,0,0,0,3780,0,1,PESOS                                                                           ,20.2617,4,DIRECTO                                 ,            ,0,0,F     ,0,       ,0,       ,MAQUILA   ,51PLFX02            ,FIBOTAX SIMILARES 10g C/10 SOBRES       ,       ,PIEZA ,120,31.5,0,0,2205.967081,25A060                        ,                         ,                                        ,25A060                        
N5047     ,Dev. Just.   ,19/02/2025,FAR      ,23544,11199.104,0,FARMACIAS DE SIMILARES SA DE CV                                                                                                                                                                                                                               ,443,Pagada    ,1544.704,0,0,0,0,0,0,0,0,9654.4,0,1,PESOS                                                                           ,20.2617,4,DIRECTO                                 ,            ,0,0,F     ,0,       ,0,       ,MAQUILA   ,51PLFX02            ,FIBOTAX SIMILARES 10g C/10 SOBRES       ,       ,PIEZA ,320,30.17,0,0,5506.454026,24K062                        ,                         ,                                        ,24K062                        
N5050     ,Dev. Just.   ,19/02/2025,FAR      ,24359,5846.4,0,FARMACIAS DE SIMILARES SA DE CV                                                                                                                                                                                                                               ,443,Pagada    ,806.4,0,0,0,0,0,0,0,0,5040,0,1,PESOS                                                                           ,20.2617,4,DIRECTO                                 ,            ,0,0,F     ,0,       ,0,       ,MAQUILA   ,51PLFX02            ,FIBOTAX SIMILARES 10g C/10 SOBRES       ,       ,PIEZA ,160,31.5,0,0,2941.289442,25A096                        ,                         ,                                        ,25A096                        
N5055     ,Dev. Just.   ,20/02/2025,FAR      ,23835,69.9944,0,FARMACIAS DE SIMILARES SA DE CV                                                                                                                                                                                                                               ,443,Pagada    ,9.6544,0,0,0,0,0,0,0,0,60.34,0,1,PESOS                                                                           ,20.4208,4,DIRECTO                                 ,            ,0,0,F     ,0,       ,0,       ,MAQUILA   ,51PLFX02            ,FIBOTAX SIMILARES 10g C/10 SOBRES       ,       ,PIEZA ,2,30.17,0,0,36.76611802,24L043                        ,                         ,                                        ,24L043                        
N5064     ,Dev. Just.   ,26/02/2025,FAR      ,24327,2699.168968,0,ROSARIO MENDOZA MACEDO                                                                                                                                                                                                                                        ,8,Pagada    ,372.299168,0,0,0,0,0,0,0,0,2326.8698,0,1,PESOS                                                                           ,20.4683,33,TANIA CASTELLANOS                       ,            ,0,0,F     ,0,       ,0,       ,LINEA     ,51JBNC01            ,NATUBRON CERO JARABE 240 ML             ,       ,PZA   ,50,46.537396,0,0,598.524331,25A0012                       ,                         ,                                        ,25A0012                       
N5065     ,Dev. Just.   ,27/02/2025,FAR      ,24559,84448,0,LABORATORIO ELMOR MEXICO                                                                                                                                                                                                                                      ,368,Pagada    ,11648,0,0,0,0,0,0,0,0,72800,0,1,PESOS                                                                           ,20.4683,27,MEXICO                                  ,            ,0,0,F     ,0,       ,0,       ,ANT       ,CCB-0884            ,ANTICIPO                                ,       ,ACT   ,1,72800,0,0,0,                              ,                         ,                                        ,                              
N5066     ,Dev. Just.   ,27/02/2025,FAR      ,24560,71920,0,LABORATORIO ELMOR MEXICO                                                                                                                                                                                                                                      ,368,Pagada    ,9920,0,0,0,0,0,0,0,0,62000,0,1,PESOS                                                                           ,20.4683,27,MEXICO                                  ,            ,0,0,F     ,0,       ,0,       ,ANT       ,CCB-0884            ,ANTICIPO                                ,       ,ACT   ,1,62000,0,0,0,                              ,                         ,                                        ,                              
N5068     ,Dev. Just.   ,28/02/2025,FAR      ,24589,74657.6,0,LABORATORIO ELMOR MEXICO                                                                                                                                                                                                                                      ,368,Pagada    ,10297.6,0,0,0,0,0,0,0,0,64360,0,1,PESOS                                                                           ,20.4277,27,MEXICO                                  ,            ,0,0,F     ,0,       ,0,       ,ANT       ,CCB-0884            ,ANTICIPO                                ,       ,ACT   ,1,64360,0,0,0,                              ,                         ,                                        ,                              
N5069     ,Dev. Just.   ,28/02/2025,FAR      ,24591,55763.52,0,LABORATORIO ELMOR MEXICO                                                                                                                                                                                                                                      ,368,Pagada    ,7691.52,0,0,0,0,0,0,0,0,48072,0,1,PESOS                                                                           ,20.4277,27,MEXICO                                  ,            ,0,0,F     ,0,       ,0,       ,ANT       ,CCB-0884            ,ANTICIPO                                ,       ,ACT   ,1,48072,0,0,0,                              ,                         ,                                        ,                              
N5073     ,Dev. Just.   ,28/02/2025,FAR      ,20235,8399.328,0,FARMACIAS DE SIMILARES SA DE CV                                                                                                                                                                                                                               ,443,Pagada    ,1158.528,0,0,0,0,0,0,0,0,7240.8,0,1,PESOS                                                                           ,20.4722,4,DIRECTO                                 ,            ,0,0,F     ,0,       ,0,       ,MAQUILA   ,51PLFX02            ,FIBOTAX SIMILARES 10g C/10 SOBRES       ,       ,PIEZA ,240,30.17,0,0,4537.534176,23J007                        ,                         ,                                        ,23J007                        
N5074     ,Dev. Just.   ,28/02/2025,FAR      ,21312,384.9692,0,FARMACIAS DE SIMILARES SA DE CV                                                                                                                                                                                                                               ,443,Pagada    ,53.0992,0,0,0,0,0,0,0,0,331.87,0,1,PESOS                                                                           ,20.4722,4,DIRECTO                                 ,            ,0,0,F     ,0,       ,0,       ,MAQUILA   ,51PLFX02            ,FIBOTAX SIMILARES 10g C/10 SOBRES       ,       ,PIEZA ,11,30.17,0,0,189.2843571,24D010                        ,                         ,                                        ,24D010                        
N5076     ,Dev. Just.   ,28/02/2025,FAR      ,23151,34.9972,0,FARMACIAS DE SIMILARES SA DE CV                                                                                                                                                                                                                               ,443,Pagada    ,4.8272,0,0,0,0,0,0,0,0,30.17,0,1,PESOS                                                                           ,20.4722,4,DIRECTO                                 ,            ,0,0,F     ,0,       ,0,       ,MAQUILA   ,51PLFX02            ,FIBOTAX SIMILARES 10g C/10 SOBRES       ,       ,PIEZA ,1,30.17,0,0,17.20766883,24F006                        ,                         ,                                        ,24F006                        
N5077     ,Dev. Just.   ,28/02/2025,FAR      ,23730,34.9972,0,FARMACIAS DE SIMILARES SA DE CV                                                                                                                                                                                                                               ,443,Pagada    ,4.8272,0,0,0,0,0,0,0,0,30.17,0,1,PESOS                                                                           ,20.4722,4,DIRECTO                                 ,            ,0,0,F     ,0,       ,0,       ,MAQUILA   ,51PLFX02            ,FIBOTAX SIMILARES 10g C/10 SOBRES       ,       ,PIEZA ,1,30.17,0,0,17.20766883,24L042                        ,                         ,                                        ,24L042                        
N5078     ,Dev. Just.   ,03/03/2025,FAR      ,24603,16136.72798,0,PHARMA PLUS SA DE CV                                                                                                                                                                                                                                          ,435,Pagada    ,2225.755584,0,0,0,0,0,0,0,0,13910.9724,1941.9876,1,PESOS                                                                           ,20.508,36,CHANTAL FLORES                          ,            ,0,0,F     ,0,       ,0,       ,LINEA     ,51PLFX04            ,FIBOTAX 10g C/30 SOBRES                 ,       ,PIEZA ,144,110.09,0,0,7699.233442,25A098                        ,                         ,                                        ,25A053                        
N5078     ,Dev. Just.   ,03/03/2025,FAR      ,24603,14963.13,0,PHARMA PLUS SA DE CV                                                                                                                                                                                                                                          ,435,Pagada    ,2063.88,0,0,0,0,0,0,0,0,12899.25,1800.75,1,PESOS                                                                           ,20.508,36,CHANTAL FLORES                          ,            ,0,0,F     ,0,       ,0,       ,LINEA     ,51GLVA04            ,VANESIR GEL 200 G                       ,       ,PZA   ,200,73.5,0,0,2441.4296,G24004                        ,                         ,                                        ,25A053                        
N5078     ,Dev. Just.   ,03/03/2025,FAR      ,24603,9561.74544,0,PHARMA PLUS SA DE CV                                                                                                                                                                                                                                          ,435,Pagada    ,1318.86144,0,0,0,0,0,0,0,0,8242.884,1150.716,1,PESOS                                                                           ,20.508,36,CHANTAL FLORES                          ,            ,0,0,F     ,0,       ,0,       ,LINEA     ,51TBEX01            ,EXZON C/90 TABS.                        ,V99    ,PZA   ,120,78.28,0,0,0,25A053                        ,                         ,                                        ,25A053                        
N5081     ,Dev. Just.   ,04/03/2025,FAR      ,24542,1461.6,0,FARMACIAS DE SIMILARES SA DE CV                                                                                                                                                                                                                               ,443,Pagada    ,201.6,0,0,0,0,0,0,0,0,1260,0,1,PESOS                                                                           ,20.4333,4,DIRECTO                                 ,            ,0,0,F     ,0,       ,0,       ,MAQUILA   ,51PLFX02            ,FIBOTAX SIMILARES 10g C/10 SOBRES       ,       ,PIEZA ,40,31.5,0,0,718.345852,24L042                        ,                         ,                                        ,24L042                        
N5083     ,Dev. Just.   ,04/03/2025,FAR      ,24640,35960,0,LABORATORIO ELMOR MEXICO                                                                                                                                                                                                                                      ,368,Pagada    ,4960,0,0,0,0,0,0,0,0,31000,0,1,PESOS                                                                           ,20.4333,27,MEXICO                                  ,            ,0,0,F     ,0,       ,0,       ,ANT       ,CCB-0884            ,ANTICIPO                                ,       ,ACT   ,1,31000,0,0,0,                              ,                         ,                                        ,                              
N5084     ,Dev. Just.   ,05/03/2025,FAR      ,24355,2923.2,0,FARMACIAS DE SIMILARES SA DE CV                                                                                                                                                                                                                               ,443,Pagada    ,403.2,0,0,0,0,0,0,0,0,2520,0,1,PESOS                                                                           ,20.8518,4,DIRECTO                                 ,            ,0,0,F     ,0,       ,0,       ,MAQUILA   ,51PLFX02            ,FIBOTAX SIMILARES 10g C/10 SOBRES       ,       ,PIEZA ,80,31.5,0,0,1470.644721,25A096                        ,                         ,                                        ,25A096                        
N5085     ,Dev. Just.   ,05/03/2025,FAR      ,24606,950.372514,0,PHARMA PLUS SA DE CV                                                                                                                                                                                                                                          ,435,Pagada    ,131.085864,0,0,0,0,0,0,0,0,819.28665,114.37335,1,PESOS                                                                           ,20.8518,36,CHANTAL FLORES                          ,            ,0,0,F     ,0,       ,0,       ,LINEA     ,51TBME03            ,MEM-EH C/45 TABS                        ,V99    ,PZA   ,14,66.69,0,0,0,2.40E+138,                         ,                                        ,24F0165                       
N5085     ,Dev. Just.   ,05/03/2025,FAR      ,24606,1994.279859,0,PHARMA PLUS SA DE CV                                                                                                                                                                                                                                          ,435,Pagada    ,275.073084,0,0,0,0,0,0,0,0,1719.206775,240.003225,1,PESOS                                                                           ,20.8518,36,CHANTAL FLORES                          ,            ,0,0,F     ,0,       ,0,       ,LINEA     ,51TBTM05            ,TAMARIN-LX /45 CAPS.                    ,V99    ,PZA   ,33,59.37,0,0,0,24F0157                       ,                         ,                                        ,24F0165                       
N5085     ,Dev. Just.   ,05/03/2025,FAR      ,24606,1561.326273,0,PHARMA PLUS SA DE CV                                                                                                                                                                                                                                          ,435,Pagada    ,215.355348,0,0,0,0,0,0,0,0,1345.970925,187.899075,1,PESOS                                                                           ,20.8518,36,CHANTAL FLORES                          ,            ,0,0,F     ,0,       ,0,       ,LINEA     ,51TBME03            ,MEM-EH C/45 TABS                        ,V99    ,PZA   ,23,66.69,0,0,0,24F0165                       ,                         ,                                        ,24F0165                       
N5086     ,Dev. Just.   ,05/03/2025,FAR      ,24635,896.484888,0,PHARMA PLUS SA DE CV                                                                                                                                                                                                                                          ,435,Pagada    ,123.653088,0,0,0,0,0,0,0,0,772.8318,107.8882,1,PESOS                                                                           ,20.8518,36,CHANTAL FLORES                          ,            ,0,0,F     ,0,       ,0,       ,LINEA     ,51PLFX04            ,FIBOTAX 10g C/30 SOBRES                 ,       ,PIEZA ,8,110.09,0,0,427.7351912,25A098                        ,                         ,                                        ,25A098                        
N5096     ,Dev. Just.   ,24/03/2025,FAR      ,24691,1461.6,0,FARMACIAS DE SIMILARES SA DE CV                                                                                                                                                                                                                               ,443,Pagada    ,201.6,0,0,0,0,0,0,0,0,1260,0,1,PESOS                                                                           ,20.1345,4,DIRECTO                                 ,            ,0,0,F     ,0,       ,0,       ,MAQUILA   ,51PLFX02            ,FIBOTAX SIMILARES 10g C/10 SOBRES       ,       ,PIEZA ,40,31.5,0,0,718.3206504,25C001                        ,                         ,                                        ,25C001                        
N5105     ,Dev. Just.   ,27/03/2025,FAR      ,24765,41.9688,0,PHARMA PLUS SA DE CV                                                                                                                                                                                                                                          ,435,Pagada    ,5.7888,0,0,0,0,0,0,0,0,36.18,4.02,1,PESOS                                                                           ,20.0762,36,CHANTAL FLORES                          ,            ,0,0,F     ,0,       ,0,       ,MARCA PROP,51TBCB01            ,COMPLEJO B C/30 TABS. AL NATURAL        ,       ,PIEZA ,1,40.2,0,0,8.49290561,25C0075                       ,                         ,                                        ,25C0075                       
N5106     ,Dev. Just.   ,27/03/2025,FAR      ,24756,27130.95,0,"BRUDIFARMA, S.A. DE C.V.                                                                                                                                                                                                                                      ",260,Pagada    ,3742.2,0,0,0,0,0,0,0,0,23388.75,0,1,PESOS                                                                           ,20.0762,35,MARIA CRISTINA AGUILAR                  ,            ,0,0,F     ,0,       ,0,       ,LINEA     ,51TBPF01            ,PLENIFORM 40 /30 TABS.                  ,V99    ,PZA   ,405,57.75,0,0,0,25A0035                       ,                         ,                                        ,25A0035                       
N5113     ,Dev. Just.   ,31/03/2025,FAR      ,24830,126672,0,LABORATORIO ELMOR MEXICO                                                                                                                                                                                                                                      ,368,Pagada    ,17472,0,0,0,0,0,0,0,0,109200,0,1,PESOS                                                                           ,20.4003,27,MEXICO                                  ,            ,0,0,F     ,0,       ,0,       ,ANT       ,CCB-0884            ,ANTICIPO                                ,       ,ACT   ,1,109200,0,0,0,                              ,                         ,                                        ,                              
N5128     ,Dev. Just.   ,08/04/2025,FAR      ,24822,53983.37936,0,ROSARIO MENDOZA MACEDO                                                                                                                                                                                                                                        ,8,Pagada    ,7445.98336,0,0,0,0,0,0,0,0,46537.396,0,1,PESOS                                                                           ,20.6947,33,TANIA CASTELLANOS                       ,            ,0,0,F     ,0,       ,0,       ,LINEA     ,51JBNC01            ,NATUBRON CERO JARABE 240 ML             ,       ,PZA   ,1000,46.537396,0,0,13118.41266,25B0053                       ,                         ,                                        ,25B0053                       
N5130     ,Dev. Just.   ,10/04/2025,FAR      ,24896,879.4656,0,PHARMA PLUS SA DE CV                                                                                                                                                                                                                                          ,435,Pagada    ,121.3056,0,0,0,0,0,0,0,0,758.16,105.84,1,PESOS                                                                           ,20.7653,36,CHANTAL FLORES                          ,            ,0,0,F     ,0,       ,0,       ,LINEA     ,51CPDL01            ,DIALAVIT CAJA C/30 CAPS                 ,       ,PZA   ,6,144,0,0,133.1979136,24K0291                       ,                         ,                                        ,24K0291                       
N5131     ,Dev. Just.   ,10/04/2025,FAR      ,24897,1047.4191,0,PHARMA PLUS SA DE CV                                                                                                                                                                                                                                          ,435,Pagada    ,144.4716,0,0,0,0,0,0,0,0,902.9475,126.0525,1,PESOS                                                                           ,20.7653,36,CHANTAL FLORES                          ,            ,0,0,F     ,0,       ,0,       ,LINEA     ,51GLVA04            ,VANESIR GEL 200 G                       ,       ,PZA   ,14,73.5,0,0,170.9026294,G24004                        ,                         ,                                        ,25A0019                       
N5131     ,Dev. Just.   ,10/04/2025,FAR      ,24897,13576.7502,0,PHARMA PLUS SA DE CV                                                                                                                                                                                                                                          ,435,Pagada    ,1872.6552,0,0,0,0,0,0,0,0,11704.095,1633.905,1,PESOS                                                                           ,20.7653,36,CHANTAL FLORES                          ,            ,0,0,F     ,0,       ,0,       ,LINEA     ,51TBME03            ,MEM-EH C/45 TABS                        ,V99    ,PZA   ,200,66.69,0,0,0,25A0019                       ,                         ,                                        ,25A0019                       
N5151     ,Dev. Just.   ,30/04/2025,FAR      ,25067,28135.8,0,LABORATORIO ELMOR MEXICO                                                                                                                                                                                                                                      ,368,Pagada    ,3880.8,0,0,0,0,0,0,0,0,24255,0,1,PESOS                                                                           ,19.586,27,MEXICO                                  ,            ,0,0,F     ,0,       ,0,       ,ANT       ,CCB-0884            ,ANTICIPO                                ,       ,ACT   ,1,24255,0,0,0,                              ,                         ,                                        ,                              
N5152     ,Dev. Just.   ,30/04/2025,FAR      ,25069,61480,0,LABORATORIO ELMOR MEXICO                                                                                                                                                                                                                                      ,368,Pagada    ,8480,0,0,0,0,0,0,0,0,53000,0,1,PESOS                                                                           ,19.586,27,MEXICO                                  ,            ,0,0,F     ,0,       ,0,       ,ANT       ,CCB-0884            ,ANTICIPO                                ,       ,ACT   ,1,53000,0,0,0,                              ,                         ,                                        ,                              
N5153     ,Dev. Just.   ,30/04/2025,FAR      ,25005,67.073172,0,COMERCIALIZADORA NATURISTA DE MEXICO S. DE R.L. DE C.V.                                                                                                                                                                                                       ,369,Pagada    ,9.251472,0,0,0,0,0,0,0,0,57.8217,1.7883,1,PESOS                                                                           ,19.586,33,TANIA CASTELLANOS                       ,            ,0,0,F     ,0,       ,0,       ,LINEA     ,51GLVA04            ,VANESIR GEL 200 G                       ,       ,PZA   ,1,59.61,0,0,12.116634,G25001                        ,                         ,                                        ,G25001                        
N5168     ,Dev. Just.   ,14/05/2025,FAR      ,24913,2923.2,0,FARMACIAS DE SIMILARES SA DE CV                                                                                                                                                                                                                               ,443,Pagada    ,403.2,0,0,0,0,0,0,0,0,2520,0,1,PESOS                                                                           ,19.4373,4,DIRECTO                                 ,            ,0,0,F     ,0,       ,0,       ,MAQUILA   ,51PLFX02            ,FIBOTAX SIMILARES 10g C/10 SOBRES       ,       ,PIEZA ,80,31.5,0,0,1436.641301,25C003                        ,                         ,                                        ,25C003                        
N5169     ,Dev. Just.   ,14/05/2025,FAR      ,24954,1461.6,0,FARMACIAS DE SIMILARES SA DE CV                                                                                                                                                                                                                               ,443,Pagada    ,201.6,0,0,0,0,0,0,0,0,1260,0,1,PESOS                                                                           ,19.4373,4,DIRECTO                                 ,            ,0,0,F     ,0,       ,0,       ,MAQUILA   ,51PLFX02            ,FIBOTAX SIMILARES 10g C/10 SOBRES       ,       ,PIEZA ,40,31.5,0,0,718.3206504,25D008                        ,                         ,                                        ,25D008                        
N5176     ,Dev. Just.   ,19/05/2025,FAR      ,25238,126672,0,LABORATORIO ELMOR MEXICO                                                                                                                                                                                                                                      ,368,Pagada    ,17472,0,0,0,0,0,0,0,0,109200,0,1,PESOS                                                                           ,19.5147,27,MEXICO                                  ,            ,0,0,F     ,0,       ,0,       ,ANT       ,CCB-0884            ,ANTICIPO                                ,       ,ACT   ,1,109200,0,0,0,                              ,                         ,                                        ,                              
N5186     ,Dev. Just.   ,30/05/2025,FAR      ,25422,48875.904,0,LABORATORIO ELMOR MEXICO                                                                                                                                                                                                                                      ,368,Pagada    ,6741.504,0,0,0,0,0,0,0,0,42134.4,0,1,PESOS                                                                           ,19.328,27,MEXICO                                  ,            ,0,0,F     ,0,       ,0,       ,ANT       ,CCB-0884            ,ANTICIPO                                ,       ,ACT   ,1,42134.4,0,0,0,                              ,                         ,                                        ,                              
N5193     ,Dev. Just.   ,09/06/2025,FAR      ,25428,1377.340848,0,PHARMA PLUS SA DE CV                                                                                                                                                                                                                                          ,435,Pagada    ,189.978048,0,0,0,0,0,0,0,0,1187.3628,165.7572,1,PESOS                                                                           ,19.1317,36,CHANTAL FLORES                          ,            ,0,0,F     ,0,       ,0,       ,LINEA     ,51PLFX04            ,FIBOTAX 10g C/30 SOBRES                 ,       ,PIEZA ,12,112.76,0,0,641.5801055,25D014                        ,                         ,                                        ,25D014                        
N5194     ,Dev. Just.   ,09/06/2025,FAR      ,25371,573.89202,0,PHARMA PLUS SA DE CV                                                                                                                                                                                                                                          ,435,Pagada    ,79.15752,0,0,0,0,0,0,0,0,494.7345,69.0655,1,PESOS                                                                           ,19.1317,36,CHANTAL FLORES                          ,            ,0,0,F     ,0,       ,0,       ,LINEA     ,51PLFX04            ,FIBOTAX 10g C/30 SOBRES                 ,       ,PIEZA ,5,112.76,0,0,267.325044,25D009                        ,                         ,                                        ,25D008                        
N5194     ,Dev. Just.   ,09/06/2025,FAR      ,25371,803.448828,0,PHARMA PLUS SA DE CV                                                                                                                                                                                                                                          ,435,Pagada    ,110.820528,0,0,0,0,0,0,0,0,692.6283,96.6917,1,PESOS                                                                           ,19.1317,36,CHANTAL FLORES                          ,            ,0,0,F     ,0,       ,0,       ,LINEA     ,51PLFX04            ,FIBOTAX 10g C/30 SOBRES                 ,       ,PIEZA ,7,112.76,0,0,374.2550616,25D008                        ,                         ,                                        ,25D008                        
N5199     ,Dev. Just.   ,10/06/2025,FAR      ,25424,678.73572,0,PHARMA PLUS SA DE CV                                                                                                                                                                                                                                          ,435,Pagada    ,93.61872,0,0,0,0,0,0,0,0,585.117,81.683,1,PESOS                                                                           ,19.0595,36,CHANTAL FLORES                          ,            ,0,0,F     ,0,       ,0,       ,LINEA     ,51TBME03            ,MEM-EH C/45 TABS                        ,V99    ,PZA   ,10,66.68,0,0,0,25A0019                       ,                         ,                                        ,25B0045                       
N5199     ,Dev. Just.   ,10/06/2025,FAR      ,25424,2714.94288,0,PHARMA PLUS SA DE CV                                                                                                                                                                                                                                          ,435,Pagada    ,374.47488,0,0,0,0,0,0,0,0,2340.468,326.732,1,PESOS                                                                           ,19.0595,36,CHANTAL FLORES                          ,            ,0,0,F     ,0,       ,0,       ,LINEA     ,51TBME03            ,MEM-EH C/45 TABS                        ,V99    ,PZA   ,40,66.68,0,0,0,25B0045                       ,                         ,                                        ,25B0045                       
N5200     ,Dev. Just.   ,11/06/2025,FAR      ,25478,71920,0,LABORATORIO ELMOR MEXICO                                                                                                                                                                                                                                      ,368,Pagada    ,9920,0,0,0,0,0,0,0,0,62000,0,1,PESOS                                                                           ,19.0518,27,MEXICO                                  ,            ,0,0,F     ,0,       ,0,       ,ANT       ,CCB-0884            ,ANTICIPO                                ,       ,ACT   ,1,62000,0,0,0,                              ,                         ,                                        ,                              
N5201     ,Dev. Just.   ,11/06/2025,FAR      ,25409,30269.272,0,XANA LAB                                                                                                                                                                                                                                                      ,421,Pagada    ,4175.072,0,0,0,0,0,0,0,0,26094.2,0,1,PESOS                                                                           ,19.0518,27,MEXICO                                  ,            ,0,0,F     ,0,       ,0,       ,LINEA     ,51CPDL01            ,DIALAVIT CAJA C/30 CAPS                 ,       ,PZA   ,580,44.99,0,0,12874.43033,25B0044                       ,                         ,                                        ,25D017                        
N5201     ,Dev. Just.   ,11/06/2025,FAR      ,25409,5714.16,0,XANA LAB                                                                                                                                                                                                                                                      ,421,Pagada    ,788.16,0,0,0,0,0,0,0,0,4926,0,1,PESOS                                                                           ,19.0518,27,MEXICO                                  ,            ,0,0,F     ,0,       ,0,       ,LINEA     ,51TBCV01            ,C-VYM CON 30 TABLETAS MASTICABLES       ,V99    ,PIEZA ,150,32.84,0,0,0,25C0089                       ,                         ,                                        ,25D017                        
N5201     ,Dev. Just.   ,11/06/2025,FAR      ,25409,76.5136,0,XANA LAB                                                                                                                                                                                                                                                      ,421,Pagada    ,10.5536,0,0,0,0,0,0,0,0,65.96,0,1,PESOS                                                                           ,19.0518,27,MEXICO                                  ,            ,0,0,F     ,0,       ,0,       ,LINEA     ,51PLKL01            ,KIDDYLAC 6 SOBRES DE 5GR C/U            ,       ,PZA   ,4,16.49,0,0,32.98700296,25C032                        ,                         ,                                        ,25D017                        
N5201     ,Dev. Just.   ,11/06/2025,FAR      ,25409,15458.74,0,XANA LAB                                                                                                                                                                                                                                                      ,421,Pagada    ,2132.24,0,0,0,0,0,0,0,0,13326.5,0,1,PESOS                                                                           ,19.0518,27,MEXICO                                  ,            ,0,0,F     ,0,       ,0,       ,LINEA     ,51GLVA04            ,VANESIR GEL 200 G                       ,       ,PZA   ,550,24.23,0,0,6664.1487,G25001                        ,                         ,                                        ,25D017                        
N5201     ,Dev. Just.   ,11/06/2025,FAR      ,25409,15280.68,0,XANA LAB                                                                                                                                                                                                                                                      ,421,Pagada    ,2107.68,0,0,0,0,0,0,0,0,13173,0,1,PESOS                                                                           ,19.0518,27,MEXICO                                  ,            ,0,0,F     ,0,       ,0,       ,LINEA     ,51PLCV03            ,C-VYM CERO AZUCAR C/11 SOBRES           ,       ,PIEZA ,300,43.91,0,0,6586.02489,25C034                        ,                         ,                                        ,25D017                        
N5201     ,Dev. Just.   ,11/06/2025,FAR      ,25409,11546.64,0,XANA LAB                                                                                                                                                                                                                                                      ,421,Pagada    ,1592.64,0,0,0,0,0,0,0,0,9954,0,1,PESOS                                                                           ,19.0518,27,MEXICO                                  ,            ,0,0,F     ,0,       ,0,       ,LINEA     ,51PLCV01            ,C-VYM NARANJA-MANDARINA C/11 SOBRES     ,       ,PIEZA ,200,49.77,0,0,4976.844716,25D017                        ,                         ,                                        ,25D017                        
N5203     ,Dev. Just.   ,12/06/2025,FAR      ,25409,2886.66,0,XANA LAB                                                                                                                                                                                                                                                      ,421,Pagada    ,398.16,0,0,0,0,0,0,0,0,2488.5,0,1,PESOS                                                                           ,18.879,27,MEXICO                                  ,            ,0,0,F     ,0,       ,0,       ,LINEA     ,51PLCV01            ,C-VYM NARANJA-MANDARINA C/11 SOBRES     ,       ,PIEZA ,50,49.77,0,0,1244.211179,25D017                        ,                         ,                                        ,25D0103                       
N5203     ,Dev. Just.   ,12/06/2025,FAR      ,25409,1420.42,0,XANA LAB                                                                                                                                                                                                                                                      ,421,Pagada    ,195.92,0,0,0,0,0,0,0,0,1224.5,0,1,PESOS                                                                           ,18.879,27,MEXICO                                  ,            ,0,0,F     ,0,       ,0,       ,LINEA     ,51CPVT03            ,VITEM 3RA /30 CAPS.                     ,V99    ,PZA   ,50,24.49,0,0,0,25C0077                       ,                         ,                                        ,25D0103                       
N5203     ,Dev. Just.   ,12/06/2025,FAR      ,25409,12287.88,0,XANA LAB                                                                                                                                                                                                                                                      ,421,Pagada    ,1694.88,0,0,0,0,0,0,0,0,10593,0,1,PESOS                                                                           ,18.879,27,MEXICO                                  ,            ,0,0,F     ,0,       ,0,       ,LINEA     ,51TBCG01            ,COLAGENER C/60 TABS.                    ,V99    ,PZA   ,450,23.54,0,0,0,25B0042                       ,                         ,                                        ,25D0103                       
N5203     ,Dev. Just.   ,12/06/2025,FAR      ,25409,3855.84,0,XANA LAB                                                                                                                                                                                                                                                      ,421,Pagada    ,531.84,0,0,0,0,0,0,0,0,3324,0,1,PESOS                                                                           ,18.879,27,MEXICO                                  ,            ,0,0,F     ,0,       ,0,       ,LINEA     ,51TBME01            ,MEM-EH C/30 TABS                        ,V99    ,PZA   ,200,16.62,0,0,0,25D0103                       ,                         ,                                        ,25D0103                       
N5215     ,Dev. Just.   ,17/06/2025,FAR      ,25463,678.73572,0,PHARMA PLUS SA DE CV                                                                                                                                                                                                                                          ,435,Pagada    ,93.61872,0,0,0,0,0,0,0,0,585.117,81.683,1,PESOS                                                                           ,18.9083,36,CHANTAL FLORES                          ,            ,0,0,F     ,0,       ,0,       ,LINEA     ,51TBME03            ,MEM-EH C/45 TABS                        ,V99    ,PZA   ,10,66.68,0,0,0,25A0019                       ,                         ,                                        ,25B0045                       
N5215     ,Dev. Just.   ,17/06/2025,FAR      ,25463,2714.94288,0,PHARMA PLUS SA DE CV                                                                                                                                                                                                                                          ,435,Pagada    ,374.47488,0,0,0,0,0,0,0,0,2340.468,326.732,1,PESOS                                                                           ,18.9083,36,CHANTAL FLORES                          ,            ,0,0,F     ,0,       ,0,       ,LINEA     ,51TBME03            ,MEM-EH C/45 TABS                        ,V99    ,PZA   ,40,66.68,0,0,0,25B0045                       ,                         ,                                        ,25B0045                       
N5216     ,Dev. Just.   ,17/06/2025,FAR      ,25462,379.17036,0,PHARMA PLUS SA DE CV                                                                                                                                                                                                                                          ,435,Pagada    ,52.29936,0,0,0,0,0,0,0,0,326.871,36.319,1,PESOS                                                                           ,18.9083,36,CHANTAL FLORES                          ,            ,0,0,F     ,0,       ,0,       ,MARCA PROP,51PLVC01            ,COLÁGENO SABOR VAINILLA BOLSA CON 600 g ,       ,PZA   ,1,363.19,0,0,142.4570433,25A083                        ,                         ,                                        ,25A083                        
N5222     ,Dev. Just.   ,23/06/2025,FAR      ,25409,2343.0376,0,XANA LAB                                                                                                                                                                                                                                                      ,421,Pagada    ,323.1776,0,0,0,0,0,0,0,0,2019.86,0,1,PESOS                                                                           ,19.1458,27,MEXICO                                  ,            ,0,0,F     ,0,       ,0,       ,LINEA     ,51PLCV03            ,C-VYM CERO AZUCAR C/11 SOBRES           ,       ,PIEZA ,46,43.91,0,0,1009.85715,25D018                        ,                         ,                                        ,25D017                        
N5222     ,Dev. Just.   ,23/06/2025,FAR      ,25409,15993.7784,0,XANA LAB                                                                                                                                                                                                                                                      ,421,Pagada    ,2206.0384,0,0,0,0,0,0,0,0,13787.74,0,1,PESOS                                                                           ,19.1458,27,MEXICO                                  ,            ,0,0,F     ,0,       ,0,       ,LINEA     ,51PLCV03            ,C-VYM CERO AZUCAR C/11 SOBRES           ,       ,PIEZA ,314,43.91,0,0,6893.372718,25C034                        ,                         ,                                        ,25D017                        
N5222     ,Dev. Just.   ,23/06/2025,FAR      ,25409,13333.04,0,XANA LAB                                                                                                                                                                                                                                                      ,421,Pagada    ,1839.04,0,0,0,0,0,0,0,0,11494,0,1,PESOS                                                                           ,19.1458,27,MEXICO                                  ,            ,0,0,F     ,0,       ,0,       ,LINEA     ,51TBCV01            ,C-VYM CON 30 TABLETAS MASTICABLES       ,V99    ,PIEZA ,350,32.84,0,0,0,25C0089                       ,                         ,                                        ,25D017                        
N5222     ,Dev. Just.   ,23/06/2025,FAR      ,25409,14433.3,0,XANA LAB                                                                                                                                                                                                                                                      ,421,Pagada    ,1990.8,0,0,0,0,0,0,0,0,12442.5,0,1,PESOS                                                                           ,19.1458,27,MEXICO                                  ,            ,0,0,F     ,0,       ,0,       ,LINEA     ,51PLCV01            ,C-VYM NARANJA-MANDARINA C/11 SOBRES     ,       ,PIEZA ,250,49.77,0,0,6221.055895,25D017                        ,                         ,                                        ,25D017                        
N5224     ,Dev. Just.   ,26/06/2025,FAR      ,25409,9942.94,0,XANA LAB                                                                                                                                                                                                                                                      ,421,Pagada    ,1371.44,0,0,0,0,0,0,0,0,8571.5,0,1,PESOS                                                                           ,18.9203,27,MEXICO                                  ,            ,0,0,F     ,0,       ,0,       ,LINEA     ,51CPVT03            ,VITEM 3RA /30 CAPS.                     ,V99    ,PZA   ,350,24.49,0,0,0,25C0078                       ,                         ,                                        ,G25001                        
N5224     ,Dev. Just.   ,26/06/2025,FAR      ,25409,922.142,0,XANA LAB                                                                                                                                                                                                                                                      ,421,Pagada    ,127.192,0,0,0,0,0,0,0,0,794.95,0,1,PESOS                                                                           ,18.9203,27,MEXICO                                  ,            ,0,0,F     ,0,       ,0,       ,LINEA     ,51GLVA02            ,VANESIR GEL 50 G                        ,       ,PZA   ,65,12.23,0,0,355.7443773,G23003                        ,                         ,                                        ,G25001                        
N5224     ,Dev. Just.   ,26/06/2025,FAR      ,25409,11242.72,0,XANA LAB                                                                                                                                                                                                                                                      ,421,Pagada    ,1550.72,0,0,0,0,0,0,0,0,9692,0,1,PESOS                                                                           ,18.9203,27,MEXICO                                  ,            ,0,0,F     ,0,       ,0,       ,LINEA     ,51GLVA04            ,VANESIR GEL 200 G                       ,       ,PZA   ,400,24.23,0,0,4846.6536,G25001                        ,                         ,                                        ,G25001                        
N5233     ,Dev. Just.   ,24/07/2025,FAR      ,25635,84448,0,LABORATORIO ELMOR MEXICO                                                                                                                                                                                                                                      ,368,Pagada    ,11648,0,0,0,0,0,0,0,0,72800,0,1,PESOS                                                                           ,18.5735,27,MEXICO                                  ,            ,0,0,F     ,0,       ,0,       ,ANT       ,CCB-0884            ,ANTICIPO                                ,       ,ACT   ,1,72800,0,0,0,                              ,                         ,                                        ,                              
N5247     ,Dev. Just.   ,29/07/2025,FAR      ,25648,61650.6128,0,LABORATORIO ELMOR MEXICO                                                                                                                                                                                                                                      ,368,Pagada    ,8503.5328,0,0,0,0,0,0,0,0,53147.08,0,1,PESOS                                                                           ,18.557,27,MEXICO                                  ,            ,0,0,F     ,0,       ,0,       ,ANT       ,CCB-0884            ,ANTICIPO                                ,       ,ACT   ,1,53147.08,0,0,0,                              ,                         ,                                        ,                              
N5249     ,Dev. Just.   ,31/07/2025,FAR      ,25409,1844.284,0,XANA LAB                                                                                                                                                                                                                                                      ,421,Pagada    ,254.384,0,0,0,0,0,0,0,0,1589.9,0,1,PESOS                                                                           ,18.557,27,MEXICO                                  ,            ,0,0,F     ,0,       ,0,       ,LINEA     ,51GLVA02            ,VANESIR GEL 50 G                        ,       ,PZA   ,130,12.23,0,0,711.4887546,G23003                        ,                         ,                                        ,G23003                        
N5252     ,Dev. Just.   ,04/08/2025,FAR      ,25649,2094.8382,0,PHARMA PLUS SA DE CV                                                                                                                                                                                                                                          ,435,Pagada    ,288.9432,0,0,0,0,0,0,0,0,1805.895,252.105,1,PESOS                                                                           ,18.557,36,CHANTAL FLORES                          ,            ,0,0,F     ,0,       ,0,       ,LINEA     ,51CPKM01            ,KAMINA CAPS FCO/60 CON CAJA             ,       ,PIEZA ,20,102.9,0,0,823.4,25C0096                       ,                         ,                                        ,25C0096                       
N5254     ,Dev. Just.   ,07/08/2025,FAR      ,25427,2193.755344,0,PROMOTORA SALUDANAT SA DE CV                                                                                                                                                                                                                                  ,428,Pagada    ,302.586944,0,0,0,0,0,0,0,0,1891.1684,68.5916,1,PESOS                                                                           ,18.557,33,TANIA CASTELLANOS                       ,            ,0,0,F     ,0,       ,0,       ,LINEA     ,51TBPF01            ,PLENIFORM 40 /30 TABS.                  ,V99    ,PZA   ,34,57.64,0,0,666.4,25D0102                       ,                         ,                                        ,25D0102                       
N5255     ,Dev. Just.   ,11/08/2025,FAR      ,25679,1033.005636,0,PHARMA PLUS SA DE CV                                                                                                                                                                                                                                          ,435,Pagada    ,142.483536,0,0,0,0,0,0,0,0,890.5221,124.3179,1,PESOS                                                                           ,18.557,36,CHANTAL FLORES                          ,            ,0,0,F     ,0,       ,0,       ,LINEA     ,51PLFX04            ,FIBOTAX 10g C/30 SOBRES                 ,       ,PIEZA ,9,112.76,0,0,466.65,25F109                        ,                         ,                                        ,25F109                        
N5260     ,Dev. Just.   ,15/08/2025,FAR      ,25698,78.602238,0,PHARMA PLUS SA DE CV                                                                                                                                                                                                                                          ,435,Pagada    ,10.841688,0,0,0,0,0,0,0,0,67.76055,9.45945,1,PESOS                                                                           ,18.557,36,CHANTAL FLORES                          ,            ,0,0,F     ,0,       ,0,       ,LINEA     ,51JBNC01            ,NATUBRON CERO JARABE 240 ML             ,       ,PZA   ,1,77.22,0,0,14.25,25F0170                       ,                         ,                                        ,25F0163                       
N5260     ,Dev. Just.   ,15/08/2025,FAR      ,25698,16758.7056,0,PHARMA PLUS SA DE CV                                                                                                                                                                                                                                          ,435,Pagada    ,2311.5456,0,0,0,0,0,0,0,0,14447.16,2016.84,1,PESOS                                                                           ,18.557,36,CHANTAL FLORES                          ,            ,0,0,F     ,0,       ,0,       ,LINEA     ,51CPKM01            ,KAMINA CAPS FCO/60 CON CAJA             ,       ,PIEZA ,160,102.9,0,0,6587.2,25F0163                       ,                         ,                                        ,25F0163                       
N5261     ,Dev. Just.   ,15/08/2025,FAR      ,25696,695.304,0,PHARMA PLUS SA DE CV                                                                                                                                                                                                                                          ,435,Pagada    ,95.904,0,0,0,0,0,0,0,0,599.4,66.6,1,PESOS                                                                           ,18.557,36,CHANTAL FLORES                          ,            ,0,0,F     ,0,       ,0,       ,MARCA PROP,51CPOM01            ,"OMEGA 3, 6 Y 9 C/60 CAPS AL NATURAL     ",       ,PZA   ,6,111,0,0,377.52,25G021                        ,                         ,                                        ,25G021                        
N5262     ,Dev. Just.   ,15/08/2025,FAR      ,25636,211.12,211.12,LABORATORIO ELMOR MEXICO                                                                                                                                                                                                                                      ,368,Emitida   ,29.12,0,0,0,0,0,0,0,0,182,0,1,PESOS                                                                           ,18.557,27,MEXICO                                  ,            ,0,0,F     ,0,       ,0,       ,MAQUILA   ,51PLCX01            ,CART X-3 CAJA CON 30 SOBRES 12.5GR      ,       ,PZA   ,1,182,0,0,89.01,25F124                        ,                         ,                                        ,25F124                        
N5266     ,Dev. Just.   ,18/08/2025,FAR      ,25708,71920,0,LABORATORIO ELMOR MEXICO                                                                                                                                                                                                                                      ,368,Pagada    ,9920,0,0,0,0,0,0,0,0,62000,0,1,PESOS                                                                           ,18.557,27,MEXICO                                  ,            ,0,0,F     ,0,       ,0,       ,ANT       ,CCB-0884            ,ANTICIPO                                ,       ,ACT   ,1,62000,0,0,0,                              ,                         ,                                        ,                              
N5267     ,Dev. Just.   ,18/08/2025,FAR      ,25709,126672,0,LABORATORIO ELMOR MEXICO                                                                                                                                                                                                                                      ,368,Pagada    ,17472,0,0,0,0,0,0,0,0,109200,0,1,PESOS                                                                           ,18.557,27,MEXICO                                  ,            ,0,0,F     ,0,       ,0,       ,ANT       ,CCB-0884            ,ANTICIPO                                ,       ,ACT   ,1,109200,0,0,0,                              ,                         ,                                        ,                              
N5274     ,Dev. Just.   ,29/08/2025,FAR      ,25724,5564.8593,0,PHARMA PLUS SA DE CV                                                                                                                                                                                                                                          ,435,Pagada    ,767.5668,0,0,0,0,0,0,0,0,4797.2925,669.7075,1,PESOS                                                                           ,18.557,36,CHANTAL FLORES                          ,            ,0,0,F     ,0,       ,0,       ,LINEA     ,51TBPF01            ,PLENIFORM 40 /30 TABS.                  ,       ,PZA   ,71,77,0,0,0,25F0140                       ,                         ,                                        ,25F0140                       
N5275     ,Dev. Just.   ,29/08/2025,FAR      ,25715,41.9688,0,PHARMA PLUS SA DE CV                                                                                                                                                                                                                                          ,435,Pagada    ,5.7888,0,0,0,0,0,0,0,0,36.18,4.02,1,PESOS                                                                           ,18.557,36,CHANTAL FLORES                          ,            ,0,0,F     ,0,       ,0,       ,MARCA PROP,51TBCB01            ,COMPLEJO B C/30 TABS. AL NATURAL        ,       ,PIEZA ,1,40.2,0,0,6.77,25F0159                       ,                         ,                                        ,25H003                        
N5275     ,Dev. Just.   ,29/08/2025,FAR      ,25715,115.884,0,PHARMA PLUS SA DE CV                                                                                                                                                                                                                                          ,435,Pagada    ,15.984,0,0,0,0,0,0,0,0,99.9,11.1,1,PESOS                                                                           ,18.557,36,CHANTAL FLORES                          ,            ,0,0,F     ,0,       ,0,       ,MARCA PROP,51CPOM01            ,"OMEGA 3, 6 Y 9 C/60 CAPS AL NATURAL     ",       ,PZA   ,1,111,0,0,62.92,25H003                        ,                         ,                                        ,25H003                        
N5281     ,Dev. Just.   ,17/09/2025,FAR      ,25752,10056.47616,0,PHARMA PLUS SA DE CV                                                                                                                                                                                                                                          ,435,Pagada    ,1387.10016,0,0,0,0,0,0,0,0,8669.376,963.264,1,PESOS                                                                           ,18.5287,36,CHANTAL FLORES                          ,            ,0,0,F     ,0,       ,0,       ,MARCA PROP,51TBZN01            ,ZINC C/30 TABS AL NATURAL               ,       ,PZA   ,174,55.36,0,0,1341.725407,25F0178                       ,                         ,                                        ,25F0175                       
N5281     ,Dev. Just.   ,17/09/2025,FAR      ,25752,927.072,0,PHARMA PLUS SA DE CV                                                                                                                                                                                                                                          ,435,Pagada    ,127.872,0,0,0,0,0,0,0,0,799.2,88.8,1,PESOS                                                                           ,18.5287,36,CHANTAL FLORES                          ,            ,0,0,F     ,0,       ,0,       ,MARCA PROP,51CPOM01            ,"OMEGA 3, 6 Y 9 C/60 CAPS AL NATURAL     ",       ,PZA   ,8,111,0,0,503.36,25G021                        ,                         ,                                        ,25F0175                       
N5281     ,Dev. Just.   ,17/09/2025,FAR      ,25752,4308.91164,0,PHARMA PLUS SA DE CV                                                                                                                                                                                                                                          ,435,Pagada    ,594.33264,0,0,0,0,0,0,0,0,3714.579,412.731,1,PESOS                                                                           ,18.5287,36,CHANTAL FLORES                          ,            ,0,0,F     ,0,       ,0,       ,MARCA PROP,51TBVB01            ,VITAMINA B12 C/30 TABS AL NATURAL       ,       ,PZA   ,99,41.69,0,0,723.0762,25F0175                       ,                         ,                                        ,25F0175                       
N5282     ,Dev. Just.   ,17/09/2025,FAR      ,25754,14963.13,0,PHARMA PLUS SA DE CV                                                                                                                                                                                                                                          ,435,Pagada    ,2063.88,0,0,0,0,0,0,0,0,12899.25,1800.75,1,PESOS                                                                           ,18.5287,36,CHANTAL FLORES                          ,            ,0,0,F     ,0,       ,0,       ,LINEA     ,51GLVA04            ,VANESIR GEL 200 G                       ,       ,PZA   ,200,73.5,0,0,9462,G25002                        ,                         ,                                        ,25D0114                       
N5282     ,Dev. Just.   ,17/09/2025,FAR      ,25754,2754.681696,0,PHARMA PLUS SA DE CV                                                                                                                                                                                                                                          ,435,Pagada    ,379.956096,0,0,0,0,0,0,0,0,2374.7256,331.5144,1,PESOS                                                                           ,18.5287,36,CHANTAL FLORES                          ,            ,0,0,F     ,0,       ,0,       ,LINEA     ,51PLFX04            ,FIBOTAX 10g C/30 SOBRES                 ,       ,PIEZA ,24,112.76,0,0,1244.4,25H016                        ,                         ,                                        ,25D0114                       
N5282     ,Dev. Just.   ,17/09/2025,FAR      ,25754,1965.05595,0,PHARMA PLUS SA DE CV                                                                                                                                                                                                                                          ,435,Pagada    ,271.0422,0,0,0,0,0,0,0,0,1694.01375,236.48625,1,PESOS                                                                           ,18.5287,36,CHANTAL FLORES                          ,            ,0,0,F     ,0,       ,0,       ,LINEA     ,51JBNC01            ,NATUBRON CERO JARABE 240 ML             ,       ,PZA   ,25,77.22,0,0,356.25,25D0114                       ,                         ,                                        ,25D0114                       
N5284     ,Dev. Just.   ,19/09/2025,FAR      ,25764,24284.6,0,LABORATORIO ELMOR MEXICO                                                                                                                                                                                                                                      ,368,Pagada    ,3349.6,0,0,0,0,0,0,0,0,20935,0,1,PESOS                                                                           ,18.5287,27,MEXICO                                  ,            ,0,0,F     ,0,       ,0,       ,ANT       ,CCB-0884            ,ANTICIPO                                ,       ,ACT   ,1,20935,0,0,0,                              ,                         ,                                        ,                              
N5285     ,Dev. Just.   ,22/09/2025,FAR      ,25772,37195.4,0,LABORATORIO ELMOR MEXICO                                                                                                                                                                                                                                      ,368,Pagada    ,5130.4,0,0,0,0,0,0,0,0,32065,0,1,PESOS                                                                           ,18.5287,27,MEXICO                                  ,            ,0,0,F     ,0,       ,0,       ,ANT       ,CCB-0884            ,ANTICIPO                                ,       ,ACT   ,1,32065,0,0,0,                              ,                         ,                                        ,                              
N5289     ,Dev. Just.   ,25/09/2025,FAR      ,25761,3862.42155,0,PHARMA PLUS SA DE CV                                                                                                                                                                                                                                          ,435,Pagada    ,532.7478,0,0,0,0,0,0,0,0,3329.67375,464.82625,1,PESOS                                                                           ,18.5287,36,CHANTAL FLORES                          ,            ,0,0,F     ,0,       ,0,       ,LINEA     ,51TBCV01            ,C-VYM CON 30 TABLETAS MASTICABLES       ,       ,PIEZA ,50,75.89,0,0,1088,25H0198                       ,                         ,                                        ,25H0198                       
N5290     ,Dev. Just.   ,25/09/2025,FAR      ,25773,6374.49696,0,PHARMA PLUS SA DE CV                                                                                                                                                                                                                                          ,435,Pagada    ,879.24096,0,0,0,0,0,0,0,0,5495.256,767.144,1,PESOS                                                                           ,18.5287,36,CHANTAL FLORES                          ,            ,0,0,F     ,0,       ,0,       ,LINEA     ,51TBEX01            ,EXZON C/90 TABS.                        ,       ,PZA   ,80,78.28,0,0,1624.8,25H095                        ,                         ,                                        ,25H095                        
N5291     ,Dev. Just.   ,26/09/2025,FAR      ,25777,35960,0,LABORATORIO ELMOR MEXICO                                                                                                                                                                                                                                      ,368,Pagada    ,4960,0,0,0,0,0,0,0,0,31000,0,1,PESOS                                                                           ,18.5287,27,MEXICO                                  ,            ,0,0,F     ,0,       ,0,       ,ANT       ,CCB-0884            ,ANTICIPO                                ,       ,ACT   ,1,31000,0,0,0,                              ,                         ,                                        ,                              
N5293     ,Dev. Just.   ,30/09/2025,FAR      ,25794,63544.8,0,LABORATORIO ELMOR MEXICO                                                                                                                                                                                                                                      ,368,Pagada    ,8764.8,0,0,0,0,0,0,0,0,54780,0,1,PESOS                                                                           ,18.5287,27,MEXICO                                  ,            ,0,0,F     ,0,       ,0,       ,ANT       ,CCB-0884            ,ANTICIPO                                ,       ,ACT   ,1,54780,0,0,0,                              ,                         ,                                        ,                              
N5296     ,Dev. Just.   ,07/10/2025,FAR      ,25803,44751.04608,0,LABORATORIO ELMOR MEXICO                                                                                                                                                                                                                                      ,368,Pagada    ,6172.55808,0,0,0,0,0,0,0,0,38578.488,0,1,PESOS                                                                           ,18.5287,27,MEXICO                                  ,            ,0,0,F     ,0,       ,0,       ,ANT       ,CCB-0884            ,ANTICIPO                                ,       ,ACT   ,1,38578.488,0,0,0,                              ,                         ,                                        ,                              
N5298     ,Dev. Just.   ,08/10/2025,FAR      ,25811,84448,0,LABORATORIO ELMOR MEXICO                                                                                                                                                                                                                                      ,368,Pagada    ,11648,0,0,0,0,0,0,0,0,72800,0,1,PESOS                                                                           ,18.5287,27,MEXICO                                  ,            ,0,0,F     ,0,       ,0,       ,ANT       ,CCB-0884            ,ANTICIPO                                ,       ,ACT   ,1,72800,0,0,0,                              ,                         ,                                        ,                              
N5299     ,Dev. Just.   ,08/10/2025,FAR      ,25813,84448,0,LABORATORIO ELMOR MEXICO                                                                                                                                                                                                                                      ,368,Pagada    ,11648,0,0,0,0,0,0,0,0,72800,0,1,PESOS                                                                           ,18.5287,27,MEXICO                                  ,            ,0,0,F     ,0,       ,0,       ,ANT       ,CCB-0884            ,ANTICIPO                                ,       ,ACT   ,1,72800,0,0,0,                              ,                         ,                                        ,                              
N5316     ,Dev. Just.   ,16/10/2025,FAR      ,25426,1399.481099,0,ROSARIO MENDOZA MACEDO                                                                                                                                                                                                                                        ,8,Pagada    ,193.0318757,0,0,0,0,0,0,0,0,1206.449223,0,1,PESOS                                                                           ,18.5287,33,TANIA CASTELLANOS                       ,            ,0,0,F     ,0,       ,0,       ,LINEA     ,51PLCV01            ,C-VYM NARANJA-MANDARINA C/11 SOBRES     ,       ,PIEZA ,21,57.449963,0,0,407.4,25D017                        ,                         ,                                        ,25D017                        
N5317     ,Dev. Just.   ,16/10/2025,FAR      ,25779,6411.9,0,FARMACIAS BENAVIDES S A B DE C V                                                                                                                                                                                                                              ,387,Pagada    ,884.4,0,0,0,0,0,0,0,0,5527.5,0,1,PESOS                                                                           ,18.5287,36,CHANTAL FLORES                          ,            ,0,0,F     ,0,       ,0,       ,MARCA PROP,51TBVK01            ,VITAMINA C Y BIOFLAVONOIDES FCO/60 TABS ,       ,PIEZA ,165,33.5,0,0,1889.669006,25B088                        ,                         ,                                        ,25F0141                       
N5317     ,Dev. Just.   ,16/10/2025,FAR      ,25779,26329.68,0,FARMACIAS BENAVIDES S A B DE C V                                                                                                                                                                                                                              ,387,Pagada    ,3631.68,0,0,0,0,0,0,0,0,22698,0,1,PESOS                                                                           ,18.5287,36,CHANTAL FLORES                          ,            ,0,0,F     ,0,       ,0,       ,MARCA PROP,51JBMP01            ,MIEL/PROPOLEO/MENTA Y EUCALIPTO 240ML   ,       ,PZA   ,600,37.83,0,0,9666,25F0141                       ,                         ,                                        ,25F0141                       
N5318     ,Dev. Just.   ,16/10/2025,FAR      ,25781,8681.6691,0,PHARMA PLUS SA DE CV                                                                                                                                                                                                                                          ,435,Pagada    ,1197.4716,0,0,0,0,0,0,0,0,7484.1975,1044.8025,1,PESOS                                                                           ,18.5287,36,CHANTAL FLORES                          ,            ,0,0,F     ,0,       ,0,       ,LINEA     ,51PLCV01            ,C-VYM NARANJA-MANDARINA C/11 SOBRES     ,       ,PIEZA ,100,85.29,0,0,1720,25F122                        ,                         ,                                        ,25F122                        
N5319     ,Dev. Just.   ,16/10/2025,FAR      ,25801,23755.7502,0,PHARMA PLUS SA DE CV                                                                                                                                                                                                                                          ,435,Pagada    ,3276.6552,0,0,0,0,0,0,0,0,20479.095,2858.905,1,PESOS                                                                           ,18.5287,36,CHANTAL FLORES                          ,            ,0,0,F     ,0,       ,0,       ,LINEA     ,51TBME03            ,MEM-EH C/45 TABS                        ,       ,PZA   ,350,66.68,0,0,9723,25I0244                       ,                         ,                                        ,25H0209                       
N5319     ,Dev. Just.   ,16/10/2025,FAR      ,25801,3021.1272,0,PHARMA PLUS SA DE CV                                                                                                                                                                                                                                          ,435,Pagada    ,416.7072,0,0,0,0,0,0,0,0,2604.42,363.58,1,PESOS                                                                           ,18.5287,36,CHANTAL FLORES                          ,            ,0,0,F     ,0,       ,0,       ,LINEA     ,51TBTM05            ,TAMARIN-LX /45 CAPS.                    ,       ,PZA   ,50,59.36,0,0,696.5,25H0209                       ,                         ,                                        ,25H0209                       
N5329     ,Dev. Just.   ,24/10/2025,FAR      ,25830,71920,0,LABORATORIO ELMOR MEXICO                                                                                                                                                                                                                                      ,368,Pagada    ,9920,0,0,0,0,0,0,0,0,62000,0,1,PESOS                                                                           ,18.5287,27,MEXICO                                  ,            ,0,0,F     ,0,       ,0,       ,ANT       ,CCB-0884            ,ANTICIPO                                ,       ,ACT   ,1,62000,0,0,0,                              ,                         ,                                        ,                              
N5348     ,Dev. Just.   ,29/10/2025,FAR      ,25828,157.204476,0,PHARMA PLUS SA DE CV                                                                                                                                                                                                                                          ,435,Pagada    ,21.683376,0,0,0,0,0,0,0,0,135.5211,18.9189,1,PESOS                                                                           ,18.5287,36,CHANTAL FLORES                          ,            ,0,0,F     ,0,       ,0,       ,LINEA     ,51JBNC01            ,NATUBRON CERO JARABE 240 ML             ,       ,PZA   ,2,77.22,0,0,28.5,25J041                        ,                         ,                                        ,25J041                        
N5349     ,Dev. Just.   ,29/10/2025,FAR      ,25829,58.52925,0,PHARMA PLUS SA DE CV                                                                                                                                                                                                                                          ,435,Pagada    ,8.073,0,0,0,0,0,0,0,0,50.45625,7.04375,1,PESOS                                                                           ,18.5287,36,CHANTAL FLORES                          ,            ,0,0,F     ,0,       ,0,       ,LINEA     ,51PLKL01            ,KIDDYLAC 6 SOBRES DE 5GR C/U            ,       ,PZA   ,1,57.5,0,0,8.46,25H025                        ,                         ,                                        ,25D017                        
N5349     ,Dev. Just.   ,29/10/2025,FAR      ,25829,607.716837,0,PHARMA PLUS SA DE CV                                                                                                                                                                                                                                          ,435,Pagada    ,83.823012,0,0,0,0,0,0,0,0,523.893825,73.136175,1,PESOS                                                                           ,18.5287,36,CHANTAL FLORES                          ,            ,0,0,F     ,0,       ,0,       ,LINEA     ,51PLCV01            ,C-VYM NARANJA-MANDARINA C/11 SOBRES     ,       ,PIEZA ,7,85.29,0,0,161.592989,25D017                        ,                         ,                                        ,25D017                        
N5350     ,Dev. Just.   ,29/10/2025,FAR      ,25827,2897.1,0,PHARMA PLUS SA DE CV                                                                                                                                                                                                                                          ,435,Pagada    ,399.6,0,0,0,0,0,0,0,0,2497.5,277.5,1,PESOS                                                                           ,18.5287,36,CHANTAL FLORES                          ,            ,0,0,F     ,0,       ,0,       ,MARCA PROP,51CPOM02            ,OMEGA 3 C/60 CAPS AL NATURAL            ,       ,PZA   ,25,111,0,0,726.25,25I028                        ,                         ,                                        ,25I028                        
N5351     ,Dev. Just.   ,30/10/2025,FAR      ,25839,71108,0,LABORATORIO ELMOR MEXICO                                                                                                                                                                                                                                      ,368,Pagada    ,9808,0,0,0,0,0,0,0,0,61300,0,1,PESOS                                                                           ,18.5287,27,MEXICO                                  ,            ,0,0,F     ,0,       ,0,       ,ANT       ,CCB-0884            ,ANTICIPO                                ,       ,ACT   ,1,61300,0,0,0,                              ,                         ,                                        ,                              
N5352     ,Dev. Just.   ,30/10/2025,FAR      ,25840,61480,0,LABORATORIO ELMOR MEXICO                                                                                                                                                                                                                                      ,368,Pagada    ,8480,0,0,0,0,0,0,0,0,53000,0,1,PESOS                                                                           ,18.5287,27,MEXICO                                  ,            ,0,0,F     ,0,       ,0,       ,ANT       ,CCB-0884            ,ANTICIPO                                ,       ,ACT   ,1,53000,0,0,0,                              ,                         ,                                        ,                              
N5356     ,Dev. Just.   ,06/11/2025,FAR      ,25615,3395.9,0,FARMACIAS BENAVIDES S A B DE C V                                                                                                                                                                                                                              ,387,Pagada    ,468.4,0,0,0,0,0,0,0,0,2927.5,0,1,PESOS                                                                           ,18.5287,38,ERNESTO MURILLO                         ,            ,0,0,F     ,0,       ,0,       ,MARCA PROP,51CPCV01            ,"COENZIMAQ10, OM3, VIT Y MIN FCO/30 CAPS ",       ,PZA   ,50,58.55,0,0,0,24F0148                       ,                         ,                                        ,24F0148                       
N5357     ,Dev. Just.   ,06/11/2025,FAR      ,25562,1392,0,FARMACIAS BENAVIDES S A B DE C V                                                                                                                                                                                                                              ,387,Pagada    ,192,0,0,0,0,0,0,0,0,1200,0,1,PESOS                                                                           ,18.5287,38,ERNESTO MURILLO                         ,            ,0,0,F     ,0,       ,0,       ,MARCA PROP,51TBEX03            ,FIBRA/BIOFLAV/LACTOB/VITAMINAS 90 TABS  ,       ,PZA   ,15,80,0,0,404.0669975,25C014                        ,                         ,                                        ,24L062                        
N5357     ,Dev. Just.   ,06/11/2025,FAR      ,25562,165.3464,0,FARMACIAS BENAVIDES S A B DE C V                                                                                                                                                                                                                              ,387,Pagada    ,22.8064,0,0,0,0,0,0,0,0,142.54,0,1,PESOS                                                                           ,18.5287,38,ERNESTO MURILLO                         ,            ,0,0,F     ,0,       ,0,       ,MARCA PROP,51CPVAF01           ,VITAMINA A 200 MG C/30 CAPSULAS BLANDAS ,       ,PZA   ,2,71.27,0,0,54.57430574,24L062                        ,                         ,                                        ,24L062                        
N5358     ,Dev. Just.   ,06/11/2025,FAR      ,25739,3712,0,FARMACIAS BENAVIDES S A B DE C V                                                                                                                                                                                                                              ,387,Pagada    ,512,0,0,0,0,0,0,0,0,3200,0,1,PESOS                                                                           ,18.5287,38,ERNESTO MURILLO                         ,            ,0,0,F     ,0,       ,0,       ,MARCA PROP,51TBEX03            ,FIBRA/BIOFLAV/LACTOB/VITAMINAS 90 TABS  ,       ,PZA   ,40,80,0,0,844.8,25G032                        ,                         ,                                        ,25B088                        
N5358     ,Dev. Just.   ,06/11/2025,FAR      ,25739,11658,0,FARMACIAS BENAVIDES S A B DE C V                                                                                                                                                                                                                              ,387,Pagada    ,1608,0,0,0,0,0,0,0,0,10050,0,1,PESOS                                                                           ,18.5287,38,ERNESTO MURILLO                         ,            ,0,0,F     ,0,       ,0,       ,MARCA PROP,51TBVK01            ,VITAMINA C Y BIOFLAVONOIDES FCO/60 TABS ,       ,PIEZA ,300,33.5,0,0,3435.761829,25B088                        ,                         ,                                        ,25B088                        
N5360     ,Dev. Just.   ,12/11/2025,FAR      ,25746,293.1552,0,PHARMA PLUS SA DE CV                                                                                                                                                                                                                                          ,435,Pagada    ,40.4352,0,0,0,0,0,0,0,0,252.72,35.28,1,PESOS                                                                           ,18.5287,36,CHANTAL FLORES                          ,            ,0,0,F     ,0,       ,0,       ,LINEA     ,51CPDL01            ,DIALAVIT CAJA C/30 CAPS                 ,       ,PZA   ,2,144,0,0,35.3,25F0145                       ,                         ,                                        ,2.50E+66
N5360     ,Dev. Just.   ,12/11/2025,FAR      ,25746,22762.12712,0,PHARMA PLUS SA DE CV                                                                                                                                                                                                                                          ,435,Pagada    ,3139.60374,0,0,0,0,0,0,0,0,19622.52338,2739.326625,1,PESOS                                                                           ,18.5287,36,CHANTAL FLORES                          ,            ,0,0,F     ,0,       ,0,       ,LINEA     ,51PLCN01            ,COLAGENER 10 NARANJA BIOMIRAL 360 G PT  ,       ,PZA   ,63,354.95,0,0,5590.62,2.50E+66,                         ,                                        ,2.50E+66
N5361     ,Dev. Just.   ,12/11/2025,FAR      ,25741,3021.1272,0,PHARMA PLUS SA DE CV                                                                                                                                                                                                                                          ,435,Pagada    ,416.7072,0,0,0,0,0,0,0,0,2604.42,363.58,1,PESOS                                                                           ,18.5287,36,CHANTAL FLORES                          ,            ,0,0,F     ,0,       ,0,       ,LINEA     ,51TBTM05            ,TAMARIN-LX /45 CAPS.                    ,       ,PZA   ,50,59.36,0,0,102.5906985,25A0024                       ,                         ,                                        ,25A0024                       
N5363     ,Dev. Just.   ,18/11/2025,FAR      ,25866,52673.28,0,LABORATORIO ELMOR MEXICO                                                                                                                                                                                                                                      ,368,Pagada    ,7265.28,0,0,0,0,0,0,0,0,45408,0,1,PESOS                                                                           ,18.5287,41,NANCY MURILLO                           ,            ,0,0,F     ,0,       ,0,       ,ANT       ,CCB-0884            ,ANTICIPO                                ,       ,ACT   ,1,45408,0,0,0,                              ,                         ,                                        ,                              
N5365     ,Dev. Just.   ,21/11/2025,FAR      ,25847,3056.7537,0,PHARMA PLUS SA DE CV                                                                                                                                                                                                                                          ,435,Pagada    ,421.6212,0,0,0,0,0,0,0,0,2635.1325,367.8675,1,PESOS                                                                           ,18.5287,36,CHANTAL FLORES                          ,            ,0,0,F     ,0,       ,0,       ,LINEA     ,51TBPF01            ,PLENIFORM 40 /30 TABS.                  ,       ,PZA   ,39,77,0,0,429.78,25I0225                       ,                         ,                                        ,25F0173                       
N5365     ,Dev. Just.   ,21/11/2025,FAR      ,25847,940.5396,0,PHARMA PLUS SA DE CV                                                                                                                                                                                                                                          ,435,Pagada    ,129.7296,0,0,0,0,0,0,0,0,810.81,113.19,1,PESOS                                                                           ,18.5287,36,CHANTAL FLORES                          ,            ,0,0,F     ,0,       ,0,       ,LINEA     ,51TBPF01            ,PLENIFORM 40 /30 TABS.                  ,       ,PZA   ,12,77,0,0,132.24,25I0224                       ,                         ,                                        ,25F0173                       
N5365     ,Dev. Just.   ,21/11/2025,FAR      ,25847,3393.6786,0,PHARMA PLUS SA DE CV                                                                                                                                                                                                                                          ,435,Pagada    ,468.0936,0,0,0,0,0,0,0,0,2925.585,408.415,1,PESOS                                                                           ,18.5287,36,CHANTAL FLORES                          ,            ,0,0,F     ,0,       ,0,       ,LINEA     ,51TBME03            ,MEM-EH C/45 TABS                        ,       ,PZA   ,50,66.68,0,0,1389,25J021                        ,                         ,                                        ,25F0173                       
N5365     ,Dev. Just.   ,21/11/2025,FAR      ,25847,1802.7009,0,PHARMA PLUS SA DE CV                                                                                                                                                                                                                                          ,435,Pagada    ,248.6484,0,0,0,0,0,0,0,0,1554.0525,216.9475,1,PESOS                                                                           ,18.5287,36,CHANTAL FLORES                          ,            ,0,0,F     ,0,       ,0,       ,LINEA     ,51TBPF01            ,PLENIFORM 40 /30 TABS.                  ,       ,PZA   ,23,77,0,0,253.46,25F0173                       ,                         ,                                        ,25F0173                       
N5366     ,Dev. Just.   ,21/11/2025,FAR      ,25865,5643.2376,0,PHARMA PLUS SA DE CV                                                                                                                                                                                                                                          ,435,Pagada    ,778.3776,0,0,0,0,0,0,0,0,4864.86,679.14,1,PESOS                                                                           ,18.5287,36,CHANTAL FLORES                          ,            ,0,0,F     ,0,       ,0,       ,LINEA     ,51TBPF01            ,PLENIFORM 40 /30 TABS.                  ,       ,PZA   ,72,77,0,0,793.44,25I0225                       ,                         ,                                        ,25I0225                       
N5373     ,Dev. Just.   ,26/11/2025,FAR      ,25886,84448,0,LABORATORIO ELMOR MEXICO                                                                                                                                                                                                                                      ,368,Pagada    ,11648,0,0,0,0,0,0,0,0,72800,0,1,PESOS                                                                           ,18.5287,41,NANCY MURILLO                           ,            ,0,0,F     ,0,       ,0,       ,ANT       ,CCB-0884            ,ANTICIPO                                ,       ,ACT   ,1,72800,0,0,0,                              ,                         ,                                        ,                              
N5374     ,Dev. Just.   ,28/11/2025,FAR      ,25893,61480,0,LABORATORIO ELMOR MEXICO                                                                                                                                                                                                                                      ,368,Pagada    ,8480,0,0,0,0,0,0,0,0,53000,0,1,PESOS                                                                           ,18.5287,41,NANCY MURILLO                           ,            ,0,0,F     ,0,       ,0,       ,ANT       ,CCB-0884            ,ANTICIPO                                ,       ,ACT   ,1,53000,0,0,0,                              ,                         ,                                        ,                              
N5383     ,Dev. Just.   ,01/12/2025,FAR      ,25884,83.926,83.93,ASPEN LABS                                                                                                                                                                                                                                                    ,411,Emitida   ,11.576,0,0,0,0,0,0,0,0,72.35,0,1,PESOS                                                                           ,18.5287,29,GUADALAJARA                             ,            ,0,0,F     ,0,       ,0,       ,TOLL MAQUI,51PLAB01            ,ABLAZOR CAJA CON 30 SOBRES 10G MEXICO   ,       ,PZA   ,1,72.35,0,0,27,25K045                        ,                         ,                                        ,25K045                        
N5384     ,Dev. Just.   ,03/12/2025,FAR      ,25874,7608.8025,0,PHARMA PLUS SA DE CV                                                                                                                                                                                                                                          ,435,Pagada    ,1049.49,0,0,0,0,0,0,0,0,6559.3125,915.6875,1,PESOS                                                                           ,18.5287,36,CHANTAL FLORES                          ,            ,0,0,F     ,0,       ,0,       ,LINEA     ,51CPBD02            ,BIODIOLA FCO C/60 CAPS PT               ,       ,PZA   ,50,149.5,0,0,1016,25I0219                       ,                         ,                                        ,25I0219                       
N5385     ,Dev. Just.   ,03/12/2025,FAR      ,25879,713.4696,0,PHARMA PLUS SA DE CV                                                                                                                                                                                                                                          ,435,Pagada    ,98.4096,0,0,0,0,0,0,0,0,615.06,68.34,1,PESOS                                                                           ,18.5287,36,CHANTAL FLORES                          ,            ,0,0,F     ,0,       ,0,       ,MARCA PROP,51TBCB01            ,COMPLEJO B C/30 TABS. AL NATURAL        ,       ,PIEZA ,17,40.2,0,0,115.09,25F0159                       ,                         ,                                        ,25I051                        
N5385     ,Dev. Just.   ,03/12/2025,FAR      ,25879,758.34072,0,PHARMA PLUS SA DE CV                                                                                                                                                                                                                                          ,435,Pagada    ,104.59872,0,0,0,0,0,0,0,0,653.742,72.638,1,PESOS                                                                           ,18.5287,36,CHANTAL FLORES                          ,            ,0,0,F     ,0,       ,0,       ,MARCA PROP,51PLVC01            ,COLÁGENO SABOR VAINILLA BOLSA CON 600 g ,       ,PZA   ,2,363.19,0,0,280.24,25I051                        ,                         ,                                        ,25I051                        
N5386     ,Dev. Just.   ,03/12/2025,FAR      ,25880,361.303605,0,PHARMA PLUS SA DE CV                                                                                                                                                                                                                                          ,435,Pagada    ,49.83498,0,0,0,0,0,0,0,0,311.468625,43.481375,1,PESOS                                                                           ,18.5287,36,CHANTAL FLORES                          ,            ,0,0,F     ,0,       ,0,       ,LINEA     ,51PLCN01            ,COLAGENER 10 NARANJA BIOMIRAL 360 G PT  ,       ,PZA   ,1,354.95,0,0,88.74,25I017                        ,                         ,                                        ,25I017                        
N5388     ,Dev. Just.   ,04/12/2025,FAR      ,25895,58.52925,0,PHARMA PLUS SA DE CV                                                                                                                                                                                                                                          ,435,Pagada    ,8.073,0,0,0,0,0,0,0,0,50.45625,7.04375,1,PESOS                                                                           ,18.5287,36,CHANTAL FLORES                          ,            ,0,0,F     ,0,       ,0,       ,LINEA     ,51PLKL01            ,KIDDYLAC 6 SOBRES DE 5GR C/U            ,       ,PZA   ,1,57.5,0,0,8.46,25H025                        ,                         ,                                        ,25H025                        
N5393     ,Dev. Just.   ,11/12/2025,         ,          ,205380.9,0,"GRISI HNOS., S.A. DE C.V                                                                                                                                                                                                                                      ",405,Pagada    ,28328.4,0,0,0,0,0,0,0,0,177052.5,0,1,PESOS                                                                           ,18.5287,41,NANCY MURILLO                           ,            ,0,0,F     ,0,       ,0,       ,MAQUILA   ,51PLCB03            ,C-BOOST NF CAJA CON 10 SOBRES DE 6 G    ,       ,PIEZA ,8235,21.5,0,0,0,24K038                        ,                         ,                                        ,24K038                        
N5394     ,Dev. Just.   ,11/12/2025,         ,          ,305390.3,0,"GRISI HNOS., S.A. DE C.V                                                                                                                                                                                                                                      ",405,Pagada    ,42122.8,0,0,0,0,0,0,0,0,263267.5,0,1,PESOS                                                                           ,18.5287,41,NANCY MURILLO                           ,            ,0,0,F     ,0,       ,0,       ,MAQUILA   ,51PLCB03            ,C-BOOST NF CAJA CON 10 SOBRES DE 6 G    ,       ,PIEZA ,12245,21.5,0,0,0,24K039                        ,                         ,                                        ,24K039                        
N5395     ,Dev. Just.   ,11/12/2025,         ,          ,372653.48,0,"GRISI HNOS., S.A. DE C.V                                                                                                                                                                                                                                      ",405,Pagada    ,51400.48,0,0,0,0,0,0,0,0,321253,0,1,PESOS                                                                           ,18.5287,41,NANCY MURILLO                           ,            ,0,0,F     ,0,       ,0,       ,MAQUILA   ,51PLCB03            ,C-BOOST NF CAJA CON 10 SOBRES DE 6 G    ,       ,PIEZA ,14942,21.5,0,0,0,24L035                        ,                         ,                                        ,24L035                        
N5396     ,Dev. Just.   ,12/12/2025,FAR      ,25912,84448,0,LABORATORIO ELMOR MEXICO                                                                                                                                                                                                                                      ,368,Pagada    ,11648,0,0,0,0,0,0,0,0,72800,0,1,PESOS                                                                           ,18.5287,41,NANCY MURILLO                           ,            ,0,0,F     ,0,       ,0,       ,ANT       ,CCB-0884            ,ANTICIPO                                ,       ,ACT   ,1,72800,0,0,0,                              ,                         ,                                        ,                              
N5404     ,Dev. Just.   ,12/01/2026,FAR      ,25947,71920,0,LABORATORIO ELMOR MEXICO                                                                                                                                                                                                                                      ,368,Pagada    ,9920,0,0,0,0,0,0,0,0,62000,0,1,PESOS                                                                           ,18.5287,41,NANCY MURILLO                           ,            ,0,0,F     ,0,       ,0,       ,ANT       ,CCB-0884            ,ANTICIPO                                ,       ,ACT   ,1,62000,0,0,0,                              ,                         ,                                        ,                              
N5414     ,Dev. Just.   ,26/01/2026,FAR      ,25966,71108,0,LABORATORIO ELMOR MEXICO                                                                                                                                                                                                                                      ,368,Pagada    ,9808,0,0,0,0,0,0,0,0,61300,0,1,PESOS                                                                           ,18.5287,41,NANCY MURILLO                           ,            ,0,0,F     ,0,       ,0,       ,ANT       ,CCB-0884            ,ANTICIPO                                ,       ,ACT   ,1,61300,0,0,0,                              ,                         ,                                        ,                              
N5415     ,Dev. Just.   ,26/01/2026,FAR      ,25949,3917.1924,0,PHARMA PLUS SA DE CV                                                                                                                                                                                                                                          ,435,Pagada    ,540.3024,0,0,0,0,0,0,0,0,3376.89,375.21,1,PESOS                                                                           ,18.5287,36,CHANTAL FLORES                          ,            ,0,0,F     ,0,       ,0,       ,MARCA PROP,51TBVB01            ,VITAMINA B12 C/30 TABS AL NATURAL       ,       ,PZA   ,90,41.69,0,0,657.342,25K048                        ,                         ,                                        ,25K048                        
N5416     ,Dev. Just.   ,27/01/2026,FAR      ,25969,122960,0,LABORATORIO ELMOR MEXICO                                                                                                                                                                                                                                      ,368,Pagada    ,16960,0,0,0,0,0,0,0,0,106000,0,1,PESOS                                                                           ,18.5287,41,NANCY MURILLO                           ,            ,0,0,F     ,0,       ,0,       ,ANT       ,CCB-0884            ,ANTICIPO                                ,       ,ACT   ,1,106000,0,0,0,                              ,                         ,                                        ,                              
N5417     ,Dev. Just.   ,27/01/2026,FAR      ,25972,126672,0,LABORATORIO ELMOR MEXICO                                                                                                                                                                                                                                      ,368,Pagada    ,17472,0,0,0,0,0,0,0,0,109200,0,1,PESOS                                                                           ,18.5287,41,NANCY MURILLO                           ,            ,0,0,F     ,0,       ,0,       ,ANT       ,CCB-0884            ,ANTICIPO                                ,       ,ACT   ,1,109200,0,0,0,                              ,                         ,                                        ,                              
N5418     ,Dev. Just.   ,31/01/2026,FAR      ,25991,74657.6,0,LABORATORIO ELMOR MEXICO                                                                                                                                                                                                                                      ,368,Pagada    ,10297.6,0,0,0,0,0,0,0,0,64360,0,1,PESOS                                                                           ,18.5287,41,NANCY MURILLO                           ,            ,0,0,F     ,0,       ,0,       ,ANT       ,CCB-0884            ,ANTICIPO                                ,       ,ACT   ,1,64360,0,0,0,                              ,                         ,                                        ,                              
N5421     ,Dev. Just.   ,12/02/2026,FAR      ,26000,84448,0,LABORATORIO ELMOR MEXICO                                                                                                                                                                                                                                      ,368,Pagada    ,11648,0,0,0,0,0,0,0,0,72800,0,1,PESOS                                                                           ,18.5287,41,NANCY MURILLO                           ,            ,0,0,F     ,0,       ,0,       ,ANT       ,CCB-0884            ,ANTICIPO                                ,       ,ACT   ,1,72800,0,0,0,                              ,                         ,                                        ,                              
N5422     ,Dev. Just.   ,12/02/2026,FAR      ,26002,71920,0,LABORATORIO ELMOR MEXICO                                                                                                                                                                                                                                      ,368,Pagada    ,9920,0,0,0,0,0,0,0,0,62000,0,1,PESOS                                                                           ,18.5287,41,NANCY MURILLO                           ,            ,0,0,F     ,0,       ,0,       ,ANT       ,CCB-0884            ,ANTICIPO                                ,       ,ACT   ,1,62000,0,0,0,                              ,                         ,                                        ,                              
N5427     ,Dev. Just.   ,18/02/2026,FAR      ,26010,42224,0,LABORATORIO ELMOR MEXICO                                                                                                                                                                                                                                      ,368,Pagada    ,5824,0,0,0,0,0,0,0,0,36400,0,1,PESOS                                                                           ,18.5287,41,NANCY MURILLO                           ,            ,0,0,F     ,0,       ,0,       ,ANT       ,CCB-0884            ,ANTICIPO                                ,       ,ACT   ,1,36400,0,0,0,                              ,                         ,                                        ,                              
N5430     ,Dev. Just.   ,23/02/2026,FAR      ,26020,126672,0,LABORATORIO ELMOR MEXICO                                                                                                                                                                                                                                      ,368,Pagada    ,17472,0,0,0,0,0,0,0,0,109200,0,1,PESOS                                                                           ,18.5287,41,NANCY MURILLO                           ,            ,0,0,F     ,0,       ,0,       ,ANT       ,CCB-0884            ,ANTICIPO                                ,       ,ACT   ,1,109200,0,0,0,                              ,                         ,                                        ,                              
N5437     ,Dev. Just.   ,03/03/2026,FAR      ,26032,8379.3528,0,PHARMA PLUS SA DE CV                                                                                                                                                                                                                                          ,435,Pagada    ,1155.7728,0,0,0,0,0,0,0,0,7223.58,1008.42,1,PESOS                                                                           ,18.5287,36,CHANTAL FLORES                          ,            ,0,0,F     ,0,       ,0,       ,LINEA     ,51CPKM01            ,KAMINA CAPS FCO/60 CON CAJA             ,       ,PIEZA ,80,102.9,0,0,3293.6,25K111                        ,                         ,                                        ,25K111                        
N5438     ,Dev. Just.   ,10/03/2026,FAR      ,26045,197200,0,PHARMA PLUS SA DE CV                                                                                                                                                                                                                                          ,435,Pagada    ,27200,0,0,0,0,0,0,0,0,170000,0,1,PESOS                                                                           ,18.5287,36,CHANTAL FLORES                          ,            ,0,0,F     ,0,       ,0,       ,INSPIRALAB,52SPPS02            ,SAN PABLO LD PROTECTOR SOLAR PT         ,       ,PIEZA ,1000,170,0,0,53330,26F001                        ,                         ,                                        ,26F002                        
N5438     ,Dev. Just.   ,10/03/2026,FAR      ,26045,197200,0,PHARMA PLUS SA DE CV                                                                                                                                                                                                                                          ,435,Pagada    ,27200,0,0,0,0,0,0,0,0,170000,0,1,PESOS                                                                           ,18.5287,36,CHANTAL FLORES                          ,            ,0,0,F     ,0,       ,0,       ,INSPIRALAB,52SPPS01            ,SAN PABLO LD PROTECTOR SOLAR COLOR PT   ,       ,PIEZA ,1000,170,0,0,75550,26F002                        ,                         ,                                        ,26F002                        
N5439     ,Dev. Just.   ,11/03/2026,FAR      ,26043,117.0585,0,PHARMA PLUS SA DE CV                                                                                                                                                                                                                                          ,435,Pagada    ,16.146,0,0,0,0,0,0,0,0,100.9125,14.0875,1,PESOS                                                                           ,18.5287,36,CHANTAL FLORES                          ,            ,0,0,F     ,0,       ,0,       ,LINEA     ,51PLKL01            ,KIDDYLAC 6 SOBRES DE 5GR C/U            ,       ,PZA   ,2,57.5,0,0,16.92,25K129                        ,                         ,                                        ,25K129                        
N5443     ,Dev. Just.   ,19/03/2026,FAR      ,26058,61650.6128,0,LABORATORIO ELMOR MEXICO                                                                                                                                                                                                                                      ,368,Pagada    ,8503.5328,0,0,0,0,0,0,0,0,53147.08,0,1,PESOS                                                                           ,18.5287,41,NANCY MURILLO                           ,            ,0,0,F     ,0,       ,0,       ,ANT       ,CCB-0884            ,ANTICIPO                                ,       ,ACT   ,1,53147.08,0,0,0,                              ,                         ,                                        ,                              
N5444     ,Dev. Just.   ,19/03/2026,FAR      ,26059,55763.52,0,LABORATORIO ELMOR MEXICO                                                                                                                                                                                                                                      ,368,Pagada    ,7691.52,0,0,0,0,0,0,0,0,48072,0,1,PESOS                                                                           ,18.5287,41,NANCY MURILLO                           ,            ,0,0,F     ,0,       ,0,       ,ANT       ,CCB-0884            ,ANTICIPO                                ,       ,ACT   ,1,48072,0,0,0,                              ,                         ,                                        ,                              
N5445     ,Dev. Just.   ,19/03/2026,FAR      ,26060,107880,0,LABORATORIO ELMOR MEXICO                                                                                                                                                                                                                                      ,368,Pagada    ,14880,0,0,0,0,0,0,0,0,93000,0,1,PESOS                                                                           ,18.5287,41,NANCY MURILLO                           ,            ,0,0,F     ,0,       ,0,       ,ANT       ,CCB-0884            ,ANTICIPO                                ,       ,ACT   ,1,93000,0,0,0,                              ,                         ,                                        ,                              
N5449     ,Dev. Just.   ,27/03/2026,FAR      ,26081,61480,0,LABORATORIO ELMOR MEXICO                                                                                                                                                                                                                                      ,368,Pagada    ,8480,0,0,0,0,0,0,0,0,53000,0,1,PESOS                                                                           ,18.5287,41,NANCY MURILLO                           ,            ,0,0,F     ,0,       ,0,       ,ANT       ,CCB-0884            ,ANTICIPO                                ,       ,ACT   ,1,53000,0,0,0,                              ,                         ,                                        ,                              
N5450     ,Dev. Just.   ,27/03/2026,FAR      ,26082,84448,0,LABORATORIO ELMOR MEXICO                                                                                                                                                                                                                                      ,368,Pagada    ,11648,0,0,0,0,0,0,0,0,72800,0,1,PESOS                                                                           ,18.5287,41,NANCY MURILLO                           ,            ,0,0,F     ,0,       ,0,       ,ANT       ,CCB-0884            ,ANTICIPO                                ,       ,ACT   ,1,72800,0,0,0,                              ,                         ,                                        ,                              
N5451     ,Dev. Just.   ,30/03/2026,FAR      ,26047,18703.9125,0,PHARMA PLUS SA DE CV                                                                                                                                                                                                                                          ,435,Pagada    ,2579.85,0,0,0,0,0,0,0,0,16124.0625,2250.9375,1,PESOS                                                                           ,18.5287,36,CHANTAL FLORES                          ,            ,0,0,F     ,0,       ,0,       ,LINEA     ,51GLVA04            ,VANESIR GEL 200 G                       ,       ,PZA   ,250,73.5,0,0,3275,G25004                        ,                         ,                                        ,G25004                        
N5452     ,Dev. Just.   ,30/03/2026,FAR      ,26049,927.072,0,PHARMA PLUS SA DE CV                                                                                                                                                                                                                                          ,435,Pagada    ,127.872,0,0,0,0,0,0,0,0,799.2,88.8,1,PESOS                                                                           ,18.5287,36,CHANTAL FLORES                          ,            ,0,0,F     ,0,       ,0,       ,MARCA PROP,51CPOM01            ,"OMEGA 3, 6 Y 9 C/60 CAPS AL NATURAL     ",       ,PZA   ,8,111,0,0,503.36,25H044                        ,                         ,                                        ,26A027                        
N5452     ,Dev. Just.   ,30/03/2026,FAR      ,26049,4352.436,0,PHARMA PLUS SA DE CV                                                                                                                                                                                                                                          ,435,Pagada    ,600.336,0,0,0,0,0,0,0,0,3752.1,416.9,1,PESOS                                                                           ,18.5287,36,CHANTAL FLORES                          ,            ,0,0,F     ,0,       ,0,       ,MARCA PROP,51TBVB01            ,VITAMINA B12 C/30 TABS AL NATURAL       ,       ,PZA   ,100,41.69,0,0,730.38,26A026                        ,                         ,                                        ,26A027                        
N5452     ,Dev. Just.   ,30/03/2026,FAR      ,26049,2098.44,0,PHARMA PLUS SA DE CV                                                                                                                                                                                                                                          ,435,Pagada    ,289.44,0,0,0,0,0,0,0,0,1809,201,1,PESOS                                                                           ,18.5287,36,CHANTAL FLORES                          ,            ,0,0,F     ,0,       ,0,       ,MARCA PROP,51TBCB01            ,COMPLEJO B C/30 TABS. AL NATURAL        ,       ,PIEZA ,50,40.2,0,0,338.5,26A027                        ,                         ,                                        ,26A027                        
N5453     ,Dev. Just.   ,31/03/2026,FAR      ,26091,35960,0,LABORATORIO ELMOR MEXICO                                                                                                                                                                                                                                      ,368,Pagada    ,4960,0,0,0,0,0,0,0,0,31000,0,1,PESOS                                                                           ,18.5287,41,NANCY MURILLO                           ,            ,0,0,F     ,0,       ,0,       ,ANT       ,CCB-0884            ,ANTICIPO                                ,       ,ACT   ,1,31000,0,0,0,                              ,                         ,                                        ,                              
N5464     ,Dev. Just.   ,27/04/2026,FAR      ,26108,37120,0,LABORATORIO ELMOR MEXICO                                                                                                                                                                                                                                      ,368,Pagada    ,5120,0,0,0,0,0,0,0,0,32000,0,1,PESOS                                                                           ,18.5287,41,NANCY MURILLO                           ,            ,0,0,F     ,0,       ,0,       ,ANT       ,CCB-0884            ,ANTICIPO                                ,       ,ACT   ,1,32000,0,0,0,                              ,                         ,                                        ,                              
,,,,,,,,,,,,,,,,,,,,,,,,,,,,,,,,,,,,,,,,,,,,,,,
,,,,,,,,,,,,,,,,,,,,,,,,,,,,,,,,,,,,,,,,,,,,,,,
,,,,,,,,,,,,,,,,,,,,,,,,,,,,,,,,,,,,,,,,,,,,,,,
,,,,,,,,,,,,,,,,,,,,,,,,,,,,,,,,,,,,,,,,,,,,,,,
,,,,,,,,,,,,,,,,,,,,,,,,,,,,,,,,,,,,,,,,,,,,,,,
,,,,,,,,,,,,,,,,,,,,,,,,,,,,,,,,,,,,,,,,,,,,,,,
,,,,,,,,,,,,,,,,,,,,,,,,,,,,,,,,,,,,,,,,,,,,,,,
,,,,,,,,,,,,,,,,,,,,,,,,,,,,,,,,,,,,,,,,,,,,,,,
,,,,,,,,,,,,,,,,,,,,,,,,,,,,,,,,,,,,,,,,,,,,,,,
,,,,,,,,,,,,,,,,,,,,,,,,,,,,,,,,,,,,,,,,,,,,,,,
,,,,,,,,,,,,,,,,,,,,,,,,,,,,,,,,,,,,,,,,,,,,,,,
,,,,,,,,,,,,,,,,,,,,,,,,,,,,,,,,,,,,,,,,,,,,,,,
,,,,,,,,,,,,,,,,,,,,,,,,,,,,,,,,,,,,,,,,,,,,,,,
,,,,,,,,,,,,,,,,,,,,,,,,,,,,,,,,,,,,,,,,,,,,,,,
,,,,,,,,,,,,,,,,,,,,,,,,,,,,,,,,,,,,,,,,,,,,,,,
,,,,,,,,,,,,,,,,,,,,,,,,,,,,,,,,,,,,,,,,,,,,,,,
,,,,,,,,,,,,,,,,,,,,,,,,,,,,,,,,,,,,,,,,,,,,,,,
,,,,,,,,,,,,,,,,,,,,,,,,,,,,,,,,,,,,,,,,,,,,,,,
,,,,,,,,,,,,,,,,,,,,,,,,,,,,,,,,,,,,,,,,,,,,,,,
,,,,,,,,,,,,,,,,,,,,,,,,,,,,,,,,,,,,,,,,,,,,,,,
,,,,,,,,,,,,,,,,,,,,,,,,,,,,,,,,,,,,,,,,,,,,,,,
,,,,,,,,,,,,,,,,,,,,,,,,,,,,,,,,,,,,,,,,,,,,,,,
,,,,,,,,,,,,,,,,,,,,,,,,,,,,,,,,,,,,,,,,,,,,,,,
,,,,,,,,,,,,,,,,,,,,,,,,,,,,,,,,,,,,,,,,,,,,,,,
,,,,,,,,,,,,,,,,,,,,,,,,,,,,,,,,,,,,,,,,,,,,,,,
,,,,,,,,,,,,,,,,,,,,,,,,,,,,,,,,,,,,,,,,,,,,,,,
,,,,,,,,,,,,,,,,,,,,,,,,,,,,,,,,,,,,,,,,,,,,,,,
,,,,,,,,,,,,,,,,,,,,,,,,,,,,,,,,,,,,,,,,,,,,,,,
,,,,,,,,,,,,,,,,,,,,,,,,,,,,,,,,,,,,,,,,,,,,,,,
,,,,,,,,,,,,,,,,,,,,,,,,,,,,,,,,,,,,,,,,,,,,,,,
,,,,,,,,,,,,,,,,,,,,,,,,,,,,,,,,,,,,,,,,,,,,,,,
,,,,,,,,,,,,,,,,,,,,,,,,,,,,,,,,,,,,,,,,,,,,,,,
,,,,,,,,,,,,,,,,,,,,,,,,,,,,,,,,,,,,,,,,,,,,,,,
,,,,,,,,,,,,,,,,,,,,,,,,,,,,,,,,,,,,,,,,,,,,,,,
,,,,,,,,,,,,,,,,,,,,,,,,,,,,,,,,,,,,,,,,,,,,,,,
,,,,,,,,,,,,,,,,,,,,,,,,,,,,,,,,,,,,,,,,,,,,,,,
,,,,,,,,,,,,,,,,,,,,,,,,,,,,,,,,,,,,,,,,,,,,,,,
,,,,,,,,,,,,,,,,,,,,,,,,,,,,,,,,,,,,,,,,,,,,,,,
,,,,,,,,,,,,,,,,,,,,,,,,,,,,,,,,,,,,,,,,,,,,,,,
,,,,,,,,,,,,,,,,,,,,,,,,,,,,,,,,,,,,,,,,,,,,,,,
,,,,,,,,,,,,,,,,,,,,,,,,,,,,,,,,,,,,,,,,,,,,,,,
,,,,,,,,,,,,,,,,,,,,,,,,,,,,,,,,,,,,,,,,,,,,,,,
,,,,,,,,,,,,,,,,,,,,,,,,,,,,,,,,,,,,,,,,,,,,,,,
,,,,,,,,,,,,,,,,,,,,,,,,,,,,,,,,,,,,,,,,,,,,,,,
,,,,,,,,,,,,,,,,,,,,,,,,,,,,,,,,,,,,,,,,,,,,,,,
,,,,,,,,,,,,,,,,,,,,,,,,,,,,,,,,,,,,,,,,,,,,,,,
,,,,,,,,,,,,,,,,,,,,,,,,,,,,,,,,,,,,,,,,,,,,,,,
,,,,,,,,,,,,,,,,,,,,,,,,,,,,,,,,,,,,,,,,,,,,,,,
,,,,,,,,,,,,,,,,,,,,,,,,,,,,,,,,,,,,,,,,,,,,,,,
,,,,,,,,,,,,,,,,,,,,,,,,,,,,,,,,,,,,,,,,,,,,,,,
,,,,,,,,,,,,,,,,,,,,,,,,,,,,,,,,,,,,,,,,,,,,,,,
,,,,,,,,,,,,,,,,,,,,,,,,,,,,,,,,,,,,,,,,,,,,,,,
,,,,,,,,,,,,,,,,,,,,,,,,,,,,,,,,,,,,,,,,,,,,,,,
,,,,,,,,,,,,,,,,,,,,,,,,,,,,,,,,,,,,,,,,,,,,,,,
,,,,,,,,,,,,,,,,,,,,,,,,,,,,,,,,,,,,,,,,,,,,,,,
,,,,,,,,,,,,,,,,,,,,,,,,,,,,,,,,,,,,,,,,,,,,,,,
,,,,,,,,,,,,,,,,,,,,,,,,,,,,,,,,,,,,,,,,,,,,,,,
,,,,,,,,,,,,,,,,,,,,,,,,,,,,,,,,,,,,,,,,,,,,,,,
,,,,,,,,,,,,,,,,,,,,,,,,,,,,,,,,,,,,,,,,,,,,,,,
,,,,,,,,,,,,,,,,,,,,,,,,,,,,,,,,,,,,,,,,,,,,,,,
,,,,,,,,,,,,,,,,,,,,,,,,,,,,,,,,,,,,,,,,,,,,,,,
,,,,,,,,,,,,,,,,,,,,,,,,,,,,,,,,,,,,,,,,,,,,,,,
,,,,,,,,,,,,,,,,,,,,,,,,,,,,,,,,,,,,,,,,,,,,,,,
,,,,,,,,,,,,,,,,,,,,,,,,,,,,,,,,,,,,,,,,,,,,,,,
,,,,,,,,,,,,,,,,,,,,,,,,,,,,,,,,,,,,,,,,,,,,,,,
,,,,,,,,,,,,,,,,,,,,,,,,,,,,,,,,,,,,,,,,,,,,,,,
,,,,,,,,,,,,,,,,,,,,,,,,,,,,,,,,,,,,,,,,,,,,,,,
,,,,,,,,,,,,,,,,,,,,,,,,,,,,,,,,,,,,,,,,,,,,,,,
,,,,,,,,,,,,,,,,,,,,,,,,,,,,,,,,,,,,,,,,,,,,,,,
,,,,,,,,,,,,,,,,,,,,,,,,,,,,,,,,,,,,,,,,,,,,,,,
,,,,,,,,,,,,,,,,,,,,,,,,,,,,,,,,,,,,,,,,,,,,,,,
,,,,,,,,,,,,,,,,,,,,,,,,,,,,,,,,,,,,,,,,,,,,,,,
,,,,,,,,,,,,,,,,,,,,,,,,,,,,,,,,,,,,,,,,,,,,,,,
,,,,,,,,,,,,,,,,,,,,,,,,,,,,,,,,,,,,,,,,,,,,,,,
,,,,,,,,,,,,,,,,,,,,,,,,,,,,,,,,,,,,,,,,,,,,,,,
,,,,,,,,,,,,,,,,,,,,,,,,,,,,,,,,,,,,,,,,,,,,,,,
,,,,,,,,,,,,,,,,,,,,,,,,,,,,,,,,,,,,,,,,,,,,,,,
,,,,,,,,,,,,,,,,,,,,,,,,,,,,,,,,,,,,,,,,,,,,,,,
,,,,,,,,,,,,,,,,,,,,,,,,,,,,,,,,,,,,,,,,,,,,,,,
,,,,,,,,,,,,,,,,,,,,,,,,,,,,,,,,,,,,,,,,,,,,,,,
,,,,,,,,,,,,,,,,,,,,,,,,,,,,,,,,,,,,,,,,,,,,,,,
,,,,,,,,,,,,,,,,,,,,,,,,,,,,,,,,,,,,,,,,,,,,,,,
,,,,,,,,,,,,,,,,,,,,,,,,,,,,,,,,,,,,,,,,,,,,,,,
,,,,,,,,,,,,,,,,,,,,,,,,,,,,,,,,,,,,,,,,,,,,,,,
,,,,,,,,,,,,,,,,,,,,,,,,,,,,,,,,,,,,,,,,,,,,,,,
,,,,,,,,,,,,,,,,,,,,,,,,,,,,,,,,,,,,,,,,,,,,,,,
,,,,,,,,,,,,,,,,,,,,,,,,,,,,,,,,,,,,,,,,,,,,,,,
,,,,,,,,,,,,,,,,,,,,,,,,,,,,,,,,,,,,,,,,,,,,,,,
,,,,,,,,,,,,,,,,,,,,,,,,,,,,,,,,,,,,,,,,,,,,,,,
,,,,,,,,,,,,,,,,,,,,,,,,,,,,,,,,,,,,,,,,,,,,,,,
,,,,,,,,,,,,,,,,,,,,,,,,,,,,,,,,,,,,,,,,,,,,,,,
,,,,,,,,,,,,,,,,,,,,,,,,,,,,,,,,,,,,,,,,,,,,,,,
,,,,,,,,,,,,,,,,,,,,,,,,,,,,,,,,,,,,,,,,,,,,,,,
,,,,,,,,,,,,,,,,,,,,,,,,,,,,,,,,,,,,,,,,,,,,,,,
,,,,,,,,,,,,,,,,,,,,,,,,,,,,,,,,,,,,,,,,,,,,,,,
,,,,,,,,,,,,,,,,,,,,,,,,,,,,,,,,,,,,,,,,,,,,,,,
,,,,,,,,,,,,,,,,,,,,,,,,,,,,,,,,,,,,,,,,,,,,,,,
,,,,,,,,,,,,,,,,,,,,,,,,,,,,,,,,,,,,,,,,,,,,,,,
,,,,,,,,,,,,,,,,,,,,,,,,,,,,,,,,,,,,,,,,,,,,,,,
,,,,,,,,,,,,,,,,,,,,,,,,,,,,,,,,,,,,,,,,,,,,,,,
,,,,,,,,,,,,,,,,,,,,,,,,,,,,,,,,,,,,,,,,,,,,,,,
,,,,,,,,,,,,,,,,,,,,,,,,,,,,,,,,,,,,,,,,,,,,,,,
,,,,,,,,,,,,,,,,,,,,,,,,,,,,,,,,,,,,,,,,,,,,,,,
,,,,,,,,,,,,,,,,,,,,,,,,,,,,,,,,,,,,,,,,,,,,,,,
,,,,,,,,,,,,,,,,,,,,,,,,,,,,,,,,,,,,,,,,,,,,,,,
,,,,,,,,,,,,,,,,,,,,,,,,,,,,,,,,,,,,,,,,,,,,,,,
,,,,,,,,,,,,,,,,,,,,,,,,,,,,,,,,,,,,,,,,,,,,,,,
,,,,,,,,,,,,,,,,,,,,,,,,,,,,,,,,,,,,,,,,,,,,,,,
,,,,,,,,,,,,,,,,,,,,,,,,,,,,,,,,,,,,,,,,,,,,,,,
,,,,,,,,,,,,,,,,,,,,,,,,,,,,,,,,,,,,,,,,,,,,,,,
,,,,,,,,,,,,,,,,,,,,,,,,,,,,,,,,,,,,,,,,,,,,,,,
,,,,,,,,,,,,,,,,,,,,,,,,,,,,,,,,,,,,,,,,,,,,,,,
,,,,,,,,,,,,,,,,,,,,,,,,,,,,,,,,,,,,,,,,,,,,,,,
,,,,,,,,,,,,,,,,,,,,,,,,,,,,,,,,,,,,,,,,,,,,,,,
,,,,,,,,,,,,,,,,,,,,,,,,,,,,,,,,,,,,,,,,,,,,,,,
,,,,,,,,,,,,,,,,,,,,,,,,,,,,,,,,,,,,,,,,,,,,,,,
,,,,,,,,,,,,,,,,,,,,,,,,,,,,,,,,,,,,,,,,,,,,,,,
,,,,,,,,,,,,,,,,,,,,,,,,,,,,,,,,,,,,,,,,,,,,,,,
,,,,,,,,,,,,,,,,,,,,,,,,,,,,,,,,,,,,,,,,,,,,,,,
,,,,,,,,,,,,,,,,,,,,,,,,,,,,,,,,,,,,,,,,,,,,,,,
,,,,,,,,,,,,,,,,,,,,,,,,,,,,,,,,,,,,,,,,,,,,,,,
,,,,,,,,,,,,,,,,,,,,,,,,,,,,,,,,,,,,,,,,,,,,,,,
,,,,,,,,,,,,,,,,,,,,,,,,,,,,,,,,,,,,,,,,,,,,,,,
,,,,,,,,,,,,,,,,,,,,,,,,,,,,,,,,,,,,,,,,,,,,,,,
,,,,,,,,,,,,,,,,,,,,,,,,,,,,,,,,,,,,,,,,,,,,,,,
,,,,,,,,,,,,,,,,,,,,,,,,,,,,,,,,,,,,,,,,,,,,,,,
,,,,,,,,,,,,,,,,,,,,,,,,,,,,,,,,,,,,,,,,,,,,,,,
,,,,,,,,,,,,,,,,,,,,,,,,,,,,,,,,,,,,,,,,,,,,,,,
,,,,,,,,,,,,,,,,,,,,,,,,,,,,,,,,,,,,,,,,,,,,,,,
,,,,,,,,,,,,,,,,,,,,,,,,,,,,,,,,,,,,,,,,,,,,,,,
,,,,,,,,,,,,,,,,,,,,,,,,,,,,,,,,,,,,,,,,,,,,,,,
,,,,,,,,,,,,,,,,,,,,,,,,,,,,,,,,,,,,,,,,,,,,,,,
,,,,,,,,,,,,,,,,,,,,,,,,,,,,,,,,,,,,,,,,,,,,,,,
,,,,,,,,,,,,,,,,,,,,,,,,,,,,,,,,,,,,,,,,,,,,,,,
,,,,,,,,,,,,,,,,,,,,,,,,,,,,,,,,,,,,,,,,,,,,,,,
,,,,,,,,,,,,,,,,,,,,,,,,,,,,,,,,,,,,,,,,,,,,,,,
,,,,,,,,,,,,,,,,,,,,,,,,,,,,,,,,,,,,,,,,,,,,,,,
,,,,,,,,,,,,,,,,,,,,,,,,,,,,,,,,,,,,,,,,,,,,,,,
,,,,,,,,,,,,,,,,,,,,,,,,,,,,,,,,,,,,,,,,,,,,,,,
,,,,,,,,,,,,,,,,,,,,,,,,,,,,,,,,,,,,,,,,,,,,,,,
,,,,,,,,,,,,,,,,,,,,,,,,,,,,,,,,,,,,,,,,,,,,,,,
,,,,,,,,,,,,,,,,,,,,,,,,,,,,,,,,,,,,,,,,,,,,,,,
,,,,,,,,,,,,,,,,,,,,,,,,,,,,,,,,,,,,,,,,,,,,,,,
,,,,,,,,,,,,,,,,,,,,,,,,,,,,,,,,,,,,,,,,,,,,,,,
,,,,,,,,,,,,,,,,,,,,,,,,,,,,,,,,,,,,,,,,,,,,,,,
,,,,,,,,,,,,,,,,,,,,,,,,,,,,,,,,,,,,,,,,,,,,,,,
,,,,,,,,,,,,,,,,,,,,,,,,,,,,,,,,,,,,,,,,,,,,,,,
,,,,,,,,,,,,,,,,,,,,,,,,,,,,,,,,,,,,,,,,,,,,,,,
,,,,,,,,,,,,,,,,,,,,,,,,,,,,,,,,,,,,,,,,,,,,,,,
,,,,,,,,,,,,,,,,,,,,,,,,,,,,,,,,,,,,,,,,,,,,,,,
,,,,,,,,,,,,,,,,,,,,,,,,,,,,,,,,,,,,,,,,,,,,,,,
,,,,,,,,,,,,,,,,,,,,,,,,,,,,,,,,,,,,,,,,,,,,,,,
,,,,,,,,,,,,,,,,,,,,,,,,,,,,,,,,,,,,,,,,,,,,,,,
,,,,,,,,,,,,,,,,,,,,,,,,,,,,,,,,,,,,,,,,,,,,,,,
,,,,,,,,,,,,,,,,,,,,,,,,,,,,,,,,,,,,,,,,,,,,,,,
,,,,,,,,,,,,,,,,,,,,,,,,,,,,,,,,,,,,,,,,,,,,,,,
,,,,,,,,,,,,,,,,,,,,,,,,,,,,,,,,,,,,,,,,,,,,,,,
,,,,,,,,,,,,,,,,,,,,,,,,,,,,,,,,,,,,,,,,,,,,,,,
,,,,,,,,,,,,,,,,,,,,,,,,,,,,,,,,,,,,,,,,,,,,,,,
,,,,,,,,,,,,,,,,,,,,,,,,,,,,,,,,,,,,,,,,,,,,,,,
,,,,,,,,,,,,,,,,,,,,,,,,,,,,,,,,,,,,,,,,,,,,,,,
,,,,,,,,,,,,,,,,,,,,,,,,,,,,,,,,,,,,,,,,,,,,,,,
,,,,,,,,,,,,,,,,,,,,,,,,,,,,,,,,,,,,,,,,,,,,,,,
,,,,,,,,,,,,,,,,,,,,,,,,,,,,,,,,,,,,,,,,,,,,,,,
,,,,,,,,,,,,,,,,,,,,,,,,,,,,,,,,,,,,,,,,,,,,,,,
,,,,,,,,,,,,,,,,,,,,,,,,,,,,,,,,,,,,,,,,,,,,,,,
,,,,,,,,,,,,,,,,,,,,,,,,,,,,,,,,,,,,,,,,,,,,,,,
,,,,,,,,,,,,,,,,,,,,,,,,,,,,,,,,,,,,,,,,,,,,,,,
,,,,,,,,,,,,,,,,,,,,,,,,,,,,,,,,,,,,,,,,,,,,,,,
,,,,,,,,,,,,,,,,,,,,,,,,,,,,,,,,,,,,,,,,,,,,,,,
,,,,,,,,,,,,,,,,,,,,,,,,,,,,,,,,,,,,,,,,,,,,,,,
,,,,,,,,,,,,,,,,,,,,,,,,,,,,,,,,,,,,,,,,,,,,,,,
,,,,,,,,,,,,,,,,,,,,,,,,,,,,,,,,,,,,,,,,,,,,,,,
,,,,,,,,,,,,,,,,,,,,,,,,,,,,,,,,,,,,,,,,,,,,,,,
,,,,,,,,,,,,,,,,,,,,,,,,,,,,,,,,,,,,,,,,,,,,,,,
,,,,,,,,,,,,,,,,,,,,,,,,,,,,,,,,,,,,,,,,,,,,,,,
,,,,,,,,,,,,,,,,,,,,,,,,,,,,,,,,,,,,,,,,,,,,,,,
,,,,,,,,,,,,,,,,,,,,,,,,,,,,,,,,,,,,,,,,,,,,,,,
,,,,,,,,,,,,,,,,,,,,,,,,,,,,,,,,,,,,,,,,,,,,,,,
,,,,,,,,,,,,,,,,,,,,,,,,,,,,,,,,,,,,,,,,,,,,,,,
,,,,,,,,,,,,,,,,,,,,,,,,,,,,,,,,,,,,,,,,,,,,,,,
,,,,,,,,,,,,,,,,,,,,,,,,,,,,,,,,,,,,,,,,,,,,,,,
,,,,,,,,,,,,,,,,,,,,,,,,,,,,,,,,,,,,,,,,,,,,,,,
,,,,,,,,,,,,,,,,,,,,,,,,,,,,,,,,,,,,,,,,,,,,,,,
,,,,,,,,,,,,,,,,,,,,,,,,,,,,,,,,,,,,,,,,,,,,,,,
,,,,,,,,,,,,,,,,,,,,,,,,,,,,,,,,,,,,,,,,,,,,,,,
,,,,,,,,,,,,,,,,,,,,,,,,,,,,,,,,,,,,,,,,,,,,,,,
,,,,,,,,,,,,,,,,,,,,,,,,,,,,,,,,,,,,,,,,,,,,,,,
,,,,,,,,,,,,,,,,,,,,,,,,,,,,,,,,,,,,,,,,,,,,,,,
,,,,,,,,,,,,,,,,,,,,,,,,,,,,,,,,,,,,,,,,,,,,,,,
,,,,,,,,,,,,,,,,,,,,,,,,,,,,,,,,,,,,,,,,,,,,,,,
,,,,,,,,,,,,,,,,,,,,,,,,,,,,,,,,,,,,,,,,,,,,,,,
,,,,,,,,,,,,,,,,,,,,,,,,,,,,,,,,,,,,,,,,,,,,,,,
,,,,,,,,,,,,,,,,,,,,,,,,,,,,,,,,,,,,,,,,,,,,,,,
,,,,,,,,,,,,,,,,,,,,,,,,,,,,,,,,,,,,,,,,,,,,,,,
,,,,,,,,,,,,,,,,,,,,,,,,,,,,,,,,,,,,,,,,,,,,,,,
,,,,,,,,,,,,,,,,,,,,,,,,,,,,,,,,,,,,,,,,,,,,,,,
,,,,,,,,,,,,,,,,,,,,,,,,,,,,,,,,,,,,,,,,,,,,,,,
,,,,,,,,,,,,,,,,,,,,,,,,,,,,,,,,,,,,,,,,,,,,,,,
,,,,,,,,,,,,,,,,,,,,,,,,,,,,,,,,,,,,,,,,,,,,,,,
,,,,,,,,,,,,,,,,,,,,,,,,,,,,,,,,,,,,,,,,,,,,,,,
,,,,,,,,,,,,,,,,,,,,,,,,,,,,,,,,,,,,,,,,,,,,,,,
,,,,,,,,,,,,,,,,,,,,,,,,,,,,,,,,,,,,,,,,,,,,,,,
,,,,,,,,,,,,,,,,,,,,,,,,,,,,,,,,,,,,,,,,,,,,,,,
,,,,,,,,,,,,,,,,,,,,,,,,,,,,,,,,,,,,,,,,,,,,,,,
,,,,,,,,,,,,,,,,,,,,,,,,,,,,,,,,,,,,,,,,,,,,,,,
,,,,,,,,,,,,,,,,,,,,,,,,,,,,,,,,,,,,,,,,,,,,,,,
,,,,,,,,,,,,,,,,,,,,,,,,,,,,,,,,,,,,,,,,,,,,,,,
,,,,,,,,,,,,,,,,,,,,,,,,,,,,,,,,,,,,,,,,,,,,,,,
,,,,,,,,,,,,,,,,,,,,,,,,,,,,,,,,,,,,,,,,,,,,,,,
,,,,,,,,,,,,,,,,,,,,,,,,,,,,,,,,,,,,,,,,,,,,,,,
,,,,,,,,,,,,,,,,,,,,,,,,,,,,,,,,,,,,,,,,,,,,,,,
,,,,,,,,,,,,,,,,,,,,,,,,,,,,,,,,,,,,,,,,,,,,,,,
,,,,,,,,,,,,,,,,,,,,,,,,,,,,,,,,,,,,,,,,,,,,,,,
,,,,,,,,,,,,,,,,,,,,,,,,,,,,,,,,,,,,,,,,,,,,,,,
,,,,,,,,,,,,,,,,,,,,,,,,,,,,,,,,,,,,,,,,,,,,,,,
,,,,,,,,,,,,,,,,,,,,,,,,,,,,,,,,,,,,,,,,,,,,,,,
,,,,,,,,,,,,,,,,,,,,,,,,,,,,,,,,,,,,,,,,,,,,,,,
,,,,,,,,,,,,,,,,,,,,,,,,,,,,,,,,,,,,,,,,,,,,,,,
,,,,,,,,,,,,,,,,,,,,,,,,,,,,,,,,,,,,,,,,,,,,,,,
,,,,,,,,,,,,,,,,,,,,,,,,,,,,,,,,,,,,,,,,,,,,,,,
,,,,,,,,,,,,,,,,,,,,,,,,,,,,,,,,,,,,,,,,,,,,,,,
,,,,,,,,,,,,,,,,,,,,,,,,,,,,,,,,,,,,,,,,,,,,,,,
,,,,,,,,,,,,,,,,,,,,,,,,,,,,,,,,,,,,,,,,,,,,,,,
,,,,,,,,,,,,,,,,,,,,,,,,,,,,,,,,,,,,,,,,,,,,,,,
,,,,,,,,,,,,,,,,,,,,,,,,,,,,,,,,,,,,,,,,,,,,,,,
,,,,,,,,,,,,,,,,,,,,,,,,,,,,,,,,,,,,,,,,,,,,,,,
,,,,,,,,,,,,,,,,,,,,,,,,,,,,,,,,,,,,,,,,,,,,,,,
,,,,,,,,,,,,,,,,,,,,,,,,,,,,,,,,,,,,,,,,,,,,,,,
,,,,,,,,,,,,,,,,,,,,,,,,,,,,,,,,,,,,,,,,,,,,,,,
,,,,,,,,,,,,,,,,,,,,,,,,,,,,,,,,,,,,,,,,,,,,,,,
,,,,,,,,,,,,,,,,,,,,,,,,,,,,,,,,,,,,,,,,,,,,,,,
,,,,,,,,,,,,,,,,,,,,,,,,,,,,,,,,,,,,,,,,,,,,,,,
,,,,,,,,,,,,,,,,,,,,,,,,,,,,,,,,,,,,,,,,,,,,,,,
,,,,,,,,,,,,,,,,,,,,,,,,,,,,,,,,,,,,,,,,,,,,,,,
,,,,,,,,,,,,,,,,,,,,,,,,,,,,,,,,,,,,,,,,,,,,,,,
,,,,,,,,,,,,,,,,,,,,,,,,,,,,,,,,,,,,,,,,,,,,,,,
,,,,,,,,,,,,,,,,,,,,,,,,,,,,,,,,,,,,,,,,,,,,,,,
,,,,,,,,,,,,,,,,,,,,,,,,,,,,,,,,,,,,,,,,,,,,,,,
,,,,,,,,,,,,,,,,,,,,,,,,,,,,,,,,,,,,,,,,,,,,,,,
,,,,,,,,,,,,,,,,,,,,,,,,,,,,,,,,,,,,,,,,,,,,,,,
,,,,,,,,,,,,,,,,,,,,,,,,,,,,,,,,,,,,,,,,,,,,,,,
,,,,,,,,,,,,,,,,,,,,,,,,,,,,,,,,,,,,,,,,,,,,,,,
,,,,,,,,,,,,,,,,,,,,,,,,,,,,,,,,,,,,,,,,,,,,,,,
,,,,,,,,,,,,,,,,,,,,,,,,,,,,,,,,,,,,,,,,,,,,,,,
,,,,,,,,,,,,,,,,,,,,,,,,,,,,,,,,,,,,,,,,,,,,,,,
,,,,,,,,,,,,,,,,,,,,,,,,,,,,,,,,,,,,,,,,,,,,,,,
,,,,,,,,,,,,,,,,,,,,,,,,,,,,,,,,,,,,,,,,,,,,,,,
,,,,,,,,,,,,,,,,,,,,,,,,,,,,,,,,,,,,,,,,,,,,,,,
,,,,,,,,,,,,,,,,,,,,,,,,,,,,,,,,,,,,,,,,,,,,,,,
,,,,,,,,,,,,,,,,,,,,,,,,,,,,,,,,,,,,,,,,,,,,,,,
,,,,,,,,,,,,,,,,,,,,,,,,,,,,,,,,,,,,,,,,,,,,,,,
,,,,,,,,,,,,,,,,,,,,,,,,,,,,,,,,,,,,,,,,,,,,,,,
,,,,,,,,,,,,,,,,,,,,,,,,,,,,,,,,,,,,,,,,,,,,,,,
,,,,,,,,,,,,,,,,,,,,,,,,,,,,,,,,,,,,,,,,,,,,,,,
,,,,,,,,,,,,,,,,,,,,,,,,,,,,,,,,,,,,,,,,,,,,,,,
,,,,,,,,,,,,,,,,,,,,,,,,,,,,,,,,,,,,,,,,,,,,,,,
,,,,,,,,,,,,,,,,,,,,,,,,,,,,,,,,,,,,,,,,,,,,,,,
,,,,,,,,,,,,,,,,,,,,,,,,,,,,,,,,,,,,,,,,,,,,,,,
,,,,,,,,,,,,,,,,,,,,,,,,,,,,,,,,,,,,,,,,,,,,,,,
,,,,,,,,,,,,,,,,,,,,,,,,,,,,,,,,,,,,,,,,,,,,,,,
,,,,,,,,,,,,,,,,,,,,,,,,,,,,,,,,,,,,,,,,,,,,,,,
,,,,,,,,,,,,,,,,,,,,,,,,,,,,,,,,,,,,,,,,,,,,,,,
,,,,,,,,,,,,,,,,,,,,,,,,,,,,,,,,,,,,,,,,,,,,,,,
,,,,,,,,,,,,,,,,,,,,,,,,,,,,,,,,,,,,,,,,,,,,,,,
,,,,,,,,,,,,,,,,,,,,,,,,,,,,,,,,,,,,,,,,,,,,,,,
,,,,,,,,,,,,,,,,,,,,,,,,,,,,,,,,,,,,,,,,,,,,,,,
,,,,,,,,,,,,,,,,,,,,,,,,,,,,,,,,,,,,,,,,,,,,,,,
,,,,,,,,,,,,,,,,,,,,,,,,,,,,,,,,,,,,,,,,,,,,,,,
,,,,,,,,,,,,,,,,,,,,,,,,,,,,,,,,,,,,,,,,,,,,,,,
,,,,,,,,,,,,,,,,,,,,,,,,,,,,,,,,,,,,,,,,,,,,,,,
,,,,,,,,,,,,,,,,,,,,,,,,,,,,,,,,,,,,,,,,,,,,,,,
,,,,,,,,,,,,,,,,,,,,,,,,,,,,,,,,,,,,,,,,,,,,,,,
,,,,,,,,,,,,,,,,,,,,,,,,,,,,,,,,,,,,,,,,,,,,,,,
,,,,,,,,,,,,,,,,,,,,,,,,,,,,,,,,,,,,,,,,,,,,,,,
,,,,,,,,,,,,,,,,,,,,,,,,,,,,,,,,,,,,,,,,,,,,,,,
,,,,,,,,,,,,,,,,,,,,,,,,,,,,,,,,,,,,,,,,,,,,,,,
,,,,,,,,,,,,,,,,,,,,,,,,,,,,,,,,,,,,,,,,,,,,,,,
,,,,,,,,,,,,,,,,,,,,,,,,,,,,,,,,,,,,,,,,,,,,,,,
,,,,,,,,,,,,,,,,,,,,,,,,,,,,,,,,,,,,,,,,,,,,,,,
,,,,,,,,,,,,,,,,,,,,,,,,,,,,,,,,,,,,,,,,,,,,,,,
,,,,,,,,,,,,,,,,,,,,,,,,,,,,,,,,,,,,,,,,,,,,,,,
,,,,,,,,,,,,,,,,,,,,,,,,,,,,,,,,,,,,,,,,,,,,,,,
,,,,,,,,,,,,,,,,,,,,,,,,,,,,,,,,,,,,,,,,,,,,,,,
,,,,,,,,,,,,,,,,,,,,,,,,,,,,,,,,,,,,,,,,,,,,,,,
,,,,,,,,,,,,,,,,,,,,,,,,,,,,,,,,,,,,,,,,,,,,,,,
,,,,,,,,,,,,,,,,,,,,,,,,,,,,,,,,,,,,,,,,,,,,,,,
,,,,,,,,,,,,,,,,,,,,,,,,,,,,,,,,,,,,,,,,,,,,,,,
,,,,,,,,,,,,,,,,,,,,,,,,,,,,,,,,,,,,,,,,,,,,,,,
,,,,,,,,,,,,,,,,,,,,,,,,,,,,,,,,,,,,,,,,,,,,,,,
,,,,,,,,,,,,,,,,,,,,,,,,,,,,,,,,,,,,,,,,,,,,,,,
,,,,,,,,,,,,,,,,,,,,,,,,,,,,,,,,,,,,,,,,,,,,,,,
,,,,,,,,,,,,,,,,,,,,,,,,,,,,,,,,,,,,,,,,,,,,,,,
,,,,,,,,,,,,,,,,,,,,,,,,,,,,,,,,,,,,,,,,,,,,,,,
,,,,,,,,,,,,,,,,,,,,,,,,,,,,,,,,,,,,,,,,,,,,,,,
,,,,,,,,,,,,,,,,,,,,,,,,,,,,,,,,,,,,,,,,,,,,,,,
,,,,,,,,,,,,,,,,,,,,,,,,,,,,,,,,,,,,,,,,,,,,,,,
,,,,,,,,,,,,,,,,,,,,,,,,,,,,,,,,,,,,,,,,,,,,,,,
,,,,,,,,,,,,,,,,,,,,,,,,,,,,,,,,,,,,,,,,,,,,,,,
,,,,,,,,,,,,,,,,,,,,,,,,,,,,,,,,,,,,,,,,,,,,,,,
,,,,,,,,,,,,,,,,,,,,,,,,,,,,,,,,,,,,,,,,,,,,,,,
,,,,,,,,,,,,,,,,,,,,,,,,,,,,,,,,,,,,,,,,,,,,,,,
,,,,,,,,,,,,,,,,,,,,,,,,,,,,,,,,,,,,,,,,,,,,,,,
,,,,,,,,,,,,,,,,,,,,,,,,,,,,,,,,,,,,,,,,,,,,,,,
,,,,,,,,,,,,,,,,,,,,,,,,,,,,,,,,,,,,,,,,,,,,,,,
,,,,,,,,,,,,,,,,,,,,,,,,,,,,,,,,,,,,,,,,,,,,,,,
,,,,,,,,,,,,,,,,,,,,,,,,,,,,,,,,,,,,,,,,,,,,,,,
,,,,,,,,,,,,,,,,,,,,,,,,,,,,,,,,,,,,,,,,,,,,,,,
,,,,,,,,,,,,,,,,,,,,,,,,,,,,,,,,,,,,,,,,,,,,,,,
,,,,,,,,,,,,,,,,,,,,,,,,,,,,,,,,,,,,,,,,,,,,,,,
,,,,,,,,,,,,,,,,,,,,,,,,,,,,,,,,,,,,,,,,,,,,,,,
,,,,,,,,,,,,,,,,,,,,,,,,,,,,,,,,,,,,,,,,,,,,,,,
,,,,,,,,,,,,,,,,,,,,,,,,,,,,,,,,,,,,,,,,,,,,,,,
,,,,,,,,,,,,,,,,,,,,,,,,,,,,,,,,,,,,,,,,,,,,,,,
,,,,,,,,,,,,,,,,,,,,,,,,,,,,,,,,,,,,,,,,,,,,,,,
,,,,,,,,,,,,,,,,,,,,,,,,,,,,,,,,,,,,,,,,,,,,,,,
,,,,,,,,,,,,,,,,,,,,,,,,,,,,,,,,,,,,,,,,,,,,,,,
,,,,,,,,,,,,,,,,,,,,,,,,,,,,,,,,,,,,,,,,,,,,,,,
,,,,,,,,,,,,,,,,,,,,,,,,,,,,,,,,,,,,,,,,,,,,,,,
,,,,,,,,,,,,,,,,,,,,,,,,,,,,,,,,,,,,,,,,,,,,,,,
,,,,,,,,,,,,,,,,,,,,,,,,,,,,,,,,,,,,,,,,,,,,,,,
,,,,,,,,,,,,,,,,,,,,,,,,,,,,,,,,,,,,,,,,,,,,,,,
,,,,,,,,,,,,,,,,,,,,,,,,,,,,,,,,,,,,,,,,,,,,,,,
,,,,,,,,,,,,,,,,,,,,,,,,,,,,,,,,,,,,,,,,,,,,,,,
,,,,,,,,,,,,,,,,,,,,,,,,,,,,,,,,,,,,,,,,,,,,,,,
,,,,,,,,,,,,,,,,,,,,,,,,,,,,,,,,,,,,,,,,,,,,,,,
,,,,,,,,,,,,,,,,,,,,,,,,,,,,,,,,,,,,,,,,,,,,,,,
,,,,,,,,,,,,,,,,,,,,,,,,,,,,,,,,,,,,,,,,,,,,,,,
,,,,,,,,,,,,,,,,,,,,,,,,,,,,,,,,,,,,,,,,,,,,,,,
,,,,,,,,,,,,,,,,,,,,,,,,,,,,,,,,,,,,,,,,,,,,,,,
,,,,,,,,,,,,,,,,,,,,,,,,,,,,,,,,,,,,,,,,,,,,,,,
,,,,,,,,,,,,,,,,,,,,,,,,,,,,,,,,,,,,,,,,,,,,,,,
,,,,,,,,,,,,,,,,,,,,,,,,,,,,,,,,,,,,,,,,,,,,,,,
,,,,,,,,,,,,,,,,,,,,,,,,,,,,,,,,,,,,,,,,,,,,,,,
,,,,,,,,,,,,,,,,,,,,,,,,,,,,,,,,,,,,,,,,,,,,,,,
,,,,,,,,,,,,,,,,,,,,,,,,,,,,,,,,,,,,,,,,,,,,,,,
,,,,,,,,,,,,,,,,,,,,,,,,,,,,,,,,,,,,,,,,,,,,,,,
,,,,,,,,,,,,,,,,,,,,,,,,,,,,,,,,,,,,,,,,,,,,,,,
,,,,,,,,,,,,,,,,,,,,,,,,,,,,,,,,,,,,,,,,,,,,,,,
,,,,,,,,,,,,,,,,,,,,,,,,,,,,,,,,,,,,,,,,,,,,,,,
,,,,,,,,,,,,,,,,,,,,,,,,,,,,,,,,,,,,,,,,,,,,,,,
,,,,,,,,,,,,,,,,,,,,,,,,,,,,,,,,,,,,,,,,,,,,,,,
,,,,,,,,,,,,,,,,,,,,,,,,,,,,,,,,,,,,,,,,,,,,,,,
,,,,,,,,,,,,,,,,,,,,,,,,,,,,,,,,,,,,,,,,,,,,,,,
,,,,,,,,,,,,,,,,,,,,,,,,,,,,,,,,,,,,,,,,,,,,,,,
,,,,,,,,,,,,,,,,,,,,,,,,,,,,,,,,,,,,,,,,,,,,,,,
,,,,,,,,,,,,,,,,,,,,,,,,,,,,,,,,,,,,,,,,,,,,,,,
,,,,,,,,,,,,,,,,,,,,,,,,,,,,,,,,,,,,,,,,,,,,,,,
,,,,,,,,,,,,,,,,,,,,,,,,,,,,,,,,,,,,,,,,,,,,,,,
,,,,,,,,,,,,,,,,,,,,,,,,,,,,,,,,,,,,,,,,,,,,,,,
,,,,,,,,,,,,,,,,,,,,,,,,,,,,,,,,,,,,,,,,,,,,,,,
,,,,,,,,,,,,,,,,,,,,,,,,,,,,,,,,,,,,,,,,,,,,,,,
,,,,,,,,,,,,,,,,,,,,,,,,,,,,,,,,,,,,,,,,,,,,,,,
,,,,,,,,,,,,,,,,,,,,,,,,,,,,,,,,,,,,,,,,,,,,,,,
,,,,,,,,,,,,,,,,,,,,,,,,,,,,,,,,,,,,,,,,,,,,,,,
,,,,,,,,,,,,,,,,,,,,,,,,,,,,,,,,,,,,,,,,,,,,,,,
,,,,,,,,,,,,,,,,,,,,,,,,,,,,,,,,,,,,,,,,,,,,,,,
,,,,,,,,,,,,,,,,,,,,,,,,,,,,,,,,,,,,,,,,,,,,,,,
,,,,,,,,,,,,,,,,,,,,,,,,,,,,,,,,,,,,,,,,,,,,,,,
,,,,,,,,,,,,,,,,,,,,,,,,,,,,,,,,,,,,,,,,,,,,,,,
,,,,,,,,,,,,,,,,,,,,,,,,,,,,,,,,,,,,,,,,,,,,,,,
,,,,,,,,,,,,,,,,,,,,,,,,,,,,,,,,,,,,,,,,,,,,,,,
,,,,,,,,,,,,,,,,,,,,,,,,,,,,,,,,,,,,,,,,,,,,,,,
,,,,,,,,,,,,,,,,,,,,,,,,,,,,,,,,,,,,,,,,,,,,,,,
,,,,,,,,,,,,,,,,,,,,,,,,,,,,,,,,,,,,,,,,,,,,,,,
,,,,,,,,,,,,,,,,,,,,,,,,,,,,,,,,,,,,,,,,,,,,,,,
,,,,,,,,,,,,,,,,,,,,,,,,,,,,,,,,,,,,,,,,,,,,,,,
,,,,,,,,,,,,,,,,,,,,,,,,,,,,,,,,,,,,,,,,,,,,,,,
,,,,,,,,,,,,,,,,,,,,,,,,,,,,,,,,,,,,,,,,,,,,,,,
,,,,,,,,,,,,,,,,,,,,,,,,,,,,,,,,,,,,,,,,,,,,,,,
,,,,,,,,,,,,,,,,,,,,,,,,,,,,,,,,,,,,,,,,,,,,,,,
,,,,,,,,,,,,,,,,,,,,,,,,,,,,,,,,,,,,,,,,,,,,,,,
,,,,,,,,,,,,,,,,,,,,,,,,,,,,,,,,,,,,,,,,,,,,,,,
,,,,,,,,,,,,,,,,,,,,,,,,,,,,,,,,,,,,,,,,,,,,,,,
,,,,,,,,,,,,,,,,,,,,,,,,,,,,,,,,,,,,,,,,,,,,,,,
,,,,,,,,,,,,,,,,,,,,,,,,,,,,,,,,,,,,,,,,,,,,,,,
,,,,,,,,,,,,,,,,,,,,,,,,,,,,,,,,,,,,,,,,,,,,,,,
,,,,,,,,,,,,,,,,,,,,,,,,,,,,,,,,,,,,,,,,,,,,,,,
,,,,,,,,,,,,,,,,,,,,,,,,,,,,,,,,,,,,,,,,,,,,,,,
,,,,,,,,,,,,,,,,,,,,,,,,,,,,,,,,,,,,,,,,,,,,,,,
,,,,,,,,,,,,,,,,,,,,,,,,,,,,,,,,,,,,,,,,,,,,,,,
,,,,,,,,,,,,,,,,,,,,,,,,,,,,,,,,,,,,,,,,,,,,,,,
,,,,,,,,,,,,,,,,,,,,,,,,,,,,,,,,,,,,,,,,,,,,,,,
,,,,,,,,,,,,,,,,,,,,,,,,,,,,,,,,,,,,,,,,,,,,,,,
,,,,,,,,,,,,,,,,,,,,,,,,,,,,,,,,,,,,,,,,,,,,,,,
,,,,,,,,,,,,,,,,,,,,,,,,,,,,,,,,,,,,,,,,,,,,,,,
,,,,,,,,,,,,,,,,,,,,,,,,,,,,,,,,,,,,,,,,,,,,,,,
,,,,,,,,,,,,,,,,,,,,,,,,,,,,,,,,,,,,,,,,,,,,,,,
,,,,,,,,,,,,,,,,,,,,,,,,,,,,,,,,,,,,,,,,,,,,,,,
,,,,,,,,,,,,,,,,,,,,,,,,,,,,,,,,,,,,,,,,,,,,,,,
,,,,,,,,,,,,,,,,,,,,,,,,,,,,,,,,,,,,,,,,,,,,,,,
,,,,,,,,,,,,,,,,,,,,,,,,,,,,,,,,,,,,,,,,,,,,,,,
,,,,,,,,,,,,,,,,,,,,,,,,,,,,,,,,,,,,,,,,,,,,,,,
,,,,,,,,,,,,,,,,,,,,,,,,,,,,,,,,,,,,,,,,,,,,,,,
,,,,,,,,,,,,,,,,,,,,,,,,,,,,,,,,,,,,,,,,,,,,,,,
,,,,,,,,,,,,,,,,,,,,,,,,,,,,,,,,,,,,,,,,,,,,,,,
,,,,,,,,,,,,,,,,,,,,,,,,,,,,,,,,,,,,,,,,,,,,,,,
,,,,,,,,,,,,,,,,,,,,,,,,,,,,,,,,,,,,,,,,,,,,,,,
,,,,,,,,,,,,,,,,,,,,,,,,,,,,,,,,,,,,,,,,,,,,,,,
,,,,,,,,,,,,,,,,,,,,,,,,,,,,,,,,,,,,,,,,,,,,,,,
,,,,,,,,,,,,,,,,,,,,,,,,,,,,,,,,,,,,,,,,,,,,,,,
,,,,,,,,,,,,,,,,,,,,,,,,,,,,,,,,,,,,,,,,,,,,,,,
,,,,,,,,,,,,,,,,,,,,,,,,,,,,,,,,,,,,,,,,,,,,,,,
,,,,,,,,,,,,,,,,,,,,,,,,,,,,,,,,,,,,,,,,,,,,,,,
,,,,,,,,,,,,,,,,,,,,,,,,,,,,,,,,,,,,,,,,,,,,,,,
,,,,,,,,,,,,,,,,,,,,,,,,,,,,,,,,,,,,,,,,,,,,,,,
,,,,,,,,,,,,,,,,,,,,,,,,,,,,,,,,,,,,,,,,,,,,,,,
,,,,,,,,,,,,,,,,,,,,,,,,,,,,,,,,,,,,,,,,,,,,,,,
,,,,,,,,,,,,,,,,,,,,,,,,,,,,,,,,,,,,,,,,,,,,,,,
,,,,,,,,,,,,,,,,,,,,,,,,,,,,,,,,,,,,,,,,,,,,,,,
,,,,,,,,,,,,,,,,,,,,,,,,,,,,,,,,,,,,,,,,,,,,,,,
,,,,,,,,,,,,,,,,,,,,,,,,,,,,,,,,,,,,,,,,,,,,,,,
,,,,,,,,,,,,,,,,,,,,,,,,,,,,,,,,,,,,,,,,,,,,,,,
,,,,,,,,,,,,,,,,,,,,,,,,,,,,,,,,,,,,,,,,,,,,,,,
,,,,,,,,,,,,,,,,,,,,,,,,,,,,,,,,,,,,,,,,,,,,,,,
,,,,,,,,,,,,,,,,,,,,,,,,,,,,,,,,,,,,,,,,,,,,,,,
,,,,,,,,,,,,,,,,,,,,,,,,,,,,,,,,,,,,,,,,,,,,,,,
,,,,,,,,,,,,,,,,,,,,,,,,,,,,,,,,,,,,,,,,,,,,,,,
,,,,,,,,,,,,,,,,,,,,,,,,,,,,,,,,,,,,,,,,,,,,,,,
,,,,,,,,,,,,,,,,,,,,,,,,,,,,,,,,,,,,,,,,,,,,,,,
,,,,,,,,,,,,,,,,,,,,,,,,,,,,,,,,,,,,,,,,,,,,,,,
,,,,,,,,,,,,,,,,,,,,,,,,,,,,,,,,,,,,,,,,,,,,,,,
,,,,,,,,,,,,,,,,,,,,,,,,,,,,,,,,,,,,,,,,,,,,,,,
,,,,,,,,,,,,,,,,,,,,,,,,,,,,,,,,,,,,,,,,,,,,,,,
,,,,,,,,,,,,,,,,,,,,,,,,,,,,,,,,,,,,,,,,,,,,,,,
,,,,,,,,,,,,,,,,,,,,,,,,,,,,,,,,,,,,,,,,,,,,,,,
,,,,,,,,,,,,,,,,,,,,,,,,,,,,,,,,,,,,,,,,,,,,,,,
,,,,,,,,,,,,,,,,,,,,,,,,,,,,,,,,,,,,,,,,,,,,,,,
,,,,,,,,,,,,,,,,,,,,,,,,,,,,,,,,,,,,,,,,,,,,,,,
,,,,,,,,,,,,,,,,,,,,,,,,,,,,,,,,,,,,,,,,,,,,,,,
,,,,,,,,,,,,,,,,,,,,,,,,,,,,,,,,,,,,,,,,,,,,,,,
,,,,,,,,,,,,,,,,,,,,,,,,,,,,,,,,,,,,,,,,,,,,,,,
,,,,,,,,,,,,,,,,,,,,,,,,,,,,,,,,,,,,,,,,,,,,,,,
,,,,,,,,,,,,,,,,,,,,,,,,,,,,,,,,,,,,,,,,,,,,,,,
,,,,,,,,,,,,,,,,,,,,,,,,,,,,,,,,,,,,,,,,,,,,,,,
,,,,,,,,,,,,,,,,,,,,,,,,,,,,,,,,,,,,,,,,,,,,,,,
,,,,,,,,,,,,,,,,,,,,,,,,,,,,,,,,,,,,,,,,,,,,,,,
,,,,,,,,,,,,,,,,,,,,,,,,,,,,,,,,,,,,,,,,,,,,,,,
,,,,,,,,,,,,,,,,,,,,,,,,,,,,,,,,,,,,,,,,,,,,,,,
,,,,,,,,,,,,,,,,,,,,,,,,,,,,,,,,,,,,,,,,,,,,,,,
,,,,,,,,,,,,,,,,,,,,,,,,,,,,,,,,,,,,,,,,,,,,,,,
,,,,,,,,,,,,,,,,,,,,,,,,,,,,,,,,,,,,,,,,,,,,,,,
,,,,,,,,,,,,,,,,,,,,,,,,,,,,,,,,,,,,,,,,,,,,,,,
,,,,,,,,,,,,,,,,,,,,,,,,,,,,,,,,,,,,,,,,,,,,,,,
,,,,,,,,,,,,,,,,,,,,,,,,,,,,,,,,,,,,,,,,,,,,,,,
,,,,,,,,,,,,,,,,,,,,,,,,,,,,,,,,,,,,,,,,,,,,,,,
,,,,,,,,,,,,,,,,,,,,,,,,,,,,,,,,,,,,,,,,,,,,,,,
,,,,,,,,,,,,,,,,,,,,,,,,,,,,,,,,,,,,,,,,,,,,,,,
,,,,,,,,,,,,,,,,,,,,,,,,,,,,,,,,,,,,,,,,,,,,,,,
,,,,,,,,,,,,,,,,,,,,,,,,,,,,,,,,,,,,,,,,,,,,,,,
,,,,,,,,,,,,,,,,,,,,,,,,,,,,,,,,,,,,,,,,,,,,,,,
,,,,,,,,,,,,,,,,,,,,,,,,,,,,,,,,,,,,,,,,,,,,,,,
,,,,,,,,,,,,,,,,,,,,,,,,,,,,,,,,,,,,,,,,,,,,,,,
,,,,,,,,,,,,,,,,,,,,,,,,,,,,,,,,,,,,,,,,,,,,,,,
,,,,,,,,,,,,,,,,,,,,,,,,,,,,,,,,,,,,,,,,,,,,,,,
,,,,,,,,,,,,,,,,,,,,,,,,,,,,,,,,,,,,,,,,,,,,,,,
,,,,,,,,,,,,,,,,,,,,,,,,,,,,,,,,,,,,,,,,,,,,,,,
,,,,,,,,,,,,,,,,,,,,,,,,,,,,,,,,,,,,,,,,,,,,,,,
,,,,,,,,,,,,,,,,,,,,,,,,,,,,,,,,,,,,,,,,,,,,,,,
,,,,,,,,,,,,,,,,,,,,,,,,,,,,,,,,,,,,,,,,,,,,,,,
,,,,,,,,,,,,,,,,,,,,,,,,,,,,,,,,,,,,,,,,,,,,,,,
,,,,,,,,,,,,,,,,,,,,,,,,,,,,,,,,,,,,,,,,,,,,,,,
,,,,,,,,,,,,,,,,,,,,,,,,,,,,,,,,,,,,,,,,,,,,,,,
,,,,,,,,,,,,,,,,,,,,,,,,,,,,,,,,,,,,,,,,,,,,,,,
,,,,,,,,,,,,,,,,,,,,,,,,,,,,,,,,,,,,,,,,,,,,,,,
,,,,,,,,,,,,,,,,,,,,,,,,,,,,,,,,,,,,,,,,,,,,,,,
,,,,,,,,,,,,,,,,,,,,,,,,,,,,,,,,,,,,,,,,,,,,,,,
,,,,,,,,,,,,,,,,,,,,,,,,,,,,,,,,,,,,,,,,,,,,,,,
,,,,,,,,,,,,,,,,,,,,,,,,,,,,,,,,,,,,,,,,,,,,,,,
,,,,,,,,,,,,,,,,,,,,,,,,,,,,,,,,,,,,,,,,,,,,,,,
,,,,,,,,,,,,,,,,,,,,,,,,,,,,,,,,,,,,,,,,,,,,,,,
,,,,,,,,,,,,,,,,,,,,,,,,,,,,,,,,,,,,,,,,,,,,,,,
,,,,,,,,,,,,,,,,,,,,,,,,,,,,,,,,,,,,,,,,,,,,,,,
,,,,,,,,,,,,,,,,,,,,,,,,,,,,,,,,,,,,,,,,,,,,,,,
,,,,,,,,,,,,,,,,,,,,,,,,,,,,,,,,,,,,,,,,,,,,,,,
,,,,,,,,,,,,,,,,,,,,,,,,,,,,,,,,,,,,,,,,,,,,,,,
,,,,,,,,,,,,,,,,,,,,,,,,,,,,,,,,,,,,,,,,,,,,,,,
,,,,,,,,,,,,,,,,,,,,,,,,,,,,,,,,,,,,,,,,,,,,,,,
,,,,,,,,,,,,,,,,,,,,,,,,,,,,,,,,,,,,,,,,,,,,,,,
,,,,,,,,,,,,,,,,,,,,,,,,,,,,,,,,,,,,,,,,,,,,,,,
,,,,,,,,,,,,,,,,,,,,,,,,,,,,,,,,,,,,,,,,,,,,,,,
,,,,,,,,,,,,,,,,,,,,,,,,,,,,,,,,,,,,,,,,,,,,,,,
,,,,,,,,,,,,,,,,,,,,,,,,,,,,,,,,,,,,,,,,,,,,,,,
,,,,,,,,,,,,,,,,,,,,,,,,,,,,,,,,,,,,,,,,,,,,,,,
,,,,,,,,,,,,,,,,,,,,,,,,,,,,,,,,,,,,,,,,,,,,,,,
,,,,,,,,,,,,,,,,,,,,,,,,,,,,,,,,,,,,,,,,,,,,,,,
,,,,,,,,,,,,,,,,,,,,,,,,,,,,,,,,,,,,,,,,,,,,,,,
,,,,,,,,,,,,,,,,,,,,,,,,,,,,,,,,,,,,,,,,,,,,,,,
,,,,,,,,,,,,,,,,,,,,,,,,,,,,,,,,,,,,,,,,,,,,,,,
,,,,,,,,,,,,,,,,,,,,,,,,,,,,,,,,,,,,,,,,,,,,,,,
,,,,,,,,,,,,,,,,,,,,,,,,,,,,,,,,,,,,,,,,,,,,,,,
,,,,,,,,,,,,,,,,,,,,,,,,,,,,,,,,,,,,,,,,,,,,,,,
,,,,,,,,,,,,,,,,,,,,,,,,,,,,,,,,,,,,,,,,,,,,,,,
,,,,,,,,,,,,,,,,,,,,,,,,,,,,,,,,,,,,,,,,,,,,,,,
,,,,,,,,,,,,,,,,,,,,,,,,,,,,,,,,,,,,,,,,,,,,,,,
,,,,,,,,,,,,,,,,,,,,,,,,,,,,,,,,,,,,,,,,,,,,,,,
,,,,,,,,,,,,,,,,,,,,,,,,,,,,,,,,,,,,,,,,,,,,,,,
,,,,,,,,,,,,,,,,,,,,,,,,,,,,,,,,,,,,,,,,,,,,,,,
,,,,,,,,,,,,,,,,,,,,,,,,,,,,,,,,,,,,,,,,,,,,,,,
,,,,,,,,,,,,,,,,,,,,,,,,,,,,,,,,,,,,,,,,,,,,,,,
,,,,,,,,,,,,,,,,,,,,,,,,,,,,,,,,,,,,,,,,,,,,,,,
,,,,,,,,,,,,,,,,,,,,,,,,,,,,,,,,,,,,,,,,,,,,,,,
,,,,,,,,,,,,,,,,,,,,,,,,,,,,,,,,,,,,,,,,,,,,,,,
,,,,,,,,,,,,,,,,,,,,,,,,,,,,,,,,,,,,,,,,,,,,,,,
,,,,,,,,,,,,,,,,,,,,,,,,,,,,,,,,,,,,,,,,,,,,,,,
,,,,,,,,,,,,,,,,,,,,,,,,,,,,,,,,,,,,,,,,,,,,,,,
,,,,,,,,,,,,,,,,,,,,,,,,,,,,,,,,,,,,,,,,,,,,,,,
,,,,,,,,,,,,,,,,,,,,,,,,,,,,,,,,,,,,,,,,,,,,,,,
,,,,,,,,,,,,,,,,,,,,,,,,,,,,,,,,,,,,,,,,,,,,,,,
,,,,,,,,,,,,,,,,,,,,,,,,,,,,,,,,,,,,,,,,,,,,,,,
,,,,,,,,,,,,,,,,,,,,,,,,,,,,,,,,,,,,,,,,,,,,,,,
,,,,,,,,,,,,,,,,,,,,,,,,,,,,,,,,,,,,,,,,,,,,,,,
,,,,,,,,,,,,,,,,,,,,,,,,,,,,,,,,,,,,,,,,,,,,,,,
,,,,,,,,,,,,,,,,,,,,,,,,,,,,,,,,,,,,,,,,,,,,,,,
,,,,,,,,,,,,,,,,,,,,,,,,,,,,,,,,,,,,,,,,,,,,,,,
,,,,,,,,,,,,,,,,,,,,,,,,,,,,,,,,,,,,,,,,,,,,,,,
,,,,,,,,,,,,,,,,,,,,,,,,,,,,,,,,,,,,,,,,,,,,,,,
,,,,,,,,,,,,,,,,,,,,,,,,,,,,,,,,,,,,,,,,,,,,,,,
,,,,,,,,,,,,,,,,,,,,,,,,,,,,,,,,,,,,,,,,,,,,,,,
,,,,,,,,,,,,,,,,,,,,,,,,,,,,,,,,,,,,,,,,,,,,,,,
,,,,,,,,,,,,,,,,,,,,,,,,,,,,,,,,,,,,,,,,,,,,,,,
,,,,,,,,,,,,,,,,,,,,,,,,,,,,,,,,,,,,,,,,,,,,,,,
,,,,,,,,,,,,,,,,,,,,,,,,,,,,,,,,,,,,,,,,,,,,,,,
,,,,,,,,,,,,,,,,,,,,,,,,,,,,,,,,,,,,,,,,,,,,,,,
,,,,,,,,,,,,,,,,,,,,,,,,,,,,,,,,,,,,,,,,,,,,,,,
,,,,,,,,,,,,,,,,,,,,,,,,,,,,,,,,,,,,,,,,,,,,,,,
,,,,,,,,,,,,,,,,,,,,,,,,,,,,,,,,,,,,,,,,,,,,,,,
,,,,,,,,,,,,,,,,,,,,,,,,,,,,,,,,,,,,,,,,,,,,,,,
,,,,,,,,,,,,,,,,,,,,,,,,,,,,,,,,,,,,,,,,,,,,,,,
,,,,,,,,,,,,,,,,,,,,,,,,,,,,,,,,,,,,,,,,,,,,,,,
,,,,,,,,,,,,,,,,,,,,,,,,,,,,,,,,,,,,,,,,,,,,,,,
,,,,,,,,,,,,,,,,,,,,,,,,,,,,,,,,,,,,,,,,,,,,,,,
,,,,,,,,,,,,,,,,,,,,,,,,,,,,,,,,,,,,,,,,,,,,,,,
,,,,,,,,,,,,,,,,,,,,,,,,,,,,,,,,,,,,,,,,,,,,,,,
,,,,,,,,,,,,,,,,,,,,,,,,,,,,,,,,,,,,,,,,,,,,,,,
,,,,,,,,,,,,,,,,,,,,,,,,,,,,,,,,,,,,,,,,,,,,,,,
,,,,,,,,,,,,,,,,,,,,,,,,,,,,,,,,,,,,,,,,,,,,,,,
,,,,,,,,,,,,,,,,,,,,,,,,,,,,,,,,,,,,,,,,,,,,,,,
,,,,,,,,,,,,,,,,,,,,,,,,,,,,,,,,,,,,,,,,,,,,,,,
,,,,,,,,,,,,,,,,,,,,,,,,,,,,,,,,,,,,,,,,,,,,,,,
,,,,,,,,,,,,,,,,,,,,,,,,,,,,,,,,,,,,,,,,,,,,,,,
,,,,,,,,,,,,,,,,,,,,,,,,,,,,,,,,,,,,,,,,,,,,,,,
,,,,,,,,,,,,,,,,,,,,,,,,,,,,,,,,,,,,,,,,,,,,,,,
,,,,,,,,,,,,,,,,,,,,,,,,,,,,,,,,,,,,,,,,,,,,,,,
,,,,,,,,,,,,,,,,,,,,,,,,,,,,,,,,,,,,,,,,,,,,,,,
,,,,,,,,,,,,,,,,,,,,,,,,,,,,,,,,,,,,,,,,,,,,,,,
,,,,,,,,,,,,,,,,,,,,,,,,,,,,,,,,,,,,,,,,,,,,,,,
,,,,,,,,,,,,,,,,,,,,,,,,,,,,,,,,,,,,,,,,,,,,,,,
,,,,,,,,,,,,,,,,,,,,,,,,,,,,,,,,,,,,,,,,,,,,,,,
,,,,,,,,,,,,,,,,,,,,,,,,,,,,,,,,,,,,,,,,,,,,,,,
,,,,,,,,,,,,,,,,,,,,,,,,,,,,,,,,,,,,,,,,,,,,,,,
,,,,,,,,,,,,,,,,,,,,,,,,,,,,,,,,,,,,,,,,,,,,,,,
,,,,,,,,,,,,,,,,,,,,,,,,,,,,,,,,,,,,,,,,,,,,,,,
,,,,,,,,,,,,,,,,,,,,,,,,,,,,,,,,,,,,,,,,,,,,,,,
,,,,,,,,,,,,,,,,,,,,,,,,,,,,,,,,,,,,,,,,,,,,,,,
,,,,,,,,,,,,,,,,,,,,,,,,,,,,,,,,,,,,,,,,,,,,,,,
,,,,,,,,,,,,,,,,,,,,,,,,,,,,,,,,,,,,,,,,,,,,,,,
,,,,,,,,,,,,,,,,,,,,,,,,,,,,,,,,,,,,,,,,,,,,,,,
,,,,,,,,,,,,,,,,,,,,,,,,,,,,,,,,,,,,,,,,,,,,,,,
,,,,,,,,,,,,,,,,,,,,,,,,,,,,,,,,,,,,,,,,,,,,,,,
,,,,,,,,,,,,,,,,,,,,,,,,,,,,,,,,,,,,,,,,,,,,,,,
,,,,,,,,,,,,,,,,,,,,,,,,,,,,,,,,,,,,,,,,,,,,,,,
,,,,,,,,,,,,,,,,,,,,,,,,,,,,,,,,,,,,,,,,,,,,,,,
,,,,,,,,,,,,,,,,,,,,,,,,,,,,,,,,,,,,,,,,,,,,,,,
,,,,,,,,,,,,,,,,,,,,,,,,,,,,,,,,,,,,,,,,,,,,,,,
,,,,,,,,,,,,,,,,,,,,,,,,,,,,,,,,,,,,,,,,,,,,,,,
,,,,,,,,,,,,,,,,,,,,,,,,,,,,,,,,,,,,,,,,,,,,,,,
,,,,,,,,,,,,,,,,,,,,,,,,,,,,,,,,,,,,,,,,,,,,,,,
,,,,,,,,,,,,,,,,,,,,,,,,,,,,,,,,,,,,,,,,,,,,,,,
,,,,,,,,,,,,,,,,,,,,,,,,,,,,,,,,,,,,,,,,,,,,,,,
,,,,,,,,,,,,,,,,,,,,,,,,,,,,,,,,,,,,,,,,,,,,,,,
,,,,,,,,,,,,,,,,,,,,,,,,,,,,,,,,,,,,,,,,,,,,,,,
,,,,,,,,,,,,,,,,,,,,,,,,,,,,,,,,,,,,,,,,,,,,,,,
,,,,,,,,,,,,,,,,,,,,,,,,,,,,,,,,,,,,,,,,,,,,,,,
,,,,,,,,,,,,,,,,,,,,,,,,,,,,,,,,,,,,,,,,,,,,,,,
,,,,,,,,,,,,,,,,,,,,,,,,,,,,,,,,,,,,,,,,,,,,,,,
,,,,,,,,,,,,,,,,,,,,,,,,,,,,,,,,,,,,,,,,,,,,,,,
,,,,,,,,,,,,,,,,,,,,,,,,,,,,,,,,,,,,,,,,,,,,,,,
,,,,,,,,,,,,,,,,,,,,,,,,,,,,,,,,,,,,,,,,,,,,,,,
,,,,,,,,,,,,,,,,,,,,,,,,,,,,,,,,,,,,,,,,,,,,,,,
,,,,,,,,,,,,,,,,,,,,,,,,,,,,,,,,,,,,,,,,,,,,,,,
,,,,,,,,,,,,,,,,,,,,,,,,,,,,,,,,,,,,,,,,,,,,,,,
,,,,,,,,,,,,,,,,,,,,,,,,,,,,,,,,,,,,,,,,,,,,,,,
,,,,,,,,,,,,,,,,,,,,,,,,,,,,,,,,,,,,,,,,,,,,,,,
,,,,,,,,,,,,,,,,,,,,,,,,,,,,,,,,,,,,,,,,,,,,,,,
,,,,,,,,,,,,,,,,,,,,,,,,,,,,,,,,,,,,,,,,,,,,,,,
,,,,,,,,,,,,,,,,,,,,,,,,,,,,,,,,,,,,,,,,,,,,,,,
,,,,,,,,,,,,,,,,,,,,,,,,,,,,,,,,,,,,,,,,,,,,,,,
,,,,,,,,,,,,,,,,,,,,,,,,,,,,,,,,,,,,,,,,,,,,,,,
,,,,,,,,,,,,,,,,,,,,,,,,,,,,,,,,,,,,,,,,,,,,,,,
,,,,,,,,,,,,,,,,,,,,,,,,,,,,,,,,,,,,,,,,,,,,,,,
,,,,,,,,,,,,,,,,,,,,,,,,,,,,,,,,,,,,,,,,,,,,,,,
,,,,,,,,,,,,,,,,,,,,,,,,,,,,,,,,,,,,,,,,,,,,,,,
,,,,,,,,,,,,,,,,,,,,,,,,,,,,,,,,,,,,,,,,,,,,,,,
,,,,,,,,,,,,,,,,,,,,,,,,,,,,,,,,,,,,,,,,,,,,,,,
,,,,,,,,,,,,,,,,,,,,,,,,,,,,,,,,,,,,,,,,,,,,,,,
,,,,,,,,,,,,,,,,,,,,,,,,,,,,,,,,,,,,,,,,,,,,,,,
,,,,,,,,,,,,,,,,,,,,,,,,,,,,,,,,,,,,,,,,,,,,,,,
,,,,,,,,,,,,,,,,,,,,,,,,,,,,,,,,,,,,,,,,,,,,,,,
,,,,,,,,,,,,,,,,,,,,,,,,,,,,,,,,,,,,,,,,,,,,,,,
,,,,,,,,,,,,,,,,,,,,,,,,,,,,,,,,,,,,,,,,,,,,,,,
,,,,,,,,,,,,,,,,,,,,,,,,,,,,,,,,,,,,,,,,,,,,,,,
,,,,,,,,,,,,,,,,,,,,,,,,,,,,,,,,,,,,,,,,,,,,,,,
,,,,,,,,,,,,,,,,,,,,,,,,,,,,,,,,,,,,,,,,,,,,,,,
,,,,,,,,,,,,,,,,,,,,,,,,,,,,,,,,,,,,,,,,,,,,,,,
,,,,,,,,,,,,,,,,,,,,,,,,,,,,,,,,,,,,,,,,,,,,,,,
,,,,,,,,,,,,,,,,,,,,,,,,,,,,,,,,,,,,,,,,,,,,,,,
,,,,,,,,,,,,,,,,,,,,,,,,,,,,,,,,,,,,,,,,,,,,,,,
,,,,,,,,,,,,,,,,,,,,,,,,,,,,,,,,,,,,,,,,,,,,,,,
,,,,,,,,,,,,,,,,,,,,,,,,,,,,,,,,,,,,,,,,,,,,,,,
,,,,,,,,,,,,,,,,,,,,,,,,,,,,,,,,,,,,,,,,,,,,,,,
,,,,,,,,,,,,,,,,,,,,,,,,,,,,,,,,,,,,,,,,,,,,,,,
,,,,,,,,,,,,,,,,,,,,,,,,,,,,,,,,,,,,,,,,,,,,,,,
,,,,,,,,,,,,,,,,,,,,,,,,,,,,,,,,,,,,,,,,,,,,,,,
,,,,,,,,,,,,,,,,,,,,,,,,,,,,,,,,,,,,,,,,,,,,,,,
,,,,,,,,,,,,,,,,,,,,,,,,,,,,,,,,,,,,,,,,,,,,,,,
,,,,,,,,,,,,,,,,,,,,,,,,,,,,,,,,,,,,,,,,,,,,,,,
,,,,,,,,,,,,,,,,,,,,,,,,,,,,,,,,,,,,,,,,,,,,,,,
,,,,,,,,,,,,,,,,,,,,,,,,,,,,,,,,,,,,,,,,,,,,,,,
,,,,,,,,,,,,,,,,,,,,,,,,,,,,,,,,,,,,,,,,,,,,,,,
,,,,,,,,,,,,,,,,,,,,,,,,,,,,,,,,,,,,,,,,,,,,,,,
,,,,,,,,,,,,,,,,,,,,,,,,,,,,,,,,,,,,,,,,,,,,,,,
,,,,,,,,,,,,,,,,,,,,,,,,,,,,,,,,,,,,,,,,,,,,,,,
,,,,,,,,,,,,,,,,,,,,,,,,,,,,,,,,,,,,,,,,,,,,,,,
,,,,,,,,,,,,,,,,,,,,,,,,,,,,,,,,,,,,,,,,,,,,,,,
,,,,,,,,,,,,,,,,,,,,,,,,,,,,,,,,,,,,,,,,,,,,,,,
,,,,,,,,,,,,,,,,,,,,,,,,,,,,,,,,,,,,,,,,,,,,,,,
,,,,,,,,,,,,,,,,,,,,,,,,,,,,,,,,,,,,,,,,,,,,,,,
,,,,,,,,,,,,,,,,,,,,,,,,,,,,,,,,,,,,,,,,,,,,,,,
,,,,,,,,,,,,,,,,,,,,,,,,,,,,,,,,,,,,,,,,,,,,,,,
,,,,,,,,,,,,,,,,,,,,,,,,,,,,,,,,,,,,,,,,,,,,,,,
,,,,,,,,,,,,,,,,,,,,,,,,,,,,,,,,,,,,,,,,,,,,,,,
,,,,,,,,,,,,,,,,,,,,,,,,,,,,,,,,,,,,,,,,,,,,,,,
,,,,,,,,,,,,,,,,,,,,,,,,,,,,,,,,,,,,,,,,,,,,,,,
,,,,,,,,,,,,,,,,,,,,,,,,,,,,,,,,,,,,,,,,,,,,,,,
,,,,,,,,,,,,,,,,,,,,,,,,,,,,,,,,,,,,,,,,,,,,,,,
,,,,,,,,,,,,,,,,,,,,,,,,,,,,,,,,,,,,,,,,,,,,,,,
,,,,,,,,,,,,,,,,,,,,,,,,,,,,,,,,,,,,,,,,,,,,,,,
,,,,,,,,,,,,,,,,,,,,,,,,,,,,,,,,,,,,,,,,,,,,,,,
,,,,,,,,,,,,,,,,,,,,,,,,,,,,,,,,,,,,,,,,,,,,,,,
,,,,,,,,,,,,,,,,,,,,,,,,,,,,,,,,,,,,,,,,,,,,,,,
,,,,,,,,,,,,,,,,,,,,,,,,,,,,,,,,,,,,,,,,,,,,,,,
,,,,,,,,,,,,,,,,,,,,,,,,,,,,,,,,,,,,,,,,,,,,,,,
,,,,,,,,,,,,,,,,,,,,,,,,,,,,,,,,,,,,,,,,,,,,,,,
,,,,,,,,,,,,,,,,,,,,,,,,,,,,,,,,,,,,,,,,,,,,,,,
,,,,,,,,,,,,,,,,,,,,,,,,,,,,,,,,,,,,,,,,,,,,,,,
,,,,,,,,,,,,,,,,,,,,,,,,,,,,,,,,,,,,,,,,,,,,,,,
,,,,,,,,,,,,,,,,,,,,,,,,,,,,,,,,,,,,,,,,,,,,,,,
,,,,,,,,,,,,,,,,,,,,,,,,,,,,,,,,,,,,,,,,,,,,,,,
,,,,,,,,,,,,,,,,,,,,,,,,,,,,,,,,,,,,,,,,,,,,,,,
,,,,,,,,,,,,,,,,,,,,,,,,,,,,,,,,,,,,,,,,,,,,,,,
,,,,,,,,,,,,,,,,,,,,,,,,,,,,,,,,,,,,,,,,,,,,,,,
,,,,,,,,,,,,,,,,,,,,,,,,,,,,,,,,,,,,,,,,,,,,,,,
,,,,,,,,,,,,,,,,,,,,,,,,,,,,,,,,,,,,,,,,,,,,,,,
,,,,,,,,,,,,,,,,,,,,,,,,,,,,,,,,,,,,,,,,,,,,,,,
,,,,,,,,,,,,,,,,,,,,,,,,,,,,,,,,,,,,,,,,,,,,,,,
,,,,,,,,,,,,,,,,,,,,,,,,,,,,,,,,,,,,,,,,,,,,,,,
,,,,,,,,,,,,,,,,,,,,,,,,,,,,,,,,,,,,,,,,,,,,,,,
,,,,,,,,,,,,,,,,,,,,,,,,,,,,,,,,,,,,,,,,,,,,,,,
,,,,,,,,,,,,,,,,,,,,,,,,,,,,,,,,,,,,,,,,,,,,,,,
,,,,,,,,,,,,,,,,,,,,,,,,,,,,,,,,,,,,,,,,,,,,,,,
,,,,,,,,,,,,,,,,,,,,,,,,,,,,,,,,,,,,,,,,,,,,,,,
,,,,,,,,,,,,,,,,,,,,,,,,,,,,,,,,,,,,,,,,,,,,,,,
,,,,,,,,,,,,,,,,,,,,,,,,,,,,,,,,,,,,,,,,,,,,,,,
,,,,,,,,,,,,,,,,,,,,,,,,,,,,,,,,,,,,,,,,,,,,,,,
,,,,,,,,,,,,,,,,,,,,,,,,,,,,,,,,,,,,,,,,,,,,,,,
,,,,,,,,,,,,,,,,,,,,,,,,,,,,,,,,,,,,,,,,,,,,,,,
,,,,,,,,,,,,,,,,,,,,,,,,,,,,,,,,,,,,,,,,,,,,,,,
,,,,,,,,,,,,,,,,,,,,,,,,,,,,,,,,,,,,,,,,,,,,,,,
,,,,,,,,,,,,,,,,,,,,,,,,,,,,,,,,,,,,,,,,,,,,,,,
,,,,,,,,,,,,,,,,,,,,,,,,,,,,,,,,,,,,,,,,,,,,,,,
,,,,,,,,,,,,,,,,,,,,,,,,,,,,,,,,,,,,,,,,,,,,,,,
,,,,,,,,,,,,,,,,,,,,,,,,,,,,,,,,,,,,,,,,,,,,,,,
,,,,,,,,,,,,,,,,,,,,,,,,,,,,,,,,,,,,,,,,,,,,,,,
,,,,,,,,,,,,,,,,,,,,,,,,,,,,,,,,,,,,,,,,,,,,,,,
,,,,,,,,,,,,,,,,,,,,,,,,,,,,,,,,,,,,,,,,,,,,,,,
,,,,,,,,,,,,,,,,,,,,,,,,,,,,,,,,,,,,,,,,,,,,,,,
,,,,,,,,,,,,,,,,,,,,,,,,,,,,,,,,,,,,,,,,,,,,,,,
,,,,,,,,,,,,,,,,,,,,,,,,,,,,,,,,,,,,,,,,,,,,,,,
,,,,,,,,,,,,,,,,,,,,,,,,,,,,,,,,,,,,,,,,,,,,,,,
,,,,,,,,,,,,,,,,,,,,,,,,,,,,,,,,,,,,,,,,,,,,,,,
,,,,,,,,,,,,,,,,,,,,,,,,,,,,,,,,,,,,,,,,,,,,,,,
,,,,,,,,,,,,,,,,,,,,,,,,,,,,,,,,,,,,,,,,,,,,,,,
,,,,,,,,,,,,,,,,,,,,,,,,,,,,,,,,,,,,,,,,,,,,,,,
,,,,,,,,,,,,,,,,,,,,,,,,,,,,,,,,,,,,,,,,,,,,,,,
,,,,,,,,,,,,,,,,,,,,,,,,,,,,,,,,,,,,,,,,,,,,,,,
,,,,,,,,,,,,,,,,,,,,,,,,,,,,,,,,,,,,,,,,,,,,,,,
,,,,,,,,,,,,,,,,,,,,,,,,,,,,,,,,,,,,,,,,,,,,,,,
,,,,,,,,,,,,,,,,,,,,,,,,,,,,,,,,,,,,,,,,,,,,,,,
,,,,,,,,,,,,,,,,,,,,,,,,,,,,,,,,,,,,,,,,,,,,,,,
,,,,,,,,,,,,,,,,,,,,,,,,,,,,,,,,,,,,,,,,,,,,,,,
,,,,,,,,,,,,,,,,,,,,,,,,,,,,,,,,,,,,,,,,,,,,,,,
,,,,,,,,,,,,,,,,,,,,,,,,,,,,,,,,,,,,,,,,,,,,,,,
,,,,,,,,,,,,,,,,,,,,,,,,,,,,,,,,,,,,,,,,,,,,,,,
,,,,,,,,,,,,,,,,,,,,,,,,,,,,,,,,,,,,,,,,,,,,,,,
,,,,,,,,,,,,,,,,,,,,,,,,,,,,,,,,,,,,,,,,,,,,,,,
,,,,,,,,,,,,,,,,,,,,,,,,,,,,,,,,,,,,,,,,,,,,,,,
,,,,,,,,,,,,,,,,,,,,,,,,,,,,,,,,,,,,,,,,,,,,,,,
,,,,,,,,,,,,,,,,,,,,,,,,,,,,,,,,,,,,,,,,,,,,,,,
,,,,,,,,,,,,,,,,,,,,,,,,,,,,,,,,,,,,,,,,,,,,,,,
,,,,,,,,,,,,,,,,,,,,,,,,,,,,,,,,,,,,,,,,,,,,,,,
,,,,,,,,,,,,,,,,,,,,,,,,,,,,,,,,,,,,,,,,,,,,,,,
,,,,,,,,,,,,,,,,,,,,,,,,,,,,,,,,,,,,,,,,,,,,,,,
,,,,,,,,,,,,,,,,,,,,,,,,,,,,,,,,,,,,,,,,,,,,,,,
,,,,,,,,,,,,,,,,,,,,,,,,,,,,,,,,,,,,,,,,,,,,,,,
,,,,,,,,,,,,,,,,,,,,,,,,,,,,,,,,,,,,,,,,,,,,,,,
,,,,,,,,,,,,,,,,,,,,,,,,,,,,,,,,,,,,,,,,,,,,,,,
,,,,,,,,,,,,,,,,,,,,,,,,,,,,,,,,,,,,,,,,,,,,,,,
,,,,,,,,,,,,,,,,,,,,,,,,,,,,,,,,,,,,,,,,,,,,,,,
,,,,,,,,,,,,,,,,,,,,,,,,,,,,,,,,,,,,,,,,,,,,,,,
,,,,,,,,,,,,,,,,,,,,,,,,,,,,,,,,,,,,,,,,,,,,,,,
,,,,,,,,,,,,,,,,,,,,,,,,,,,,,,,,,,,,,,,,,,,,,,,
,,,,,,,,,,,,,,,,,,,,,,,,,,,,,,,,,,,,,,,,,,,,,,,
,,,,,,,,,,,,,,,,,,,,,,,,,,,,,,,,,,,,,,,,,,,,,,,
,,,,,,,,,,,,,,,,,,,,,,,,,,,,,,,,,,,,,,,,,,,,,,,
,,,,,,,,,,,,,,,,,,,,,,,,,,,,,,,,,,,,,,,,,,,,,,,
,,,,,,,,,,,,,,,,,,,,,,,,,,,,,,,,,,,,,,,,,,,,,,,
,,,,,,,,,,,,,,,,,,,,,,,,,,,,,,,,,,,,,,,,,,,,,,,
,,,,,,,,,,,,,,,,,,,,,,,,,,,,,,,,,,,,,,,,,,,,,,,
,,,,,,,,,,,,,,,,,,,,,,,,,,,,,,,,,,,,,,,,,,,,,,,
,,,,,,,,,,,,,,,,,,,,,,,,,,,,,,,,,,,,,,,,,,,,,,,
,,,,,,,,,,,,,,,,,,,,,,,,,,,,,,,,,,,,,,,,,,,,,,,
,,,,,,,,,,,,,,,,,,,,,,,,,,,,,,,,,,,,,,,,,,,,,,,
,,,,,,,,,,,,,,,,,,,,,,,,,,,,,,,,,,,,,,,,,,,,,,,
,,,,,,,,,,,,,,,,,,,,,,,,,,,,,,,,,,,,,,,,,,,,,,,
,,,,,,,,,,,,,,,,,,,,,,,,,,,,,,,,,,,,,,,,,,,,,,,
,,,,,,,,,,,,,,,,,,,,,,,,,,,,,,,,,,,,,,,,,,,,,,,
,,,,,,,,,,,,,,,,,,,,,,,,,,,,,,,,,,,,,,,,,,,,,,,
,,,,,,,,,,,,,,,,,,,,,,,,,,,,,,,,,,,,,,,,,,,,,,,
,,,,,,,,,,,,,,,,,,,,,,,,,,,,,,,,,,,,,,,,,,,,,,,
,,,,,,,,,,,,,,,,,,,,,,,,,,,,,,,,,,,,,,,,,,,,,,,
,,,,,,,,,,,,,,,,,,,,,,,,,,,,,,,,,,,,,,,,,,,,,,,
,,,,,,,,,,,,,,,,,,,,,,,,,,,,,,,,,,,,,,,,,,,,,,,
,,,,,,,,,,,,,,,,,,,,,,,,,,,,,,,,,,,,,,,,,,,,,,,
,,,,,,,,,,,,,,,,,,,,,,,,,,,,,,,,,,,,,,,,,,,,,,,
,,,,,,,,,,,,,,,,,,,,,,,,,,,,,,,,,,,,,,,,,,,,,,,
,,,,,,,,,,,,,,,,,,,,,,,,,,,,,,,,,,,,,,,,,,,,,,,
,,,,,,,,,,,,,,,,,,,,,,,,,,,,,,,,,,,,,,,,,,,,,,,
,,,,,,,,,,,,,,,,,,,,,,,,,,,,,,,,,,,,,,,,,,,,,,,
,,,,,,,,,,,,,,,,,,,,,,,,,,,,,,,,,,,,,,,,,,,,,,,
,,,,,,,,,,,,,,,,,,,,,,,,,,,,,,,,,,,,,,,,,,,,,,,
,,,,,,,,,,,,,,,,,,,,,,,,,,,,,,,,,,,,,,,,,,,,,,,
,,,,,,,,,,,,,,,,,,,,,,,,,,,,,,,,,,,,,,,,,,,,,,,
,,,,,,,,,,,,,,,,,,,,,,,,,,,,,,,,,,,,,,,,,,,,,,,
,,,,,,,,,,,,,,,,,,,,,,,,,,,,,,,,,,,,,,,,,,,,,,,
,,,,,,,,,,,,,,,,,,,,,,,,,,,,,,,,,,,,,,,,,,,,,,,
,,,,,,,,,,,,,,,,,,,,,,,,,,,,,,,,,,,,,,,,,,,,,,,
,,,,,,,,,,,,,,,,,,,,,,,,,,,,,,,,,,,,,,,,,,,,,,,
,,,,,,,,,,,,,,,,,,,,,,,,,,,,,,,,,,,,,,,,,,,,,,,
,,,,,,,,,,,,,,,,,,,,,,,,,,,,,,,,,,,,,,,,,,,,,,,
,,,,,,,,,,,,,,,,,,,,,,,,,,,,,,,,,,,,,,,,,,,,,,,
,,,,,,,,,,,,,,,,,,,,,,,,,,,,,,,,,,,,,,,,,,,,,,,
,,,,,,,,,,,,,,,,,,,,,,,,,,,,,,,,,,,,,,,,,,,,,,,
,,,,,,,,,,,,,,,,,,,,,,,,,,,,,,,,,,,,,,,,,,,,,,,
,,,,,,,,,,,,,,,,,,,,,,,,,,,,,,,,,,,,,,,,,,,,,,,
,,,,,,,,,,,,,,,,,,,,,,,,,,,,,,,,,,,,,,,,,,,,,,,
,,,,,,,,,,,,,,,,,,,,,,,,,,,,,,,,,,,,,,,,,,,,,,,
,,,,,,,,,,,,,,,,,,,,,,,,,,,,,,,,,,,,,,,,,,,,,,,
,,,,,,,,,,,,,,,,,,,,,,,,,,,,,,,,,,,,,,,,,,,,,,,
,,,,,,,,,,,,,,,,,,,,,,,,,,,,,,,,,,,,,,,,,,,,,,,
,,,,,,,,,,,,,,,,,,,,,,,,,,,,,,,,,,,,,,,,,,,,,,,
,,,,,,,,,,,,,,,,,,,,,,,,,,,,,,,,,,,,,,,,,,,,,,,
,,,,,,,,,,,,,,,,,,,,,,,,,,,,,,,,,,,,,,,,,,,,,,,
,,,,,,,,,,,,,,,,,,,,,,,,,,,,,,,,,,,,,,,,,,,,,,,
,,,,,,,,,,,,,,,,,,,,,,,,,,,,,,,,,,,,,,,,,,,,,,,
,,,,,,,,,,,,,,,,,,,,,,,,,,,,,,,,,,,,,,,,,,,,,,,
,,,,,,,,,,,,,,,,,,,,,,,,,,,,,,,,,,,,,,,,,,,,,,,
,,,,,,,,,,,,,,,,,,,,,,,,,,,,,,,,,,,,,,,,,,,,,,,
,,,,,,,,,,,,,,,,,,,,,,,,,,,,,,,,,,,,,,,,,,,,,,,
,,,,,,,,,,,,,,,,,,,,,,,,,,,,,,,,,,,,,,,,,,,,,,,
,,,,,,,,,,,,,,,,,,,,,,,,,,,,,,,,,,,,,,,,,,,,,,,
,,,,,,,,,,,,,,,,,,,,,,,,,,,,,,,,,,,,,,,,,,,,,,,
,,,,,,,,,,,,,,,,,,,,,,,,,,,,,,,,,,,,,,,,,,,,,,,
,,,,,,,,,,,,,,,,,,,,,,,,,,,,,,,,,,,,,,,,,,,,,,,
,,,,,,,,,,,,,,,,,,,,,,,,,,,,,,,,,,,,,,,,,,,,,,,
,,,,,,,,,,,,,,,,,,,,,,,,,,,,,,,,,,,,,,,,,,,,,,,
,,,,,,,,,,,,,,,,,,,,,,,,,,,,,,,,,,,,,,,,,,,,,,,
,,,,,,,,,,,,,,,,,,,,,,,,,,,,,,,,,,,,,,,,,,,,,,,
,,,,,,,,,,,,,,,,,,,,,,,,,,,,,,,,,,,,,,,,,,,,,,,
,,,,,,,,,,,,,,,,,,,,,,,,,,,,,,,,,,,,,,,,,,,,,,,
,,,,,,,,,,,,,,,,,,,,,,,,,,,,,,,,,,,,,,,,,,,,,,,
,,,,,,,,,,,,,,,,,,,,,,,,,,,,,,,,,,,,,,,,,,,,,,,
,,,,,,,,,,,,,,,,,,,,,,,,,,,,,,,,,,,,,,,,,,,,,,,
,,,,,,,,,,,,,,,,,,,,,,,,,,,,,,,,,,,,,,,,,,,,,,,
,,,,,,,,,,,,,,,,,,,,,,,,,,,,,,,,,,,,,,,,,,,,,,,
,,,,,,,,,,,,,,,,,,,,,,,,,,,,,,,,,,,,,,,,,,,,,,,
,,,,,,,,,,,,,,,,,,,,,,,,,,,,,,,,,,,,,,,,,,,,,,,
,,,,,,,,,,,,,,,,,,,,,,,,,,,,,,,,,,,,,,,,,,,,,,,
,,,,,,,,,,,,,,,,,,,,,,,,,,,,,,,,,,,,,,,,,,,,,,,
,,,,,,,,,,,,,,,,,,,,,,,,,,,,,,,,,,,,,,,,,,,,,,,
,,,,,,,,,,,,,,,,,,,,,,,,,,,,,,,,,,,,,,,,,,,,,,,
,,,,,,,,,,,,,,,,,,,,,,,,,,,,,,,,,,,,,,,,,,,,,,,
,,,,,,,,,,,,,,,,,,,,,,,,,,,,,,,,,,,,,,,,,,,,,,,
,,,,,,,,,,,,,,,,,,,,,,,,,,,,,,,,,,,,,,,,,,,,,,,
,,,,,,,,,,,,,,,,,,,,,,,,,,,,,,,,,,,,,,,,,,,,,,,
,,,,,,,,,,,,,,,,,,,,,,,,,,,,,,,,,,,,,,,,,,,,,,,
,,,,,,,,,,,,,,,,,,,,,,,,,,,,,,,,,,,,,,,,,,,,,,,
,,,,,,,,,,,,,,,,,,,,,,,,,,,,,,,,,,,,,,,,,,,,,,,
,,,,,,,,,,,,,,,,,,,,,,,,,,,,,,,,,,,,,,,,,,,,,,,
,,,,,,,,,,,,,,,,,,,,,,,,,,,,,,,,,,,,,,,,,,,,,,,
,,,,,,,,,,,,,,,,,,,,,,,,,,,,,,,,,,,,,,,,,,,,,,,
,,,,,,,,,,,,,,,,,,,,,,,,,,,,,,,,,,,,,,,,,,,,,,,
,,,,,,,,,,,,,,,,,,,,,,,,,,,,,,,,,,,,,,,,,,,,,,,
,,,,,,,,,,,,,,,,,,,,,,,,,,,,,,,,,,,,,,,,,,,,,,,
,,,,,,,,,,,,,,,,,,,,,,,,,,,,,,,,,,,,,,,,,,,,,,,
,,,,,,,,,,,,,,,,,,,,,,,,,,,,,,,,,,,,,,,,,,,,,,,
,,,,,,,,,,,,,,,,,,,,,,,,,,,,,,,,,,,,,,,,,,,,,,,
,,,,,,,,,,,,,,,,,,,,,,,,,,,,,,,,,,,,,,,,,,,,,,,
,,,,,,,,,,,,,,,,,,,,,,,,,,,,,,,,,,,,,,,,,,,,,,,
,,,,,,,,,,,,,,,,,,,,,,,,,,,,,,,,,,,,,,,,,,,,,,,
,,,,,,,,,,,,,,,,,,,,,,,,,,,,,,,,,,,,,,,,,,,,,,,
,,,,,,,,,,,,,,,,,,,,,,,,,,,,,,,,,,,,,,,,,,,,,,,
,,,,,,,,,,,,,,,,,,,,,,,,,,,,,,,,,,,,,,,,,,,,,,,
,,,,,,,,,,,,,,,,,,,,,,,,,,,,,,,,,,,,,,,,,,,,,,,
,,,,,,,,,,,,,,,,,,,,,,,,,,,,,,,,,,,,,,,,,,,,,,,
,,,,,,,,,,,,,,,,,,,,,,,,,,,,,,,,,,,,,,,,,,,,,,,
,,,,,,,,,,,,,,,,,,,,,,,,,,,,,,,,,,,,,,,,,,,,,,,
,,,,,,,,,,,,,,,,,,,,,,,,,,,,,,,,,,,,,,,,,,,,,,,
,,,,,,,,,,,,,,,,,,,,,,,,,,,,,,,,,,,,,,,,,,,,,,,
,,,,,,,,,,,,,,,,,,,,,,,,,,,,,,,,,,,,,,,,,,,,,,,
,,,,,,,,,,,,,,,,,,,,,,,,,,,,,,,,,,,,,,,,,,,,,,,
,,,,,,,,,,,,,,,,,,,,,,,,,,,,,,,,,,,,,,,,,,,,,,,
,,,,,,,,,,,,,,,,,,,,,,,,,,,,,,,,,,,,,,,,,,,,,,,
,,,,,,,,,,,,,,,,,,,,,,,,,,,,,,,,,,,,,,,,,,,,,,,
,,,,,,,,,,,,,,,,,,,,,,,,,,,,,,,,,,,,,,,,,,,,,,,
,,,,,,,,,,,,,,,,,,,,,,,,,,,,,,,,,,,,,,,,,,,,,,,
,,,,,,,,,,,,,,,,,,,,,,,,,,,,,,,,,,,,,,,,,,,,,,,
,,,,,,,,,,,,,,,,,,,,,,,,,,,,,,,,,,,,,,,,,,,,,,,
,,,,,,,,,,,,,,,,,,,,,,,,,,,,,,,,,,,,,,,,,,,,,,,
,,,,,,,,,,,,,,,,,,,,,,,,,,,,,,,,,,,,,,,,,,,,,,,
,,,,,,,,,,,,,,,,,,,,,,,,,,,,,,,,,,,,,,,,,,,,,,,
,,,,,,,,,,,,,,,,,,,,,,,,,,,,,,,,,,,,,,,,,,,,,,,
,,,,,,,,,,,,,,,,,,,,,,,,,,,,,,,,,,,,,,,,,,,,,,,
,,,,,,,,,,,,,,,,,,,,,,,,,,,,,,,,,,,,,,,,,,,,,,,
,,,,,,,,,,,,,,,,,,,,,,,,,,,,,,,,,,,,,,,,,,,,,,,
,,,,,,,,,,,,,,,,,,,,,,,,,,,,,,,,,,,,,,,,,,,,,,,
,,,,,,,,,,,,,,,,,,,,,,,,,,,,,,,,,,,,,,,,,,,,,,,
,,,,,,,,,,,,,,,,,,,,,,,,,,,,,,,,,,,,,,,,,,,,,,,
,,,,,,,,,,,,,,,,,,,,,,,,,,,,,,,,,,,,,,,,,,,,,,,
,,,,,,,,,,,,,,,,,,,,,,,,,,,,,,,,,,,,,,,,,,,,,,,
,,,,,,,,,,,,,,,,,,,,,,,,,,,,,,,,,,,,,,,,,,,,,,,
,,,,,,,,,,,,,,,,,,,,,,,,,,,,,,,,,,,,,,,,,,,,,,,
,,,,,,,,,,,,,,,,,,,,,,,,,,,,,,,,,,,,,,,,,,,,,,,
,,,,,,,,,,,,,,,,,,,,,,,,,,,,,,,,,,,,,,,,,,,,,,,
,,,,,,,,,,,,,,,,,,,,,,,,,,,,,,,,,,,,,,,,,,,,,,,
,,,,,,,,,,,,,,,,,,,,,,,,,,,,,,,,,,,,,,,,,,,,,,,
,,,,,,,,,,,,,,,,,,,,,,,,,,,,,,,,,,,,,,,,,,,,,,,
,,,,,,,,,,,,,,,,,,,,,,,,,,,,,,,,,,,,,,,,,,,,,,,
,,,,,,,,,,,,,,,,,,,,,,,,,,,,,,,,,,,,,,,,,,,,,,,
,,,,,,,,,,,,,,,,,,,,,,,,,,,,,,,,,,,,,,,,,,,,,,,
,,,,,,,,,,,,,,,,,,,,,,,,,,,,,,,,,,,,,,,,,,,,,,,
,,,,,,,,,,,,,,,,,,,,,,,,,,,,,,,,,,,,,,,,,,,,,,,
,,,,,,,,,,,,,,,,,,,,,,,,,,,,,,,,,,,,,,,,,,,,,,,
,,,,,,,,,,,,,,,,,,,,,,,,,,,,,,,,,,,,,,,,,,,,,,,
,,,,,,,,,,,,,,,,,,,,,,,,,,,,,,,,,,,,,,,,,,,,,,,
,,,,,,,,,,,,,,,,,,,,,,,,,,,,,,,,,,,,,,,,,,,,,,,
,,,,,,,,,,,,,,,,,,,,,,,,,,,,,,,,,,,,,,,,,,,,,,,
,,,,,,,,,,,,,,,,,,,,,,,,,,,,,,,,,,,,,,,,,,,,,,,
,,,,,,,,,,,,,,,,,,,,,,,,,,,,,,,,,,,,,,,,,,,,,,,
,,,,,,,,,,,,,,,,,,,,,,,,,,,,,,,,,,,,,,,,,,,,,,,
,,,,,,,,,,,,,,,,,,,,,,,,,,,,,,,,,,,,,,,,,,,,,,,
,,,,,,,,,,,,,,,,,,,,,,,,,,,,,,,,,,,,,,,,,,,,,,,
,,,,,,,,,,,,,,,,,,,,,,,,,,,,,,,,,,,,,,,,,,,,,,,
,,,,,,,,,,,,,,,,,,,,,,,,,,,,,,,,,,,,,,,,,,,,,,,
,,,,,,,,,,,,,,,,,,,,,,,,,,,,,,,,,,,,,,,,,,,,,,,
,,,,,,,,,,,,,,,,,,,,,,,,,,,,,,,,,,,,,,,,,,,,,,,
,,,,,,,,,,,,,,,,,,,,,,,,,,,,,,,,,,,,,,,,,,,,,,,
,,,,,,,,,,,,,,,,,,,,,,,,,,,,,,,,,,,,,,,,,,,,,,,
,,,,,,,,,,,,,,,,,,,,,,,,,,,,,,,,,,,,,,,,,,,,,,,
,,,,,,,,,,,,,,,,,,,,,,,,,,,,,,,,,,,,,,,,,,,,,,,
,,,,,,,,,,,,,,,,,,,,,,,,,,,,,,,,,,,,,,,,,,,,,,,
,,,,,,,,,,,,,,,,,,,,,,,,,,,,,,,,,,,,,,,,,,,,,,,
,,,,,,,,,,,,,,,,,,,,,,,,,,,,,,,,,,,,,,,,,,,,,,,
,,,,,,,,,,,,,,,,,,,,,,,,,,,,,,,,,,,,,,,,,,,,,,,
,,,,,,,,,,,,,,,,,,,,,,,,,,,,,,,,,,,,,,,,,,,,,,,
,,,,,,,,,,,,,,,,,,,,,,,,,,,,,,,,,,,,,,,,,,,,,,,
,,,,,,,,,,,,,,,,,,,,,,,,,,,,,,,,,,,,,,,,,,,,,,,
,,,,,,,,,,,,,,,,,,,,,,,,,,,,,,,,,,,,,,,,,,,,,,,
,,,,,,,,,,,,,,,,,,,,,,,,,,,,,,,,,,,,,,,,,,,,,,,
,,,,,,,,,,,,,,,,,,,,,,,,,,,,,,,,,,,,,,,,,,,,,,,
,,,,,,,,,,,,,,,,,,,,,,,,,,,,,,,,,,,,,,,,,,,,,,,
,,,,,,,,,,,,,,,,,,,,,,,,,,,,,,,,,,,,,,,,,,,,,,,
,,,,,,,,,,,,,,,,,,,,,,,,,,,,,,,,,,,,,,,,,,,,,,,
,,,,,,,,,,,,,,,,,,,,,,,,,,,,,,,,,,,,,,,,,,,,,,,
,,,,,,,,,,,,,,,,,,,,,,,,,,,,,,,,,,,,,,,,,,,,,,,
,,,,,,,,,,,,,,,,,,,,,,,,,,,,,,,,,,,,,,,,,,,,,,,
,,,,,,,,,,,,,,,,,,,,,,,,,,,,,,,,,,,,,,,,,,,,,,,
,,,,,,,,,,,,,,,,,,,,,,,,,,,,,,,,,,,,,,,,,,,,,,,
,,,,,,,,,,,,,,,,,,,,,,,,,,,,,,,,,,,,,,,,,,,,,,,
,,,,,,,,,,,,,,,,,,,,,,,,,,,,,,,,,,,,,,,,,,,,,,,
,,,,,,,,,,,,,,,,,,,,,,,,,,,,,,,,,,,,,,,,,,,,,,,
,,,,,,,,,,,,,,,,,,,,,,,,,,,,,,,,,,,,,,,,,,,,,,,
,,,,,,,,,,,,,,,,,,,,,,,,,,,,,,,,,,,,,,,,,,,,,,,
,,,,,,,,,,,,,,,,,,,,,,,,,,,,,,,,,,,,,,,,,,,,,,,
,,,,,,,,,,,,,,,,,,,,,,,,,,,,,,,,,,,,,,,,,,,,,,,
,,,,,,,,,,,,,,,,,,,,,,,,,,,,,,,,,,,,,,,,,,,,,,,
,,,,,,,,,,,,,,,,,,,,,,,,,,,,,,,,,,,,,,,,,,,,,,,
,,,,,,,,,,,,,,,,,,,,,,,,,,,,,,,,,,,,,,,,,,,,,,,
,,,,,,,,,,,,,,,,,,,,,,,,,,,,,,,,,,,,,,,,,,,,,,,
,,,,,,,,,,,,,,,,,,,,,,,,,,,,,,,,,,,,,,,,,,,,,,,
,,,,,,,,,,,,,,,,,,,,,,,,,,,,,,,,,,,,,,,,,,,,,,,
,,,,,,,,,,,,,,,,,,,,,,,,,,,,,,,,,,,,,,,,,,,,,,,
,,,,,,,,,,,,,,,,,,,,,,,,,,,,,,,,,,,,,,,,,,,,,,,
,,,,,,,,,,,,,,,,,,,,,,,,,,,,,,,,,,,,,,,,,,,,,,,
,,,,,,,,,,,,,,,,,,,,,,,,,,,,,,,,,,,,,,,,,,,,,,,
,,,,,,,,,,,,,,,,,,,,,,,,,,,,,,,,,,,,,,,,,,,,,,,
,,,,,,,,,,,,,,,,,,,,,,,,,,,,,,,,,,,,,,,,,,,,,,,
,,,,,,,,,,,,,,,,,,,,,,,,,,,,,,,,,,,,,,,,,,,,,,,
,,,,,,,,,,,,,,,,,,,,,,,,,,,,,,,,,,,,,,,,,,,,,,,
,,,,,,,,,,,,,,,,,,,,,,,,,,,,,,,,,,,,,,,,,,,,,,,
,,,,,,,,,,,,,,,,,,,,,,,,,,,,,,,,,,,,,,,,,,,,,,,
,,,,,,,,,,,,,,,,,,,,,,,,,,,,,,,,,,,,,,,,,,,,,,,
,,,,,,,,,,,,,,,,,,,,,,,,,,,,,,,,,,,,,,,,,,,,,,,
,,,,,,,,,,,,,,,,,,,,,,,,,,,,,,,,,,,,,,,,,,,,,,,
,,,,,,,,,,,,,,,,,,,,,,,,,,,,,,,,,,,,,,,,,,,,,,,
,,,,,,,,,,,,,,,,,,,,,,,,,,,,,,,,,,,,,,,,,,,,,,,
,,,,,,,,,,,,,,,,,,,,,,,,,,,,,,,,,,,,,,,,,,,,,,,
,,,,,,,,,,,,,,,,,,,,,,,,,,,,,,,,,,,,,,,,,,,,,,,
,,,,,,,,,,,,,,,,,,,,,,,,,,,,,,,,,,,,,,,,,,,,,,,
,,,,,,,,,,,,,,,,,,,,,,,,,,,,,,,,,,,,,,,,,,,,,,,
,,,,,,,,,,,,,,,,,,,,,,,,,,,,,,,,,,,,,,,,,,,,,,,
,,,,,,,,,,,,,,,,,,,,,,,,,,,,,,,,,,,,,,,,,,,,,,,
,,,,,,,,,,,,,,,,,,,,,,,,,,,,,,,,,,,,,,,,,,,,,,,
,,,,,,,,,,,,,,,,,,,,,,,,,,,,,,,,,,,,,,,,,,,,,,,
,,,,,,,,,,,,,,,,,,,,,,,,,,,,,,,,,,,,,,,,,,,,,,,
,,,,,,,,,,,,,,,,,,,,,,,,,,,,,,,,,,,,,,,,,,,,,,,
,,,,,,,,,,,,,,,,,,,,,,,,,,,,,,,,,,,,,,,,,,,,,,,
,,,,,,,,,,,,,,,,,,,,,,,,,,,,,,,,,,,,,,,,,,,,,,,
,,,,,,,,,,,,,,,,,,,,,,,,,,,,,,,,,,,,,,,,,,,,,,,
,,,,,,,,,,,,,,,,,,,,,,,,,,,,,,,,,,,,,,,,,,,,,,,
,,,,,,,,,,,,,,,,,,,,,,,,,,,,,,,,,,,,,,,,,,,,,,,
,,,,,,,,,,,,,,,,,,,,,,,,,,,,,,,,,,,,,,,,,,,,,,,
,,,,,,,,,,,,,,,,,,,,,,,,,,,,,,,,,,,,,,,,,,,,,,,
,,,,,,,,,,,,,,,,,,,,,,,,,,,,,,,,,,,,,,,,,,,,,,,
,,,,,,,,,,,,,,,,,,,,,,,,,,,,,,,,,,,,,,,,,,,,,,,
,,,,,,,,,,,,,,,,,,,,,,,,,,,,,,,,,,,,,,,,,,,,,,,
,,,,,,,,,,,,,,,,,,,,,,,,,,,,,,,,,,,,,,,,,,,,,,,
,,,,,,,,,,,,,,,,,,,,,,,,,,,,,,,,,,,,,,,,,,,,,,,
,,,,,,,,,,,,,,,,,,,,,,,,,,,,,,,,,,,,,,,,,,,,,,,
,,,,,,,,,,,,,,,,,,,,,,,,,,,,,,,,,,,,,,,,,,,,,,,
,,,,,,,,,,,,,,,,,,,,,,,,,,,,,,,,,,,,,,,,,,,,,,,
,,,,,,,,,,,,,,,,,,,,,,,,,,,,,,,,,,,,,,,,,,,,,,,
,,,,,,,,,,,,,,,,,,,,,,,,,,,,,,,,,,,,,,,,,,,,,,,
,,,,,,,,,,,,,,,,,,,,,,,,,,,,,,,,,,,,,,,,,,,,,,,
,,,,,,,,,,,,,,,,,,,,,,,,,,,,,,,,,,,,,,,,,,,,,,,
,,,,,,,,,,,,,,,,,,,,,,,,,,,,,,,,,,,,,,,,,,,,,,,
,,,,,,,,,,,,,,,,,,,,,,,,,,,,,,,,,,,,,,,,,,,,,,,
,,,,,,,,,,,,,,,,,,,,,,,,,,,,,,,,,,,,,,,,,,,,,,,
,,,,,,,,,,,,,,,,,,,,,,,,,,,,,,,,,,,,,,,,,,,,,,,
,,,,,,,,,,,,,,,,,,,,,,,,,,,,,,,,,,,,,,,,,,,,,,,
,,,,,,,,,,,,,,,,,,,,,,,,,,,,,,,,,,,,,,,,,,,,,,,
,,,,,,,,,,,,,,,,,,,,,,,,,,,,,,,,,,,,,,,,,,,,,,,
,,,,,,,,,,,,,,,,,,,,,,,,,,,,,,,,,,,,,,,,,,,,,,,
,,,,,,,,,,,,,,,,,,,,,,,,,,,,,,,,,,,,,,,,,,,,,,,
,,,,,,,,,,,,,,,,,,,,,,,,,,,,,,,,,,,,,,,,,,,,,,,
,,,,,,,,,,,,,,,,,,,,,,,,,,,,,,,,,,,,,,,,,,,,,,,
,,,,,,,,,,,,,,,,,,,,,,,,,,,,,,,,,,,,,,,,,,,,,,,
,,,,,,,,,,,,,,,,,,,,,,,,,,,,,,,,,,,,,,,,,,,,,,,
,,,,,,,,,,,,,,,,,,,,,,,,,,,,,,,,,,,,,,,,,,,,,,,
,,,,,,,,,,,,,,,,,,,,,,,,,,,,,,,,,,,,,,,,,,,,,,,
,,,,,,,,,,,,,,,,,,,,,,,,,,,,,,,,,,,,,,,,,,,,,,,
,,,,,,,,,,,,,,,,,,,,,,,,,,,,,,,,,,,,,,,,,,,,,,,
,,,,,,,,,,,,,,,,,,,,,,,,,,,,,,,,,,,,,,,,,,,,,,,
,,,,,,,,,,,,,,,,,,,,,,,,,,,,,,,,,,,,,,,,,,,,,,,
,,,,,,,,,,,,,,,,,,,,,,,,,,,,,,,,,,,,,,,,,,,,,,,
,,,,,,,,,,,,,,,,,,,,,,,,,,,,,,,,,,,,,,,,,,,,,,,
,,,,,,,,,,,,,,,,,,,,,,,,,,,,,,,,,,,,,,,,,,,,,,,
,,,,,,,,,,,,,,,,,,,,,,,,,,,,,,,,,,,,,,,,,,,,,,,
,,,,,,,,,,,,,,,,,,,,,,,,,,,,,,,,,,,,,,,,,,,,,,,
,,,,,,,,,,,,,,,,,,,,,,,,,,,,,,,,,,,,,,,,,,,,,,,
,,,,,,,,,,,,,,,,,,,,,,,,,,,,,,,,,,,,,,,,,,,,,,,
,,,,,,,,,,,,,,,,,,,,,,,,,,,,,,,,,,,,,,,,,,,,,,,
,,,,,,,,,,,,,,,,,,,,,,,,,,,,,,,,,,,,,,,,,,,,,,,
,,,,,,,,,,,,,,,,,,,,,,,,,,,,,,,,,,,,,,,,,,,,,,,
,,,,,,,,,,,,,,,,,,,,,,,,,,,,,,,,,,,,,,,,,,,,,,,
,,,,,,,,,,,,,,,,,,,,,,,,,,,,,,,,,,,,,,,,,,,,,,,
,,,,,,,,,,,,,,,,,,,,,,,,,,,,,,,,,,,,,,,,,,,,,,,
,,,,,,,,,,,,,,,,,,,,,,,,,,,,,,,,,,,,,,,,,,,,,,,
,,,,,,,,,,,,,,,,,,,,,,,,,,,,,,,,,,,,,,,,,,,,,,,
,,,,,,,,,,,,,,,,,,,,,,,,,,,,,,,,,,,,,,,,,,,,,,,
,,,,,,,,,,,,,,,,,,,,,,,,,,,,,,,,,,,,,,,,,,,,,,,
,,,,,,,,,,,,,,,,,,,,,,,,,,,,,,,,,,,,,,,,,,,,,,,
,,,,,,,,,,,,,,,,,,,,,,,,,,,,,,,,,,,,,,,,,,,,,,,
,,,,,,,,,,,,,,,,,,,,,,,,,,,,,,,,,,,,,,,,,,,,,,,
,,,,,,,,,,,,,,,,,,,,,,,,,,,,,,,,,,,,,,,,,,,,,,,
,,,,,,,,,,,,,,,,,,,,,,,,,,,,,,,,,,,,,,,,,,,,,,,
,,,,,,,,,,,,,,,,,,,,,,,,,,,,,,,,,,,,,,,,,,,,,,,
,,,,,,,,,,,,,,,,,,,,,,,,,,,,,,,,,,,,,,,,,,,,,,,
,,,,,,,,,,,,,,,,,,,,,,,,,,,,,,,,,,,,,,,,,,,,,,,
,,,,,,,,,,,,,,,,,,,,,,,,,,,,,,,,,,,,,,,,,,,,,,,
,,,,,,,,,,,,,,,,,,,,,,,,,,,,,,,,,,,,,,,,,,,,,,,
,,,,,,,,,,,,,,,,,,,,,,,,,,,,,,,,,,,,,,,,,,,,,,,
,,,,,,,,,,,,,,,,,,,,,,,,,,,,,,,,,,,,,,,,,,,,,,,
,,,,,,,,,,,,,,,,,,,,,,,,,,,,,,,,,,,,,,,,,,,,,,,
,,,,,,,,,,,,,,,,,,,,,,,,,,,,,,,,,,,,,,,,,,,,,,,
,,,,,,,,,,,,,,,,,,,,,,,,,,,,,,,,,,,,,,,,,,,,,,,
,,,,,,,,,,,,,,,,,,,,,,,,,,,,,,,,,,,,,,,,,,,,,,,
,,,,,,,,,,,,,,,,,,,,,,,,,,,,,,,,,,,,,,,,,,,,,,,
,,,,,,,,,,,,,,,,,,,,,,,,,,,,,,,,,,,,,,,,,,,,,,,
,,,,,,,,,,,,,,,,,,,,,,,,,,,,,,,,,,,,,,,,,,,,,,,
,,,,,,,,,,,,,,,,,,,,,,,,,,,,,,,,,,,,,,,,,,,,,,,
,,,,,,,,,,,,,,,,,,,,,,,,,,,,,,,,,,,,,,,,,,,,,,,
,,,,,,,,,,,,,,,,,,,,,,,,,,,,,,,,,,,,,,,,,,,,,,,
,,,,,,,,,,,,,,,,,,,,,,,,,,,,,,,,,,,,,,,,,,,,,,,
,,,,,,,,,,,,,,,,,,,,,,,,,,,,,,,,,,,,,,,,,,,,,,,
,,,,,,,,,,,,,,,,,,,,,,,,,,,,,,,,,,,,,,,,,,,,,,,
,,,,,,,,,,,,,,,,,,,,,,,,,,,,,,,,,,,,,,,,,,,,,,,
,,,,,,,,,,,,,,,,,,,,,,,,,,,,,,,,,,,,,,,,,,,,,,,
,,,,,,,,,,,,,,,,,,,,,,,,,,,,,,,,,,,,,,,,,,,,,,,
,,,,,,,,,,,,,,,,,,,,,,,,,,,,,,,,,,,,,,,,,,,,,,,
,,,,,,,,,,,,,,,,,,,,,,,,,,,,,,,,,,,,,,,,,,,,,,,
,,,,,,,,,,,,,,,,,,,,,,,,,,,,,,,,,,,,,,,,,,,,,,,
,,,,,,,,,,,,,,,,,,,,,,,,,,,,,,,,,,,,,,,,,,,,,,,
,,,,,,,,,,,,,,,,,,,,,,,,,,,,,,,,,,,,,,,,,,,,,,,
,,,,,,,,,,,,,,,,,,,,,,,,,,,,,,,,,,,,,,,,,,,,,,,
,,,,,,,,,,,,,,,,,,,,,,,,,,,,,,,,,,,,,,,,,,,,,,,
,,,,,,,,,,,,,,,,,,,,,,,,,,,,,,,,,,,,,,,,,,,,,,,
,,,,,,,,,,,,,,,,,,,,,,,,,,,,,,,,,,,,,,,,,,,,,,,
,,,,,,,,,,,,,,,,,,,,,,,,,,,,,,,,,,,,,,,,,,,,,,,
,,,,,,,,,,,,,,,,,,,,,,,,,,,,,,,,,,,,,,,,,,,,,,,
,,,,,,,,,,,,,,,,,,,,,,,,,,,,,,,,,,,,,,,,,,,,,,,
,,,,,,,,,,,,,,,,,,,,,,,,,,,,,,,,,,,,,,,,,,,,,,,
,,,,,,,,,,,,,,,,,,,,,,,,,,,,,,,,,,,,,,,,,,,,,,,
,,,,,,,,,,,,,,,,,,,,,,,,,,,,,,,,,,,,,,,,,,,,,,,
,,,,,,,,,,,,,,,,,,,,,,,,,,,,,,,,,,,,,,,,,,,,,,,
,,,,,,,,,,,,,,,,,,,,,,,,,,,,,,,,,,,,,,,,,,,,,,,
,,,,,,,,,,,,,,,,,,,,,,,,,,,,,,,,,,,,,,,,,,,,,,,
,,,,,,,,,,,,,,,,,,,,,,,,,,,,,,,,,,,,,,,,,,,,,,,
,,,,,,,,,,,,,,,,,,,,,,,,,,,,,,,,,,,,,,,,,,,,,,,
,,,,,,,,,,,,,,,,,,,,,,,,,,,,,,,,,,,,,,,,,,,,,,,
,,,,,,,,,,,,,,,,,,,,,,,,,,,,,,,,,,,,,,,,,,,,,,,
,,,,,,,,,,,,,,,,,,,,,,,,,,,,,,,,,,,,,,,,,,,,,,,
,,,,,,,,,,,,,,,,,,,,,,,,,,,,,,,,,,,,,,,,,,,,,,,
,,,,,,,,,,,,,,,,,,,,,,,,,,,,,,,,,,,,,,,,,,,,,,,
,,,,,,,,,,,,,,,,,,,,,,,,,,,,,,,,,,,,,,,,,,,,,,,
,,,,,,,,,,,,,,,,,,,,,,,,,,,,,,,,,,,,,,,,,,,,,,,
,,,,,,,,,,,,,,,,,,,,,,,,,,,,,,,,,,,,,,,,,,,,,,,
,,,,,,,,,,,,,,,,,,,,,,,,,,,,,,,,,,,,,,,,,,,,,,,
,,,,,,,,,,,,,,,,,,,,,,,,,,,,,,,,,,,,,,,,,,,,,,,
,,,,,,,,,,,,,,,,,,,,,,,,,,,,,,,,,,,,,,,,,,,,,,,
,,,,,,,,,,,,,,,,,,,,,,,,,,,,,,,,,,,,,,,,,,,,,,,
,,,,,,,,,,,,,,,,,,,,,,,,,,,,,,,,,,,,,,,,,,,,,,,
,,,,,,,,,,,,,,,,,,,,,,,,,,,,,,,,,,,,,,,,,,,,,,,
,,,,,,,,,,,,,,,,,,,,,,,,,,,,,,,,,,,,,,,,,,,,,,,
,,,,,,,,,,,,,,,,,,,,,,,,,,,,,,,,,,,,,,,,,,,,,,,
,,,,,,,,,,,,,,,,,,,,,,,,,,,,,,,,,,,,,,,,,,,,,,,
,,,,,,,,,,,,,,,,,,,,,,,,,,,,,,,,,,,,,,,,,,,,,,,
,,,,,,,,,,,,,,,,,,,,,,,,,,,,,,,,,,,,,,,,,,,,,,,
,,,,,,,,,,,,,,,,,,,,,,,,,,,,,,,,,,,,,,,,,,,,,,,
,,,,,,,,,,,,,,,,,,,,,,,,,,,,,,,,,,,,,,,,,,,,,,,
,,,,,,,,,,,,,,,,,,,,,,,,,,,,,,,,,,,,,,,,,,,,,,,
,,,,,,,,,,,,,,,,,,,,,,,,,,,,,,,,,,,,,,,,,,,,,,,
,,,,,,,,,,,,,,,,,,,,,,,,,,,,,,,,,,,,,,,,,,,,,,,
,,,,,,,,,,,,,,,,,,,,,,,,,,,,,,,,,,,,,,,,,,,,,,,
,,,,,,,,,,,,,,,,,,,,,,,,,,,,,,,,,,,,,,,,,,,,,,,
,,,,,,,,,,,,,,,,,,,,,,,,,,,,,,,,,,,,,,,,,,,,,,,
,,,,,,,,,,,,,,,,,,,,,,,,,,,,,,,,,,,,,,,,,,,,,,,
,,,,,,,,,,,,,,,,,,,,,,,,,,,,,,,,,,,,,,,,,,,,,,,
,,,,,,,,,,,,,,,,,,,,,,,,,,,,,,,,,,,,,,,,,,,,,,,
,,,,,,,,,,,,,,,,,,,,,,,,,,,,,,,,,,,,,,,,,,,,,,,
,,,,,,,,,,,,,,,,,,,,,,,,,,,,,,,,,,,,,,,,,,,,,,,
,,,,,,,,,,,,,,,,,,,,,,,,,,,,,,,,,,,,,,,,,,,,,,,
,,,,,,,,,,,,,,,,,,,,,,,,,,,,,,,,,,,,,,,,,,,,,,,
,,,,,,,,,,,,,,,,,,,,,,,,,,,,,,,,,,,,,,,,,,,,,,,
,,,,,,,,,,,,,,,,,,,,,,,,,,,,,,,,,,,,,,,,,,,,,,,
,,,,,,,,,,,,,,,,,,,,,,,,,,,,,,,,,,,,,,,,,,,,,,,
,,,,,,,,,,,,,,,,,,,,,,,,,,,,,,,,,,,,,,,,,,,,,,,
,,,,,,,,,,,,,,,,,,,,,,,,,,,,,,,,,,,,,,,,,,,,,,,
,,,,,,,,,,,,,,,,,,,,,,,,,,,,,,,,,,,,,,,,,,,,,,,
,,,,,,,,,,,,,,,,,,,,,,,,,,,,,,,,,,,,,,,,,,,,,,,
,,,,,,,,,,,,,,,,,,,,,,,,,,,,,,,,,,,,,,,,,,,,,,,
,,,,,,,,,,,,,,,,,,,,,,,,,,,,,,,,,,,,,,,,,,,,,,,
,,,,,,,,,,,,,,,,,,,,,,,,,,,,,,,,,,,,,,,,,,,,,,,
,,,,,,,,,,,,,,,,,,,,,,,,,,,,,,,,,,,,,,,,,,,,,,,
,,,,,,,,,,,,,,,,,,,,,,,,,,,,,,,,,,,,,,,,,,,,,,,
,,,,,,,,,,,,,,,,,,,,,,,,,,,,,,,,,,,,,,,,,,,,,,,
,,,,,,,,,,,,,,,,,,,,,,,,,,,,,,,,,,,,,,,,,,,,,,,
,,,,,,,,,,,,,,,,,,,,,,,,,,,,,,,,,,,,,,,,,,,,,,,
,,,,,,,,,,,,,,,,,,,,,,,,,,,,,,,,,,,,,,,,,,,,,,,
,,,,,,,,,,,,,,,,,,,,,,,,,,,,,,,,,,,,,,,,,,,,,,,
,,,,,,,,,,,,,,,,,,,,,,,,,,,,,,,,,,,,,,,,,,,,,,,
,,,,,,,,,,,,,,,,,,,,,,,,,,,,,,,,,,,,,,,,,,,,,,,
,,,,,,,,,,,,,,,,,,,,,,,,,,,,,,,,,,,,,,,,,,,,,,,
,,,,,,,,,,,,,,,,,,,,,,,,,,,,,,,,,,,,,,,,,,,,,,,
,,,,,,,,,,,,,,,,,,,,,,,,,,,,,,,,,,,,,,,,,,,,,,,
,,,,,,,,,,,,,,,,,,,,,,,,,,,,,,,,,,,,,,,,,,,,,,,
,,,,,,,,,,,,,,,,,,,,,,,,,,,,,,,,,,,,,,,,,,,,,,,
,,,,,,,,,,,,,,,,,,,,,,,,,,,,,,,,,,,,,,,,,,,,,,,
,,,,,,,,,,,,,,,,,,,,,,,,,,,,,,,,,,,,,,,,,,,,,,,
,,,,,,,,,,,,,,,,,,,,,,,,,,,,,,,,,,,,,,,,,,,,,,,
,,,,,,,,,,,,,,,,,,,,,,,,,,,,,,,,,,,,,,,,,,,,,,,
,,,,,,,,,,,,,,,,,,,,,,,,,,,,,,,,,,,,,,,,,,,,,,,
,,,,,,,,,,,,,,,,,,,,,,,,,,,,,,,,,,,,,,,,,,,,,,,
,,,,,,,,,,,,,,,,,,,,,,,,,,,,,,,,,,,,,,,,,,,,,,,
,,,,,,,,,,,,,,,,,,,,,,,,,,,,,,,,,,,,,,,,,,,,,,,
,,,,,,,,,,,,,,,,,,,,,,,,,,,,,,,,,,,,,,,,,,,,,,,
,,,,,,,,,,,,,,,,,,,,,,,,,,,,,,,,,,,,,,,,,,,,,,,
,,,,,,,,,,,,,,,,,,,,,,,,,,,,,,,,,,,,,,,,,,,,,,,
,,,,,,,,,,,,,,,,,,,,,,,,,,,,,,,,,,,,,,,,,,,,,,,
,,,,,,,,,,,,,,,,,,,,,,,,,,,,,,,,,,,,,,,,,,,,,,,
,,,,,,,,,,,,,,,,,,,,,,,,,,,,,,,,,,,,,,,,,,,,,,,
,,,,,,,,,,,,,,,,,,,,,,,,,,,,,,,,,,,,,,,,,,,,,,,
,,,,,,,,,,,,,,,,,,,,,,,,,,,,,,,,,,,,,,,,,,,,,,,
,,,,,,,,,,,,,,,,,,,,,,,,,,,,,,,,,,,,,,,,,,,,,,,
,,,,,,,,,,,,,,,,,,,,,,,,,,,,,,,,,,,,,,,,,,,,,,,
,,,,,,,,,,,,,,,,,,,,,,,,,,,,,,,,,,,,,,,,,,,,,,,
,,,,,,,,,,,,,,,,,,,,,,,,,,,,,,,,,,,,,,,,,,,,,,,
,,,,,,,,,,,,,,,,,,,,,,,,,,,,,,,,,,,,,,,,,,,,,,,
,,,,,,,,,,,,,,,,,,,,,,,,,,,,,,,,,,,,,,,,,,,,,,,
,,,,,,,,,,,,,,,,,,,,,,,,,,,,,,,,,,,,,,,,,,,,,,,
,,,,,,,,,,,,,,,,,,,,,,,,,,,,,,,,,,,,,,,,,,,,,,,
,,,,,,,,,,,,,,,,,,,,,,,,,,,,,,,,,,,,,,,,,,,,,,,
,,,,,,,,,,,,,,,,,,,,,,,,,,,,,,,,,,,,,,,,,,,,,,,
,,,,,,,,,,,,,,,,,,,,,,,,,,,,,,,,,,,,,,,,,,,,,,,
,,,,,,,,,,,,,,,,,,,,,,,,,,,,,,,,,,,,,,,,,,,,,,,
,,,,,,,,,,,,,,,,,,,,,,,,,,,,,,,,,,,,,,,,,,,,,,,
,,,,,,,,,,,,,,,,,,,,,,,,,,,,,,,,,,,,,,,,,,,,,,,
,,,,,,,,,,,,,,,,,,,,,,,,,,,,,,,,,,,,,,,,,,,,,,,
,,,,,,,,,,,,,,,,,,,,,,,,,,,,,,,,,,,,,,,,,,,,,,,
,,,,,,,,,,,,,,,,,,,,,,,,,,,,,,,,,,,,,,,,,,,,,,,
,,,,,,,,,,,,,,,,,,,,,,,,,,,,,,,,,,,,,,,,,,,,,,,
,,,,,,,,,,,,,,,,,,,,,,,,,,,,,,,,,,,,,,,,,,,,,,,
,,,,,,,,,,,,,,,,,,,,,,,,,,,,,,,,,,,,,,,,,,,,,,,
,,,,,,,,,,,,,,,,,,,,,,,,,,,,,,,,,,,,,,,,,,,,,,,
,,,,,,,,,,,,,,,,,,,,,,,,,,,,,,,,,,,,,,,,,,,,,,,
,,,,,,,,,,,,,,,,,,,,,,,,,,,,,,,,,,,,,,,,,,,,,,,
,,,,,,,,,,,,,,,,,,,,,,,,,,,,,,,,,,,,,,,,,,,,,,,
,,,,,,,,,,,,,,,,,,,,,,,,,,,,,,,,,,,,,,,,,,,,,,,
,,,,,,,,,,,,,,,,,,,,,,,,,,,,,,,,,,,,,,,,,,,,,,,
,,,,,,,,,,,,,,,,,,,,,,,,,,,,,,,,,,,,,,,,,,,,,,,
,,,,,,,,,,,,,,,,,,,,,,,,,,,,,,,,,,,,,,,,,,,,,,,
,,,,,,,,,,,,,,,,,,,,,,,,,,,,,,,,,,,,,,,,,,,,,,,
,,,,,,,,,,,,,,,,,,,,,,,,,,,,,,,,,,,,,,,,,,,,,,,
,,,,,,,,,,,,,,,,,,,,,,,,,,,,,,,,,,,,,,,,,,,,,,,
,,,,,,,,,,,,,,,,,,,,,,,,,,,,,,,,,,,,,,,,,,,,,,,
,,,,,,,,,,,,,,,,,,,,,,,,,,,,,,,,,,,,,,,,,,,,,,,
,,,,,,,,,,,,,,,,,,,,,,,,,,,,,,,,,,,,,,,,,,,,,,,
,,,,,,,,,,,,,,,,,,,,,,,,,,,,,,,,,,,,,,,,,,,,,,,
,,,,,,,,,,,,,,,,,,,,,,,,,,,,,,,,,,,,,,,,,,,,,,,
,,,,,,,,,,,,,,,,,,,,,,,,,,,,,,,,,,,,,,,,,,,,,,,
,,,,,,,,,,,,,,,,,,,,,,,,,,,,,,,,,,,,,,,,,,,,,,,
,,,,,,,,,,,,,,,,,,,,,,,,,,,,,,,,,,,,,,,,,,,,,,,
,,,,,,,,,,,,,,,,,,,,,,,,,,,,,,,,,,,,,,,,,,,,,,,
,,,,,,,,,,,,,,,,,,,,,,,,,,,,,,,,,,,,,,,,,,,,,,,
,,,,,,,,,,,,,,,,,,,,,,,,,,,,,,,,,,,,,,,,,,,,,,,
,,,,,,,,,,,,,,,,,,,,,,,,,,,,,,,,,,,,,,,,,,,,,,,
,,,,,,,,,,,,,,,,,,,,,,,,,,,,,,,,,,,,,,,,,,,,,,,
,,,,,,,,,,,,,,,,,,,,,,,,,,,,,,,,,,,,,,,,,,,,,,,
,,,,,,,,,,,,,,,,,,,,,,,,,,,,,,,,,,,,,,,,,,,,,,,
,,,,,,,,,,,,,,,,,,,,,,,,,,,,,,,,,,,,,,,,,,,,,,,
,,,,,,,,,,,,,,,,,,,,,,,,,,,,,,,,,,,,,,,,,,,,,,,
,,,,,,,,,,,,,,,,,,,,,,,,,,,,,,,,,,,,,,,,,,,,,,,
,,,,,,,,,,,,,,,,,,,,,,,,,,,,,,,,,,,,,,,,,,,,,,,
,,,,,,,,,,,,,,,,,,,,,,,,,,,,,,,,,,,,,,,,,,,,,,,
,,,,,,,,,,,,,,,,,,,,,,,,,,,,,,,,,,,,,,,,,,,,,,,
,,,,,,,,,,,,,,,,,,,,,,,,,,,,,,,,,,,,,,,,,,,,,,,
,,,,,,,,,,,,,,,,,,,,,,,,,,,,,,,,,,,,,,,,,,,,,,,
,,,,,,,,,,,,,,,,,,,,,,,,,,,,,,,,,,,,,,,,,,,,,,,
,,,,,,,,,,,,,,,,,,,,,,,,,,,,,,,,,,,,,,,,,,,,,,,
,,,,,,,,,,,,,,,,,,,,,,,,,,,,,,,,,,,,,,,,,,,,,,,
,,,,,,,,,,,,,,,,,,,,,,,,,,,,,,,,,,,,,,,,,,,,,,,
,,,,,,,,,,,,,,,,,,,,,,,,,,,,,,,,,,,,,,,,,,,,,,,
,,,,,,,,,,,,,,,,,,,,,,,,,,,,,,,,,,,,,,,,,,,,,,,
,,,,,,,,,,,,,,,,,,,,,,,,,,,,,,,,,,,,,,,,,,,,,,,
,,,,,,,,,,,,,,,,,,,,,,,,,,,,,,,,,,,,,,,,,,,,,,,
,,,,,,,,,,,,,,,,,,,,,,,,,,,,,,,,,,,,,,,,,,,,,,,
,,,,,,,,,,,,,,,,,,,,,,,,,,,,,,,,,,,,,,,,,,,,,,,
,,,,,,,,,,,,,,,,,,,,,,,,,,,,,,,,,,,,,,,,,,,,,,,
,,,,,,,,,,,,,,,,,,,,,,,,,,,,,,,,,,,,,,,,,,,,,,,
,,,,,,,,,,,,,,,,,,,,,,,,,,,,,,,,,,,,,,,,,,,,,,,
,,,,,,,,,,,,,,,,,,,,,,,,,,,,,,,,,,,,,,,,,,,,,,,
,,,,,,,,,,,,,,,,,,,,,,,,,,,,,,,,,,,,,,,,,,,,,,,
,,,,,,,,,,,,,,,,,,,,,,,,,,,,,,,,,,,,,,,,,,,,,,,
,,,,,,,,,,,,,,,,,,,,,,,,,,,,,,,,,,,,,,,,,,,,,,,
,,,,,,,,,,,,,,,,,,,,,,,,,,,,,,,,,,,,,,,,,,,,,,,
,,,,,,,,,,,,,,,,,,,,,,,,,,,,,,,,,,,,,,,,,,,,,,,
,,,,,,,,,,,,,,,,,,,,,,,,,,,,,,,,,,,,,,,,,,,,,,,
,,,,,,,,,,,,,,,,,,,,,,,,,,,,,,,,,,,,,,,,,,,,,,,
,,,,,,,,,,,,,,,,,,,,,,,,,,,,,,,,,,,,,,,,,,,,,,,
,,,,,,,,,,,,,,,,,,,,,,,,,,,,,,,,,,,,,,,,,,,,,,,
,,,,,,,,,,,,,,,,,,,,,,,,,,,,,,,,,,,,,,,,,,,,,,,
,,,,,,,,,,,,,,,,,,,,,,,,,,,,,,,,,,,,,,,,,,,,,,,
,,,,,,,,,,,,,,,,,,,,,,,,,,,,,,,,,,,,,,,,,,,,,,,
,,,,,,,,,,,,,,,,,,,,,,,,,,,,,,,,,,,,,,,,,,,,,,,
,,,,,,,,,,,,,,,,,,,,,,,,,,,,,,,,,,,,,,,,,,,,,,,
,,,,,,,,,,,,,,,,,,,,,,,,,,,,,,,,,,,,,,,,,,,,,,,
,,,,,,,,,,,,,,,,,,,,,,,,,,,,,,,,,,,,,,,,,,,,,,,
,,,,,,,,,,,,,,,,,,,,,,,,,,,,,,,,,,,,,,,,,,,,,,,
,,,,,,,,,,,,,,,,,,,,,,,,,,,,,,,,,,,,,,,,,,,,,,,
,,,,,,,,,,,,,,,,,,,,,,,,,,,,,,,,,,,,,,,,,,,,,,,
,,,,,,,,,,,,,,,,,,,,,,,,,,,,,,,,,,,,,,,,,,,,,,,
,,,,,,,,,,,,,,,,,,,,,,,,,,,,,,,,,,,,,,,,,,,,,,,
,,,,,,,,,,,,,,,,,,,,,,,,,,,,,,,,,,,,,,,,,,,,,,,
,,,,,,,,,,,,,,,,,,,,,,,,,,,,,,,,,,,,,,,,,,,,,,,
,,,,,,,,,,,,,,,,,,,,,,,,,,,,,,,,,,,,,,,,,,,,,,,
,,,,,,,,,,,,,,,,,,,,,,,,,,,,,,,,,,,,,,,,,,,,,,,
,,,,,,,,,,,,,,,,,,,,,,,,,,,,,,,,,,,,,,,,,,,,,,,
,,,,,,,,,,,,,,,,,,,,,,,,,,,,,,,,,,,,,,,,,,,,,,,
,,,,,,,,,,,,,,,,,,,,,,,,,,,,,,,,,,,,,,,,,,,,,,,
,,,,,,,,,,,,,,,,,,,,,,,,,,,,,,,,,,,,,,,,,,,,,,,
,,,,,,,,,,,,,,,,,,,,,,,,,,,,,,,,,,,,,,,,,,,,,,,
,,,,,,,,,,,,,,,,,,,,,,,,,,,,,,,,,,,,,,,,,,,,,,,
,,,,,,,,,,,,,,,,,,,,,,,,,,,,,,,,,,,,,,,,,,,,,,,
,,,,,,,,,,,,,,,,,,,,,,,,,,,,,,,,,,,,,,,,,,,,,,,
,,,,,,,,,,,,,,,,,,,,,,,,,,,,,,,,,,,,,,,,,,,,,,,
,,,,,,,,,,,,,,,,,,,,,,,,,,,,,,,,,,,,,,,,,,,,,,,
,,,,,,,,,,,,,,,,,,,,,,,,,,,,,,,,,,,,,,,,,,,,,,,
,,,,,,,,,,,,,,,,,,,,,,,,,,,,,,,,,,,,,,,,,,,,,,,
,,,,,,,,,,,,,,,,,,,,,,,,,,,,,,,,,,,,,,,,,,,,,,,
,,,,,,,,,,,,,,,,,,,,,,,,,,,,,,,,,,,,,,,,,,,,,,,
,,,,,,,,,,,,,,,,,,,,,,,,,,,,,,,,,,,,,,,,,,,,,,,
,,,,,,,,,,,,,,,,,,,,,,,,,,,,,,,,,,,,,,,,,,,,,,,
,,,,,,,,,,,,,,,,,,,,,,,,,,,,,,,,,,,,,,,,,,,,,,,
,,,,,,,,,,,,,,,,,,,,,,,,,,,,,,,,,,,,,,,,,,,,,,,
,,,,,,,,,,,,,,,,,,,,,,,,,,,,,,,,,,,,,,,,,,,,,,,
,,,,,,,,,,,,,,,,,,,,,,,,,,,,,,,,,,,,,,,,,,,,,,,
,,,,,,,,,,,,,,,,,,,,,,,,,,,,,,,,,,,,,,,,,,,,,,,
,,,,,,,,,,,,,,,,,,,,,,,,,,,,,,,,,,,,,,,,,,,,,,,
,,,,,,,,,,,,,,,,,,,,,,,,,,,,,,,,,,,,,,,,,,,,,,,
,,,,,,,,,,,,,,,,,,,,,,,,,,,,,,,,,,,,,,,,,,,,,,,
,,,,,,,,,,,,,,,,,,,,,,,,,,,,,,,,,,,,,,,,,,,,,,,
,,,,,,,,,,,,,,,,,,,,,,,,,,,,,,,,,,,,,,,,,,,,,,,
,,,,,,,,,,,,,,,,,,,,,,,,,,,,,,,,,,,,,,,,,,,,,,,
,,,,,,,,,,,,,,,,,,,,,,,,,,,,,,,,,,,,,,,,,,,,,,,
,,,,,,,,,,,,,,,,,,,,,,,,,,,,,,,,,,,,,,,,,,,,,,,
,,,,,,,,,,,,,,,,,,,,,,,,,,,,,,,,,,,,,,,,,,,,,,,
,,,,,,,,,,,,,,,,,,,,,,,,,,,,,,,,,,,,,,,,,,,,,,,
,,,,,,,,,,,,,,,,,,,,,,,,,,,,,,,,,,,,,,,,,,,,,,,
,,,,,,,,,,,,,,,,,,,,,,,,,,,,,,,,,,,,,,,,,,,,,,,
,,,,,,,,,,,,,,,,,,,,,,,,,,,,,,,,,,,,,,,,,,,,,,,
,,,,,,,,,,,,,,,,,,,,,,,,,,,,,,,,,,,,,,,,,,,,,,,
,,,,,,,,,,,,,,,,,,,,,,,,,,,,,,,,,,,,,,,,,,,,,,,
,,,,,,,,,,,,,,,,,,,,,,,,,,,,,,,,,,,,,,,,,,,,,,,
,,,,,,,,,,,,,,,,,,,,,,,,,,,,,,,,,,,,,,,,,,,,,,,
,,,,,,,,,,,,,,,,,,,,,,,,,,,,,,,,,,,,,,,,,,,,,,,
,,,,,,,,,,,,,,,,,,,,,,,,,,,,,,,,,,,,,,,,,,,,,,,
,,,,,,,,,,,,,,,,,,,,,,,,,,,,,,,,,,,,,,,,,,,,,,,
,,,,,,,,,,,,,,,,,,,,,,,,,,,,,,,,,,,,,,,,,,,,,,,
,,,,,,,,,,,,,,,,,,,,,,,,,,,,,,,,,,,,,,,,,,,,,,,
,,,,,,,,,,,,,,,,,,,,,,,,,,,,,,,,,,,,,,,,,,,,,,,
,,,,,,,,,,,,,,,,,,,,,,,,,,,,,,,,,,,,,,,,,,,,,,,
,,,,,,,,,,,,,,,,,,,,,,,,,,,,,,,,,,,,,,,,,,,,,,,
,,,,,,,,,,,,,,,,,,,,,,,,,,,,,,,,,,,,,,,,,,,,,,,
,,,,,,,,,,,,,,,,,,,,,,,,,,,,,,,,,,,,,,,,,,,,,,,
,,,,,,,,,,,,,,,,,,,,,,,,,,,,,,,,,,,,,,,,,,,,,,,
,,,,,,,,,,,,,,,,,,,,,,,,,,,,,,,,,,,,,,,,,,,,,,,
,,,,,,,,,,,,,,,,,,,,,,,,,,,,,,,,,,,,,,,,,,,,,,,
,,,,,,,,,,,,,,,,,,,,,,,,,,,,,,,,,,,,,,,,,,,,,,,
,,,,,,,,,,,,,,,,,,,,,,,,,,,,,,,,,,,,,,,,,,,,,,,
,,,,,,,,,,,,,,,,,,,,,,,,,,,,,,,,,,,,,,,,,,,,,,,
,,,,,,,,,,,,,,,,,,,,,,,,,,,,,,,,,,,,,,,,,,,,,,,
,,,,,,,,,,,,,,,,,,,,,,,,,,,,,,,,,,,,,,,,,,,,,,,
,,,,,,,,,,,,,,,,,,,,,,,,,,,,,,,,,,,,,,,,,,,,,,,
,,,,,,,,,,,,,,,,,,,,,,,,,,,,,,,,,,,,,,,,,,,,,,,
,,,,,,,,,,,,,,,,,,,,,,,,,,,,,,,,,,,,,,,,,,,,,,,
,,,,,,,,,,,,,,,,,,,,,,,,,,,,,,,,,,,,,,,,,,,,,,,
,,,,,,,,,,,,,,,,,,,,,,,,,,,,,,,,,,,,,,,,,,,,,,,
,,,,,,,,,,,,,,,,,,,,,,,,,,,,,,,,,,,,,,,,,,,,,,,
,,,,,,,,,,,,,,,,,,,,,,,,,,,,,,,,,,,,,,,,,,,,,,,
,,,,,,,,,,,,,,,,,,,,,,,,,,,,,,,,,,,,,,,,,,,,,,,
,,,,,,,,,,,,,,,,,,,,,,,,,,,,,,,,,,,,,,,,,,,,,,,
,,,,,,,,,,,,,,,,,,,,,,,,,,,,,,,,,,,,,,,,,,,,,,,
,,,,,,,,,,,,,,,,,,,,,,,,,,,,,,,,,,,,,,,,,,,,,,,
,,,,,,,,,,,,,,,,,,,,,,,,,,,,,,,,,,,,,,,,,,,,,,,
,,,,,,,,,,,,,,,,,,,,,,,,,,,,,,,,,,,,,,,,,,,,,,,
,,,,,,,,,,,,,,,,,,,,,,,,,,,,,,,,,,,,,,,,,,,,,,,
,,,,,,,,,,,,,,,,,,,,,,,,,,,,,,,,,,,,,,,,,,,,,,,
,,,,,,,,,,,,,,,,,,,,,,,,,,,,,,,,,,,,,,,,,,,,,,,
,,,,,,,,,,,,,,,,,,,,,,,,,,,,,,,,,,,,,,,,,,,,,,,
,,,,,,,,,,,,,,,,,,,,,,,,,,,,,,,,,,,,,,,,,,,,,,,
,,,,,,,,,,,,,,,,,,,,,,,,,,,,,,,,,,,,,,,,,,,,,,,
,,,,,,,,,,,,,,,,,,,,,,,,,,,,,,,,,,,,,,,,,,,,,,,
,,,,,,,,,,,,,,,,,,,,,,,,,,,,,,,,,,,,,,,,,,,,,,,
,,,,,,,,,,,,,,,,,,,,,,,,,,,,,,,,,,,,,,,,,,,,,,,
,,,,,,,,,,,,,,,,,,,,,,,,,,,,,,,,,,,,,,,,,,,,,,,
,,,,,,,,,,,,,,,,,,,,,,,,,,,,,,,,,,,,,,,,,,,,,,,
,,,,,,,,,,,,,,,,,,,,,,,,,,,,,,,,,,,,,,,,,,,,,,,
,,,,,,,,,,,,,,,,,,,,,,,,,,,,,,,,,,,,,,,,,,,,,,,
,,,,,,,,,,,,,,,,,,,,,,,,,,,,,,,,,,,,,,,,,,,,,,,
,,,,,,,,,,,,,,,,,,,,,,,,,,,,,,,,,,,,,,,,,,,,,,,
,,,,,,,,,,,,,,,,,,,,,,,,,,,,,,,,,,,,,,,,,,,,,,,
,,,,,,,,,,,,,,,,,,,,,,,,,,,,,,,,,,,,,,,,,,,,,,,
,,,,,,,,,,,,,,,,,,,,,,,,,,,,,,,,,,,,,,,,,,,,,,,
,,,,,,,,,,,,,,,,,,,,,,,,,,,,,,,,,,,,,,,,,,,,,,,
,,,,,,,,,,,,,,,,,,,,,,,,,,,,,,,,,,,,,,,,,,,,,,,
,,,,,,,,,,,,,,,,,,,,,,,,,,,,,,,,,,,,,,,,,,,,,,,
,,,,,,,,,,,,,,,,,,,,,,,,,,,,,,,,,,,,,,,,,,,,,,,
,,,,,,,,,,,,,,,,,,,,,,,,,,,,,,,,,,,,,,,,,,,,,,,
,,,,,,,,,,,,,,,,,,,,,,,,,,,,,,,,,,,,,,,,,,,,,,,
,,,,,,,,,,,,,,,,,,,,,,,,,,,,,,,,,,,,,,,,,,,,,,,
,,,,,,,,,,,,,,,,,,,,,,,,,,,,,,,,,,,,,,,,,,,,,,,
,,,,,,,,,,,,,,,,,,,,,,,,,,,,,,,,,,,,,,,,,,,,,,,
,,,,,,,,,,,,,,,,,,,,,,,,,,,,,,,,,,,,,,,,,,,,,,,
,,,,,,,,,,,,,,,,,,,,,,,,,,,,,,,,,,,,,,,,,,,,,,,
,,,,,,,,,,,,,,,,,,,,,,,,,,,,,,,,,,,,,,,,,,,,,,,
,,,,,,,,,,,,,,,,,,,,,,,,,,,,,,,,,,,,,,,,,,,,,,,
,,,,,,,,,,,,,,,,,,,,,,,,,,,,,,,,,,,,,,,,,,,,,,,
,,,,,,,,,,,,,,,,,,,,,,,,,,,,,,,,,,,,,,,,,,,,,,,
,,,,,,,,,,,,,,,,,,,,,,,,,,,,,,,,,,,,,,,,,,,,,,,
,,,,,,,,,,,,,,,,,,,,,,,,,,,,,,,,,,,,,,,,,,,,,,,
,,,,,,,,,,,,,,,,,,,,,,,,,,,,,,,,,,,,,,,,,,,,,,,
,,,,,,,,,,,,,,,,,,,,,,,,,,,,,,,,,,,,,,,,,,,,,,,
,,,,,,,,,,,,,,,,,,,,,,,,,,,,,,,,,,,,,,,,,,,,,,,
,,,,,,,,,,,,,,,,,,,,,,,,,,,,,,,,,,,,,,,,,,,,,,,
,,,,,,,,,,,,,,,,,,,,,,,,,,,,,,,,,,,,,,,,,,,,,,,
,,,,,,,,,,,,,,,,,,,,,,,,,,,,,,,,,,,,,,,,,,,,,,,
,,,,,,,,,,,,,,,,,,,,,,,,,,,,,,,,,,,,,,,,,,,,,,,
,,,,,,,,,,,,,,,,,,,,,,,,,,,,,,,,,,,,,,,,,,,,,,,
,,,,,,,,,,,,,,,,,,,,,,,,,,,,,,,,,,,,,,,,,,,,,,,
,,,,,,,,,,,,,,,,,,,,,,,,,,,,,,,,,,,,,,,,,,,,,,,
,,,,,,,,,,,,,,,,,,,,,,,,,,,,,,,,,,,,,,,,,,,,,,,
,,,,,,,,,,,,,,,,,,,,,,,,,,,,,,,,,,,,,,,,,,,,,,,
,,,,,,,,,,,,,,,,,,,,,,,,,,,,,,,,,,,,,,,,,,,,,,,
,,,,,,,,,,,,,,,,,,,,,,,,,,,,,,,,,,,,,,,,,,,,,,,
,,,,,,,,,,,,,,,,,,,,,,,,,,,,,,,,,,,,,,,,,,,,,,,
,,,,,,,,,,,,,,,,,,,,,,,,,,,,,,,,,,,,,,,,,,,,,,,
,,,,,,,,,,,,,,,,,,,,,,,,,,,,,,,,,,,,,,,,,,,,,,,
,,,,,,,,,,,,,,,,,,,,,,,,,,,,,,,,,,,,,,,,,,,,,,,
,,,,,,,,,,,,,,,,,,,,,,,,,,,,,,,,,,,,,,,,,,,,,,,
,,,,,,,,,,,,,,,,,,,,,,,,,,,,,,,,,,,,,,,,,,,,,,,
,,,,,,,,,,,,,,,,,,,,,,,,,,,,,,,,,,,,,,,,,,,,,,,
,,,,,,,,,,,,,,,,,,,,,,,,,,,,,,,,,,,,,,,,,,,,,,,
,,,,,,,,,,,,,,,,,,,,,,,,,,,,,,,,,,,,,,,,,,,,,,,
,,,,,,,,,,,,,,,,,,,,,,,,,,,,,,,,,,,,,,,,,,,,,,,
,,,,,,,,,,,,,,,,,,,,,,,,,,,,,,,,,,,,,,,,,,,,,,,
,,,,,,,,,,,,,,,,,,,,,,,,,,,,,,,,,,,,,,,,,,,,,,,
,,,,,,,,,,,,,,,,,,,,,,,,,,,,,,,,,,,,,,,,,,,,,,,
,,,,,,,,,,,,,,,,,,,,,,,,,,,,,,,,,,,,,,,,,,,,,,,
,,,,,,,,,,,,,,,,,,,,,,,,,,,,,,,,,,,,,,,,,,,,,,,
,,,,,,,,,,,,,,,,,,,,,,,,,,,,,,,,,,,,,,,,,,,,,,,
,,,,,,,,,,,,,,,,,,,,,,,,,,,,,,,,,,,,,,,,,,,,,,,
,,,,,,,,,,,,,,,,,,,,,,,,,,,,,,,,,,,,,,,,,,,,,,,
,,,,,,,,,,,,,,,,,,,,,,,,,,,,,,,,,,,,,,,,,,,,,,,
,,,,,,,,,,,,,,,,,,,,,,,,,,,,,,,,,,,,,,,,,,,,,,,
,,,,,,,,,,,,,,,,,,,,,,,,,,,,,,,,,,,,,,,,,,,,,,,
,,,,,,,,,,,,,,,,,,,,,,,,,,,,,,,,,,,,,,,,,,,,,,,
,,,,,,,,,,,,,,,,,,,,,,,,,,,,,,,,,,,,,,,,,,,,,,,
,,,,,,,,,,,,,,,,,,,,,,,,,,,,,,,,,,,,,,,,,,,,,,,
,,,,,,,,,,,,,,,,,,,,,,,,,,,,,,,,,,,,,,,,,,,,,,,
,,,,,,,,,,,,,,,,,,,,,,,,,,,,,,,,,,,,,,,,,,,,,,,
,,,,,,,,,,,,,,,,,,,,,,,,,,,,,,,,,,,,,,,,,,,,,,,
,,,,,,,,,,,,,,,,,,,,,,,,,,,,,,,,,,,,,,,,,,,,,,,
,,,,,,,,,,,,,,,,,,,,,,,,,,,,,,,,,,,,,,,,,,,,,,,
,,,,,,,,,,,,,,,,,,,,,,,,,,,,,,,,,,,,,,,,,,,,,,,
,,,,,,,,,,,,,,,,,,,,,,,,,,,,,,,,,,,,,,,,,,,,,,,
,,,,,,,,,,,,,,,,,,,,,,,,,,,,,,,,,,,,,,,,,,,,,,,
,,,,,,,,,,,,,,,,,,,,,,,,,,,,,,,,,,,,,,,,,,,,,,,
,,,,,,,,,,,,,,,,,,,,,,,,,,,,,,,,,,,,,,,,,,,,,,,
,,,,,,,,,,,,,,,,,,,,,,,,,,,,,,,,,,,,,,,,,,,,,,,
,,,,,,,,,,,,,,,,,,,,,,,,,,,,,,,,,,,,,,,,,,,,,,,
,,,,,,,,,,,,,,,,,,,,,,,,,,,,,,,,,,,,,,,,,,,,,,,
,,,,,,,,,,,,,,,,,,,,,,,,,,,,,,,,,,,,,,,,,,,,,,,
,,,,,,,,,,,,,,,,,,,,,,,,,,,,,,,,,,,,,,,,,,,,,,,
,,,,,,,,,,,,,,,,,,,,,,,,,,,,,,,,,,,,,,,,,,,,,,,
,,,,,,,,,,,,,,,,,,,,,,,,,,,,,,,,,,,,,,,,,,,,,,,
,,,,,,,,,,,,,,,,,,,,,,,,,,,,,,,,,,,,,,,,,,,,,,,
,,,,,,,,,,,,,,,,,,,,,,,,,,,,,,,,,,,,,,,,,,,,,,,
,,,,,,,,,,,,,,,,,,,,,,,,,,,,,,,,,,,,,,,,,,,,,,,
,,,,,,,,,,,,,,,,,,,,,,,,,,,,,,,,,,,,,,,,,,,,,,,
,,,,,,,,,,,,,,,,,,,,,,,,,,,,,,,,,,,,,,,,,,,,,,,
,,,,,,,,,,,,,,,,,,,,,,,,,,,,,,,,,,,,,,,,,,,,,,,
,,,,,,,,,,,,,,,,,,,,,,,,,,,,,,,,,,,,,,,,,,,,,,,
,,,,,,,,,,,,,,,,,,,,,,,,,,,,,,,,,,,,,,,,,,,,,,,
,,,,,,,,,,,,,,,,,,,,,,,,,,,,,,,,,,,,,,,,,,,,,,,
,,,,,,,,,,,,,,,,,,,,,,,,,,,,,,,,,,,,,,,,,,,,,,,
,,,,,,,,,,,,,,,,,,,,,,,,,,,,,,,,,,,,,,,,,,,,,,,
,,,,,,,,,,,,,,,,,,,,,,,,,,,,,,,,,,,,,,,,,,,,,,,
,,,,,,,,,,,,,,,,,,,,,,,,,,,,,,,,,,,,,,,,,,,,,,,
,,,,,,,,,,,,,,,,,,,,,,,,,,,,,,,,,,,,,,,,,,,,,,,
,,,,,,,,,,,,,,,,,,,,,,,,,,,,,,,,,,,,,,,,,,,,,,,
,,,,,,,,,,,,,,,,,,,,,,,,,,,,,,,,,,,,,,,,,,,,,,,
,,,,,,,,,,,,,,,,,,,,,,,,,,,,,,,,,,,,,,,,,,,,,,,
,,,,,,,,,,,,,,,,,,,,,,,,,,,,,,,,,,,,,,,,,,,,,,,
,,,,,,,,,,,,,,,,,,,,,,,,,,,,,,,,,,,,,,,,,,,,,,,
,,,,,,,,,,,,,,,,,,,,,,,,,,,,,,,,,,,,,,,,,,,,,,,
,,,,,,,,,,,,,,,,,,,,,,,,,,,,,,,,,,,,,,,,,,,,,,,
,,,,,,,,,,,,,,,,,,,,,,,,,,,,,,,,,,,,,,,,,,,,,,,
,,,,,,,,,,,,,,,,,,,,,,,,,,,,,,,,,,,,,,,,,,,,,,,
,,,,,,,,,,,,,,,,,,,,,,,,,,,,,,,,,,,,,,,,,,,,,,,
,,,,,,,,,,,,,,,,,,,,,,,,,,,,,,,,,,,,,,,,,,,,,,,
,,,,,,,,,,,,,,,,,,,,,,,,,,,,,,,,,,,,,,,,,,,,,,,
,,,,,,,,,,,,,,,,,,,,,,,,,,,,,,,,,,,,,,,,,,,,,,,
,,,,,,,,,,,,,,,,,,,,,,,,,,,,,,,,,,,,,,,,,,,,,,,
,,,,,,,,,,,,,,,,,,,,,,,,,,,,,,,,,,,,,,,,,,,,,,,
,,,,,,,,,,,,,,,,,,,,,,,,,,,,,,,,,,,,,,,,,,,,,,,
,,,,,,,,,,,,,,,,,,,,,,,,,,,,,,,,,,,,,,,,,,,,,,,
,,,,,,,,,,,,,,,,,,,,,,,,,,,,,,,,,,,,,,,,,,,,,,,
,,,,,,,,,,,,,,,,,,,,,,,,,,,,,,,,,,,,,,,,,,,,,,,
,,,,,,,,,,,,,,,,,,,,,,,,,,,,,,,,,,,,,,,,,,,,,,,
,,,,,,,,,,,,,,,,,,,,,,,,,,,,,,,,,,,,,,,,,,,,,,,
,,,,,,,,,,,,,,,,,,,,,,,,,,,,,,,,,,,,,,,,,,,,,,,
,,,,,,,,,,,,,,,,,,,,,,,,,,,,,,,,,,,,,,,,,,,,,,,
,,,,,,,,,,,,,,,,,,,,,,,,,,,,,,,,,,,,,,,,,,,,,,,
,,,,,,,,,,,,,,,,,,,,,,,,,,,,,,,,,,,,,,,,,,,,,,,
,,,,,,,,,,,,,,,,,,,,,,,,,,,,,,,,,,,,,,,,,,,,,,,
,,,,,,,,,,,,,,,,,,,,,,,,,,,,,,,,,,,,,,,,,,,,,,,
,,,,,,,,,,,,,,,,,,,,,,,,,,,,,,,,,,,,,,,,,,,,,,,
,,,,,,,,,,,,,,,,,,,,,,,,,,,,,,,,,,,,,,,,,,,,,,,
,,,,,,,,,,,,,,,,,,,,,,,,,,,,,,,,,,,,,,,,,,,,,,,
,,,,,,,,,,,,,,,,,,,,,,,,,,,,,,,,,,,,,,,,,,,,,,,
,,,,,,,,,,,,,,,,,,,,,,,,,,,,,,,,,,,,,,,,,,,,,,,
,,,,,,,,,,,,,,,,,,,,,,,,,,,,,,,,,,,,,,,,,,,,,,,
,,,,,,,,,,,,,,,,,,,,,,,,,,,,,,,,,,,,,,,,,,,,,,,
,,,,,,,,,,,,,,,,,,,,,,,,,,,,,,,,,,,,,,,,,,,,,,,
,,,,,,,,,,,,,,,,,,,,,,,,,,,,,,,,,,,,,,,,,,,,,,,
,,,,,,,,,,,,,,,,,,,,,,,,,,,,,,,,,,,,,,,,,,,,,,,
,,,,,,,,,,,,,,,,,,,,,,,,,,,,,,,,,,,,,,,,,,,,,,,
,,,,,,,,,,,,,,,,,,,,,,,,,,,,,,,,,,,,,,,,,,,,,,,
,,,,,,,,,,,,,,,,,,,,,,,,,,,,,,,,,,,,,,,,,,,,,,,
,,,,,,,,,,,,,,,,,,,,,,,,,,,,,,,,,,,,,,,,,,,,,,,
,,,,,,,,,,,,,,,,,,,,,,,,,,,,,,,,,,,,,,,,,,,,,,,
,,,,,,,,,,,,,,,,,,,,,,,,,,,,,,,,,,,,,,,,,,,,,,,
,,,,,,,,,,,,,,,,,,,,,,,,,,,,,,,,,,,,,,,,,,,,,,,
,,,,,,,,,,,,,,,,,,,,,,,,,,,,,,,,,,,,,,,,,,,,,,,
,,,,,,,,,,,,,,,,,,,,,,,,,,,,,,,,,,,,,,,,,,,,,,,
,,,,,,,,,,,,,,,,,,,,,,,,,,,,,,,,,,,,,,,,,,,,,,,
,,,,,,,,,,,,,,,,,,,,,,,,,,,,,,,,,,,,,,,,,,,,,,,
,,,,,,,,,,,,,,,,,,,,,,,,,,,,,,,,,,,,,,,,,,,,,,,
,,,,,,,,,,,,,,,,,,,,,,,,,,,,,,,,,,,,,,,,,,,,,,,
,,,,,,,,,,,,,,,,,,,,,,,,,,,,,,,,,,,,,,,,,,,,,,,
,,,,,,,,,,,,,,,,,,,,,,,,,,,,,,,,,,,,,,,,,,,,,,,
,,,,,,,,,,,,,,,,,,,,,,,,,,,,,,,,,,,,,,,,,,,,,,,
,,,,,,,,,,,,,,,,,,,,,,,,,,,,,,,,,,,,,,,,,,,,,,,
,,,,,,,,,,,,,,,,,,,,,,,,,,,,,,,,,,,,,,,,,,,,,,,
,,,,,,,,,,,,,,,,,,,,,,,,,,,,,,,,,,,,,,,,,,,,,,,
,,,,,,,,,,,,,,,,,,,,,,,,,,,,,,,,,,,,,,,,,,,,,,,
,,,,,,,,,,,,,,,,,,,,,,,,,,,,,,,,,,,,,,,,,,,,,,,
,,,,,,,,,,,,,,,,,,,,,,,,,,,,,,,,,,,,,,,,,,,,,,,
,,,,,,,,,,,,,,,,,,,,,,,,,,,,,,,,,,,,,,,,,,,,,,,
,,,,,,,,,,,,,,,,,,,,,,,,,,,,,,,,,,,,,,,,,,,,,,,
,,,,,,,,,,,,,,,,,,,,,,,,,,,,,,,,,,,,,,,,,,,,,,,
,,,,,,,,,,,,,,,,,,,,,,,,,,,,,,,,,,,,,,,,,,,,,,,
,,,,,,,,,,,,,,,,,,,,,,,,,,,,,,,,,,,,,,,,,,,,,,,
,,,,,,,,,,,,,,,,,,,,,,,,,,,,,,,,,,,,,,,,,,,,,,,
,,,,,,,,,,,,,,,,,,,,,,,,,,,,,,,,,,,,,,,,,,,,,,,
,,,,,,,,,,,,,,,,,,,,,,,,,,,,,,,,,,,,,,,,,,,,,,,
,,,,,,,,,,,,,,,,,,,,,,,,,,,,,,,,,,,,,,,,,,,,,,,
,,,,,,,,,,,,,,,,,,,,,,,,,,,,,,,,,,,,,,,,,,,,,,,
,,,,,,,,,,,,,,,,,,,,,,,,,,,,,,,,,,,,,,,,,,,,,,,
,,,,,,,,,,,,,,,,,,,,,,,,,,,,,,,,,,,,,,,,,,,,,,,
,,,,,,,,,,,,,,,,,,,,,,,,,,,,,,,,,,,,,,,,,,,,,,,
,,,,,,,,,,,,,,,,,,,,,,,,,,,,,,,,,,,,,,,,,,,,,,,
,,,,,,,,,,,,,,,,,,,,,,,,,,,,,,,,,,,,,,,,,,,,,,,
,,,,,,,,,,,,,,,,,,,,,,,,,,,,,,,,,,,,,,,,,,,,,,,
,,,,,,,,,,,,,,,,,,,,,,,,,,,,,,,,,,,,,,,,,,,,,,,
,,,,,,,,,,,,,,,,,,,,,,,,,,,,,,,,,,,,,,,,,,,,,,,
,,,,,,,,,,,,,,,,,,,,,,,,,,,,,,,,,,,,,,,,,,,,,,,
,,,,,,,,,,,,,,,,,,,,,,,,,,,,,,,,,,,,,,,,,,,,,,,
,,,,,,,,,,,,,,,,,,,,,,,,,,,,,,,,,,,,,,,,,,,,,,,
,,,,,,,,,,,,,,,,,,,,,,,,,,,,,,,,,,,,,,,,,,,,,,,
,,,,,,,,,,,,,,,,,,,,,,,,,,,,,,,,,,,,,,,,,,,,,,,
,,,,,,,,,,,,,,,,,,,,,,,,,,,,,,,,,,,,,,,,,,,,,,,
,,,,,,,,,,,,,,,,,,,,,,,,,,,,,,,,,,,,,,,,,,,,,,,
,,,,,,,,,,,,,,,,,,,,,,,,,,,,,,,,,,,,,,,,,,,,,,,
,,,,,,,,,,,,,,,,,,,,,,,,,,,,,,,,,,,,,,,,,,,,,,,
,,,,,,,,,,,,,,,,,,,,,,,,,,,,,,,,,,,,,,,,,,,,,,,
,,,,,,,,,,,,,,,,,,,,,,,,,,,,,,,,,,,,,,,,,,,,,,,
,,,,,,,,,,,,,,,,,,,,,,,,,,,,,,,,,,,,,,,,,,,,,,,
,,,,,,,,,,,,,,,,,,,,,,,,,,,,,,,,,,,,,,,,,,,,,,,
,,,,,,,,,,,,,,,,,,,,,,,,,,,,,,,,,,,,,,,,,,,,,,,
,,,,,,,,,,,,,,,,,,,,,,,,,,,,,,,,,,,,,,,,,,,,,,,
,,,,,,,,,,,,,,,,,,,,,,,,,,,,,,,,,,,,,,,,,,,,,,,
,,,,,,,,,,,,,,,,,,,,,,,,,,,,,,,,,,,,,,,,,,,,,,,
,,,,,,,,,,,,,,,,,,,,,,,,,,,,,,,,,,,,,,,,,,,,,,,
,,,,,,,,,,,,,,,,,,,,,,,,,,,,,,,,,,,,,,,,,,,,,,,
,,,,,,,,,,,,,,,,,,,,,,,,,,,,,,,,,,,,,,,,,,,,,,,
,,,,,,,,,,,,,,,,,,,,,,,,,,,,,,,,,,,,,,,,,,,,,,,
,,,,,,,,,,,,,,,,,,,,,,,,,,,,,,,,,,,,,,,,,,,,,,,
,,,,,,,,,,,,,,,,,,,,,,,,,,,,,,,,,,,,,,,,,,,,,,,
,,,,,,,,,,,,,,,,,,,,,,,,,,,,,,,,,,,,,,,,,,,,,,,
,,,,,,,,,,,,,,,,,,,,,,,,,,,,,,,,,,,,,,,,,,,,,,,
,,,,,,,,,,,,,,,,,,,,,,,,,,,,,,,,,,,,,,,,,,,,,,,
,,,,,,,,,,,,,,,,,,,,,,,,,,,,,,,,,,,,,,,,,,,,,,,
,,,,,,,,,,,,,,,,,,,,,,,,,,,,,,,,,,,,,,,,,,,,,,,
,,,,,,,,,,,,,,,,,,,,,,,,,,,,,,,,,,,,,,,,,,,,,,,
,,,,,,,,,,,,,,,,,,,,,,,,,,,,,,,,,,,,,,,,,,,,,,,
,,,,,,,,,,,,,,,,,,,,,,,,,,,,,,,,,,,,,,,,,,,,,,,
,,,,,,,,,,,,,,,,,,,,,,,,,,,,,,,,,,,,,,,,,,,,,,,
,,,,,,,,,,,,,,,,,,,,,,,,,,,,,,,,,,,,,,,,,,,,,,,
,,,,,,,,,,,,,,,,,,,,,,,,,,,,,,,,,,,,,,,,,,,,,,,
,,,,,,,,,,,,,,,,,,,,,,,,,,,,,,,,,,,,,,,,,,,,,,,
,,,,,,,,,,,,,,,,,,,,,,,,,,,,,,,,,,,,,,,,,,,,,,,
,,,,,,,,,,,,,,,,,,,,,,,,,,,,,,,,,,,,,,,,,,,,,,,
,,,,,,,,,,,,,,,,,,,,,,,,,,,,,,,,,,,,,,,,,,,,,,,
,,,,,,,,,,,,,,,,,,,,,,,,,,,,,,,,,,,,,,,,,,,,,,,
,,,,,,,,,,,,,,,,,,,,,,,,,,,,,,,,,,,,,,,,,,,,,,,
,,,,,,,,,,,,,,,,,,,,,,,,,,,,,,,,,,,,,,,,,,,,,,,
,,,,,,,,,,,,,,,,,,,,,,,,,,,,,,,,,,,,,,,,,,,,,,,
,,,,,,,,,,,,,,,,,,,,,,,,,,,,,,,,,,,,,,,,,,,,,,,
,,,,,,,,,,,,,,,,,,,,,,,,,,,,,,,,,,,,,,,,,,,,,,,
,,,,,,,,,,,,,,,,,,,,,,,,,,,,,,,,,,,,,,,,,,,,,,,
,,,,,,,,,,,,,,,,,,,,,,,,,,,,,,,,,,,,,,,,,,,,,,,
,,,,,,,,,,,,,,,,,,,,,,,,,,,,,,,,,,,,,,,,,,,,,,,
,,,,,,,,,,,,,,,,,,,,,,,,,,,,,,,,,,,,,,,,,,,,,,,
,,,,,,,,,,,,,,,,,,,,,,,,,,,,,,,,,,,,,,,,,,,,,,,
,,,,,,,,,,,,,,,,,,,,,,,,,,,,,,,,,,,,,,,,,,,,,,,
,,,,,,,,,,,,,,,,,,,,,,,,,,,,,,,,,,,,,,,,,,,,,,,
,,,,,,,,,,,,,,,,,,,,,,,,,,,,,,,,,,,,,,,,,,,,,,,
,,,,,,,,,,,,,,,,,,,,,,,,,,,,,,,,,,,,,,,,,,,,,,,
,,,,,,,,,,,,,,,,,,,,,,,,,,,,,,,,,,,,,,,,,,,,,,,
,,,,,,,,,,,,,,,,,,,,,,,,,,,,,,,,,,,,,,,,,,,,,,,
,,,,,,,,,,,,,,,,,,,,,,,,,,,,,,,,,,,,,,,,,,,,,,,
,,,,,,,,,,,,,,,,,,,,,,,,,,,,,,,,,,,,,,,,,,,,,,,
,,,,,,,,,,,,,,,,,,,,,,,,,,,,,,,,,,,,,,,,,,,,,,,
,,,,,,,,,,,,,,,,,,,,,,,,,,,,,,,,,,,,,,,,,,,,,,,
,,,,,,,,,,,,,,,,,,,,,,,,,,,,,,,,,,,,,,,,,,,,,,,
,,,,,,,,,,,,,,,,,,,,,,,,,,,,,,,,,,,,,,,,,,,,,,,
,,,,,,,,,,,,,,,,,,,,,,,,,,,,,,,,,,,,,,,,,,,,,,,
,,,,,,,,,,,,,,,,,,,,,,,,,,,,,,,,,,,,,,,,,,,,,,,
,,,,,,,,,,,,,,,,,,,,,,,,,,,,,,,,,,,,,,,,,,,,,,,
,,,,,,,,,,,,,,,,,,,,,,,,,,,,,,,,,,,,,,,,,,,,,,,
,,,,,,,,,,,,,,,,,,,,,,,,,,,,,,,,,,,,,,,,,,,,,,,
,,,,,,,,,,,,,,,,,,,,,,,,,,,,,,,,,,,,,,,,,,,,,,,
,,,,,,,,,,,,,,,,,,,,,,,,,,,,,,,,,,,,,,,,,,,,,,,
,,,,,,,,,,,,,,,,,,,,,,,,,,,,,,,,,,,,,,,,,,,,,,,
,,,,,,,,,,,,,,,,,,,,,,,,,,,,,,,,,,,,,,,,,,,,,,,
,,,,,,,,,,,,,,,,,,,,,,,,,,,,,,,,,,,,,,,,,,,,,,,
,,,,,,,,,,,,,,,,,,,,,,,,,,,,,,,,,,,,,,,,,,,,,,,
,,,,,,,,,,,,,,,,,,,,,,,,,,,,,,,,,,,,,,,,,,,,,,,
,,,,,,,,,,,,,,,,,,,,,,,,,,,,,,,,,,,,,,,,,,,,,,,
,,,,,,,,,,,,,,,,,,,,,,,,,,,,,,,,,,,,,,,,,,,,,,,
,,,,,,,,,,,,,,,,,,,,,,,,,,,,,,,,,,,,,,,,,,,,,,,
,,,,,,,,,,,,,,,,,,,,,,,,,,,,,,,,,,,,,,,,,,,,,,,
,,,,,,,,,,,,,,,,,,,,,,,,,,,,,,,,,,,,,,,,,,,,,,,
,,,,,,,,,,,,,,,,,,,,,,,,,,,,,,,,,,,,,,,,,,,,,,,
,,,,,,,,,,,,,,,,,,,,,,,,,,,,,,,,,,,,,,,,,,,,,,,
,,,,,,,,,,,,,,,,,,,,,,,,,,,,,,,,,,,,,,,,,,,,,,,
,,,,,,,,,,,,,,,,,,,,,,,,,,,,,,,,,,,,,,,,,,,,,,,
,,,,,,,,,,,,,,,,,,,,,,,,,,,,,,,,,,,,,,,,,,,,,,,
,,,,,,,,,,,,,,,,,,,,,,,,,,,,,,,,,,,,,,,,,,,,,,,
,,,,,,,,,,,,,,,,,,,,,,,,,,,,,,,,,,,,,,,,,,,,,,,
,,,,,,,,,,,,,,,,,,,,,,,,,,,,,,,,,,,,,,,,,,,,,,,
,,,,,,,,,,,,,,,,,,,,,,,,,,,,,,,,,,,,,,,,,,,,,,,
,,,,,,,,,,,,,,,,,,,,,,,,,,,,,,,,,,,,,,,,,,,,,,,
,,,,,,,,,,,,,,,,,,,,,,,,,,,,,,,,,,,,,,,,,,,,,,,
,,,,,,,,,,,,,,,,,,,,,,,,,,,,,,,,,,,,,,,,,,,,,,,
,,,,,,,,,,,,,,,,,,,,,,,,,,,,,,,,,,,,,,,,,,,,,,,
,,,,,,,,,,,,,,,,,,,,,,,,,,,,,,,,,,,,,,,,,,,,,,,
,,,,,,,,,,,,,,,,,,,,,,,,,,,,,,,,,,,,,,,,,,,,,,,
,,,,,,,,,,,,,,,,,,,,,,,,,,,,,,,,,,,,,,,,,,,,,,,
,,,,,,,,,,,,,,,,,,,,,,,,,,,,,,,,,,,,,,,,,,,,,,,
,,,,,,,,,,,,,,,,,,,,,,,,,,,,,,,,,,,,,,,,,,,,,,,
,,,,,,,,,,,,,,,,,,,,,,,,,,,,,,,,,,,,,,,,,,,,,,,
,,,,,,,,,,,,,,,,,,,,,,,,,,,,,,,,,,,,,,,,,,,,,,,
,,,,,,,,,,,,,,,,,,,,,,,,,,,,,,,,,,,,,,,,,,,,,,,
,,,,,,,,,,,,,,,,,,,,,,,,,,,,,,,,,,,,,,,,,,,,,,,
,,,,,,,,,,,,,,,,,,,,,,,,,,,,,,,,,,,,,,,,,,,,,,,
,,,,,,,,,,,,,,,,,,,,,,,,,,,,,,,,,,,,,,,,,,,,,,,
,,,,,,,,,,,,,,,,,,,,,,,,,,,,,,,,,,,,,,,,,,,,,,,
,,,,,,,,,,,,,,,,,,,,,,,,,,,,,,,,,,,,,,,,,,,,,,,
,,,,,,,,,,,,,,,,,,,,,,,,,,,,,,,,,,,,,,,,,,,,,,,
,,,,,,,,,,,,,,,,,,,,,,,,,,,,,,,,,,,,,,,,,,,,,,,
,,,,,,,,,,,,,,,,,,,,,,,,,,,,,,,,,,,,,,,,,,,,,,,
,,,,,,,,,,,,,,,,,,,,,,,,,,,,,,,,,,,,,,,,,,,,,,,
,,,,,,,,,,,,,,,,,,,,,,,,,,,,,,,,,,,,,,,,,,,,,,,
,,,,,,,,,,,,,,,,,,,,,,,,,,,,,,,,,,,,,,,,,,,,,,,
,,,,,,,,,,,,,,,,,,,,,,,,,,,,,,,,,,,,,,,,,,,,,,,
,,,,,,,,,,,,,,,,,,,,,,,,,,,,,,,,,,,,,,,,,,,,,,,
,,,,,,,,,,,,,,,,,,,,,,,,,,,,,,,,,,,,,,,,,,,,,,,
,,,,,,,,,,,,,,,,,,,,,,,,,,,,,,,,,,,,,,,,,,,,,,,
,,,,,,,,,,,,,,,,,,,,,,,,,,,,,,,,,,,,,,,,,,,,,,,
,,,,,,,,,,,,,,,,,,,,,,,,,,,,,,,,,,,,,,,,,,,,,,,
,,,,,,,,,,,,,,,,,,,,,,,,,,,,,,,,,,,,,,,,,,,,,,,
,,,,,,,,,,,,,,,,,,,,,,,,,,,,,,,,,,,,,,,,,,,,,,,
,,,,,,,,,,,,,,,,,,,,,,,,,,,,,,,,,,,,,,,,,,,,,,,
,,,,,,,,,,,,,,,,,,,,,,,,,,,,,,,,,,,,,,,,,,,,,,,
,,,,,,,,,,,,,,,,,,,,,,,,,,,,,,,,,,,,,,,,,,,,,,,
,,,,,,,,,,,,,,,,,,,,,,,,,,,,,,,,,,,,,,,,,,,,,,,
,,,,,,,,,,,,,,,,,,,,,,,,,,,,,,,,,,,,,,,,,,,,,,,
,,,,,,,,,,,,,,,,,,,,,,,,,,,,,,,,,,,,,,,,,,,,,,,
,,,,,,,,,,,,,,,,,,,,,,,,,,,,,,,,,,,,,,,,,,,,,,,
,,,,,,,,,,,,,,,,,,,,,,,,,,,,,,,,,,,,,,,,,,,,,,,
,,,,,,,,,,,,,,,,,,,,,,,,,,,,,,,,,,,,,,,,,,,,,,,
,,,,,,,,,,,,,,,,,,,,,,,,,,,,,,,,,,,,,,,,,,,,,,,
,,,,,,,,,,,,,,,,,,,,,,,,,,,,,,,,,,,,,,,,,,,,,,,
,,,,,,,,,,,,,,,,,,,,,,,,,,,,,,,,,,,,,,,,,,,,,,,
,,,,,,,,,,,,,,,,,,,,,,,,,,,,,,,,,,,,,,,,,,,,,,,
,,,,,,,,,,,,,,,,,,,,,,,,,,,,,,,,,,,,,,,,,,,,,,,
,,,,,,,,,,,,,,,,,,,,,,,,,,,,,,,,,,,,,,,,,,,,,,,
,,,,,,,,,,,,,,,,,,,,,,,,,,,,,,,,,,,,,,,,,,,,,,,
,,,,,,,,,,,,,,,,,,,,,,,,,,,,,,,,,,,,,,,,,,,,,,,
,,,,,,,,,,,,,,,,,,,,,,,,,,,,,,,,,,,,,,,,,,,,,,,
,,,,,,,,,,,,,,,,,,,,,,,,,,,,,,,,,,,,,,,,,,,,,,,
,,,,,,,,,,,,,,,,,,,,,,,,,,,,,,,,,,,,,,,,,,,,,,,
,,,,,,,,,,,,,,,,,,,,,,,,,,,,,,,,,,,,,,,,,,,,,,,
,,,,,,,,,,,,,,,,,,,,,,,,,,,,,,,,,,,,,,,,,,,,,,,
,,,,,,,,,,,,,,,,,,,,,,,,,,,,,,,,,,,,,,,,,,,,,,,
,,,,,,,,,,,,,,,,,,,,,,,,,,,,,,,,,,,,,,,,,,,,,,,
,,,,,,,,,,,,,,,,,,,,,,,,,,,,,,,,,,,,,,,,,,,,,,,
,,,,,,,,,,,,,,,,,,,,,,,,,,,,,,,,,,,,,,,,,,,,,,,
,,,,,,,,,,,,,,,,,,,,,,,,,,,,,,,,,,,,,,,,,,,,,,,
,,,,,,,,,,,,,,,,,,,,,,,,,,,,,,,,,,,,,,,,,,,,,,,
,,,,,,,,,,,,,,,,,,,,,,,,,,,,,,,,,,,,,,,,,,,,,,,
,,,,,,,,,,,,,,,,,,,,,,,,,,,,,,,,,,,,,,,,,,,,,,,
,,,,,,,,,,,,,,,,,,,,,,,,,,,,,,,,,,,,,,,,,,,,,,,
,,,,,,,,,,,,,,,,,,,,,,,,,,,,,,,,,,,,,,,,,,,,,,,
,,,,,,,,,,,,,,,,,,,,,,,,,,,,,,,,,,,,,,,,,,,,,,,
,,,,,,,,,,,,,,,,,,,,,,,,,,,,,,,,,,,,,,,,,,,,,,,
,,,,,,,,,,,,,,,,,,,,,,,,,,,,,,,,,,,,,,,,,,,,,,,
,,,,,,,,,,,,,,,,,,,,,,,,,,,,,,,,,,,,,,,,,,,,,,,
,,,,,,,,,,,,,,,,,,,,,,,,,,,,,,,,,,,,,,,,,,,,,,,
,,,,,,,,,,,,,,,,,,,,,,,,,,,,,,,,,,,,,,,,,,,,,,,
,,,,,,,,,,,,,,,,,,,,,,,,,,,,,,,,,,,,,,,,,,,,,,,
,,,,,,,,,,,,,,,,,,,,,,,,,,,,,,,,,,,,,,,,,,,,,,,
,,,,,,,,,,,,,,,,,,,,,,,,,,,,,,,,,,,,,,,,,,,,,,,
,,,,,,,,,,,,,,,,,,,,,,,,,,,,,,,,,,,,,,,,,,,,,,,
,,,,,,,,,,,,,,,,,,,,,,,,,,,,,,,,,,,,,,,,,,,,,,,
,,,,,,,,,,,,,,,,,,,,,,,,,,,,,,,,,,,,,,,,,,,,,,,
,,,,,,,,,,,,,,,,,,,,,,,,,,,,,,,,,,,,,,,,,,,,,,,
,,,,,,,,,,,,,,,,,,,,,,,,,,,,,,,,,,,,,,,,,,,,,,,
,,,,,,,,,,,,,,,,,,,,,,,,,,,,,,,,,,,,,,,,,,,,,,,
,,,,,,,,,,,,,,,,,,,,,,,,,,,,,,,,,,,,,,,,,,,,,,,
,,,,,,,,,,,,,,,,,,,,,,,,,,,,,,,,,,,,,,,,,,,,,,,
,,,,,,,,,,,,,,,,,,,,,,,,,,,,,,,,,,,,,,,,,,,,,,,
,,,,,,,,,,,,,,,,,,,,,,,,,,,,,,,,,,,,,,,,,,,,,,,
,,,,,,,,,,,,,,,,,,,,,,,,,,,,,,,,,,,,,,,,,,,,,,,
,,,,,,,,,,,,,,,,,,,,,,,,,,,,,,,,,,,,,,,,,,,,,,,
,,,,,,,,,,,,,,,,,,,,,,,,,,,,,,,,,,,,,,,,,,,,,,,
,,,,,,,,,,,,,,,,,,,,,,,,,,,,,,,,,,,,,,,,,,,,,,,
,,,,,,,,,,,,,,,,,,,,,,,,,,,,,,,,,,,,,,,,,,,,,,,
,,,,,,,,,,,,,,,,,,,,,,,,,,,,,,,,,,,,,,,,,,,,,,,
,,,,,,,,,,,,,,,,,,,,,,,,,,,,,,,,,,,,,,,,,,,,,,,
,,,,,,,,,,,,,,,,,,,,,,,,,,,,,,,,,,,,,,,,,,,,,,,
,,,,,,,,,,,,,,,,,,,,,,,,,,,,,,,,,,,,,,,,,,,,,,,
,,,,,,,,,,,,,,,,,,,,,,,,,,,,,,,,,,,,,,,,,,,,,,,
,,,,,,,,,,,,,,,,,,,,,,,,,,,,,,,,,,,,,,,,,,,,,,,
,,,,,,,,,,,,,,,,,,,,,,,,,,,,,,,,,,,,,,,,,,,,,,,
,,,,,,,,,,,,,,,,,,,,,,,,,,,,,,,,,,,,,,,,,,,,,,,
,,,,,,,,,,,,,,,,,,,,,,,,,,,,,,,,,,,,,,,,,,,,,,,
,,,,,,,,,,,,,,,,,,,,,,,,,,,,,,,,,,,,,,,,,,,,,,,
,,,,,,,,,,,,,,,,,,,,,,,,,,,,,,,,,,,,,,,,,,,,,,,
